Mono path[0] = 'D:/SteamLibrary/steamapps/common/Subnautica/Subnautica_Data/Managed'
Mono config path = 'D:/SteamLibrary/steamapps/common/Subnautica/MonoBleedingEdge/etc'
Fallback handler could not load library D:/SteamLibrary/steamapps/common/Subnautica/Subnautica_Data/Mono/lib/usr/lib/libSystem.dylib
Fallback handler could not load library D:/SteamLibrary/steamapps/common/Subnautica/Subnautica_Data/Mono/lib/usr/lib/libSystem.dylib.dll
Fallback handler could not load library D:/SteamLibrary/steamapps/common/Subnautica/Subnautica_Data/Mono/lib/usr/lib/libSystem.dylib
Fallback handler could not load library D:/SteamLibrary/steamapps/common/Subnautica/Subnautica_Data/Mono/libc.so.6
Fallback handler could not load library D:/SteamLibrary/steamapps/common/Subnautica/Subnautica_Data/Mono/libc.so.6.dll
Fallback handler could not load library D:/SteamLibrary/steamapps/common/Subnautica/Subnautica_Data/Mono/libc.so.6
Fallback handler could not load library D:/SteamLibrary/steamapps/common/Subnautica/Subnautica_Data/Mono/data-000002A98DAECDE0.dll
Fallback handler could not load library D:/SteamLibrary/steamapps/common/Subnautica/Subnautica_Data/Mono/data-000002A98EADF360.dll
Initialize engine version: 2019.4.36f1 (870)
[Subsystems] Discovering subsystems at path D:/SteamLibrary/steamapps/common/Subnautica/Subnautica_Data/UnitySubsystems
GfxDevice: creating device client; threaded=1
Direct3D:
    Version:  Direct3D 11.0 [level 11.1]
    Renderer: NVIDIA GeForce RTX 3060 (ID=0x2504)
    Vendor:   
    VRAM:     12113 MB
    Driver:   32.0.15.9649
Begin MonoManager ReloadAssembly
- Completed reload, in  0.119 seconds
OnLevelWasLoaded was found on OVRScreenFade
This message has been deprecated and will be removed in a later version of Unity.
Add a delegate to SceneManager.sceneLoaded instead to get notifications after scene loading has completed 
(Filename:  Line: 369)

[Message:   BepInEx] BepInEx 5.4.23.3 - Subnautica (5/14/2026 7:15:47 AM)
[Info   :   BepInEx] Running under Unity v2019.4.36.870
[Info   :   BepInEx] CLR runtime version: 4.0.30319.42000
[Info   :   BepInEx] Supports SRE: True
[Info   :   BepInEx] System platform: Bits64, Windows
[Message:   BepInEx] Preloader started
[Info   :   BepInEx] Loaded 1 patcher method from [BepInEx.Preloader 5.4.23.3]
[Info   :   BepInEx] 1 patcher plugin loaded
[Info   :   BepInEx] Patching [UnityEngine.CoreModule] with [BepInEx.Chainloader]
[Message:   BepInEx] Preloader finished
[Message:   BepInEx] Chainloader ready
[Message:   BepInEx] Chainloader started
[Debug  :   BepInEx] Skipping loading D:\SteamLibrary\steamapps\common\Subnautica\BepInEx\plugins\SubnauticaModManager\libwebp_x64.dll because it's not a valid .NET assembly. Full error: Format of the executable (.exe) or library (.dll) is invalid.
[Debug  :   BepInEx] Skipping loading D:\SteamLibrary\steamapps\common\Subnautica\BepInEx\plugins\SubnauticaModManager\libwebp_x86.dll because it's not a valid .NET assembly. Full error: Format of the executable (.exe) or library (.dll) is invalid.
[Info   :   BepInEx] 32 plugins to load
[Info   :   BepInEx] Loading [AutoHarvest 0.4.4]
[Debug  :AutoHarvest] Plugin awake
[Info   :   BepInEx] Loading [Craft From Containers 0.3.3]
Fallback handler could not load library D:/SteamLibrary/steamapps/common/Subnautica/Subnautica_Data/Mono/data-000002AA6B7B7050.dll
Fallback handler could not load library D:/SteamLibrary/steamapps/common/Subnautica/Subnautica_Data/Mono/data-000002A98E10B1E0.dll
[Debug  :Craft From Containers] transpiling uGUI_RecipeEntry.UpdateIngredients
[Debug  :Craft From Containers] Found method
[Debug  :Craft From Containers] Plugin awake
[Info   :   BepInEx] Loading [Inventory Size 0.2.2]
Fallback handler could not load library D:/SteamLibrary/steamapps/common/Subnautica/Subnautica_Data/Mono/data-000002A98E10E210.dll
[Debug  :Inventory Size] transpiling Inventory.Awake
[Debug  :Inventory Size] Found dimensions, setting size to 6x40
[Debug  :Inventory Size] Plugin awake
[Info   :   BepInEx] Loading [Nautilus 1.0.0.50]
[Nautilus/Debug] [Nautilus] [NautilusConfig] Found 4 options to add to the menu.
[Nautilus/Info] Enable debug logs set to: False
[Info   :  Nautilus] Loading v1.0.0.50 for Subnautica
[Debug  :  Nautilus] PrefabDatabasePatcher is done.
[Debug  :  Nautilus] EnumPatcher is done.
[Debug  :  Nautilus] Found the following OnEnumRegister methods:OnButtonRegistered
OnTechTypeRegistered
[Debug  :  Nautilus] Adding enum register event for OnButtonRegistered
[Debug  :  Nautilus] Added enum register event for OnButtonRegistered<Button>
[Debug  :  Nautilus] Adding enum register event for OnTechTypeRegistered
[Debug  :  Nautilus] Added enum register event for OnTechTypeRegistered<TechType>
[Debug  :  Nautilus] CraftDataPatcher is done.
[Debug  :  Nautilus] CraftTreePatcher is done.
[Debug  :  Nautilus] ConsoleCommandsPatcher is done.
[Debug  :  Nautilus] LanguagePatcher is done.
[Debug  :  Nautilus] PrefabDatabasePostPatcher is done.
[Debug  :  Nautilus] SpritePatcher is done.
[Debug  :  Nautilus] ItemsContainerPatcher is done.
[Debug  :  Nautilus] PDAPatcher is done.
[Debug  :  Nautilus] ItemActionPatcher is done.
[Debug  :  Nautilus] LootDistributionPatcher is done.
[Debug  :  Nautilus] TooltipPatcher is done.
[Debug  :  Nautilus] SurvivalPatcher is done.
[Debug  :  Nautilus] CustomSoundPatcher is done.
[Debug  :  Nautilus] VehicleUpgradePatcher: attempting patch...
[Debug  :  Nautilus] Transpiling SeaMoth OnUpgradeModuleUse!
[Debug  :  Nautilus] VehicleUpgradesPatcher is done.
[Info   :  Nautilus] NewtonsoftJsonPatcher.InitializeValuesAndNamesTranspiler succeeded: True
[Debug  :  Nautilus] MainMenuPatcher is done.
[Info   :  Nautilus] Patched GameInputPatcher.
[Info   :   BepInEx] Loading [UtilitySlots 1.0.0]
[Info   :UtilitySlots] Awake
[UtilitySlots/LOG] Configuration loaded.
[UtilitySlots/LOG] Equipment slot mapping Patched!
[UtilitySlots/DEBUG] Listing Equipment SlotMapping...
[UtilitySlots/DEBUG] Slot: Head, EquipmentType: Head
[UtilitySlots/DEBUG] Slot: Body, EquipmentType: Body
[UtilitySlots/DEBUG] Slot: Gloves, EquipmentType: Gloves
[UtilitySlots/DEBUG] Slot: Foots, EquipmentType: Foots
[UtilitySlots/DEBUG] Slot: Chip1, EquipmentType: Chip
[UtilitySlots/DEBUG] Slot: Chip2, EquipmentType: Chip
[UtilitySlots/DEBUG] Slot: Tank, EquipmentType: Tank
[UtilitySlots/DEBUG] Slot: Module1, EquipmentType: CyclopsModule
[UtilitySlots/DEBUG] Slot: Module2, EquipmentType: CyclopsModule
[UtilitySlots/DEBUG] Slot: Module3, EquipmentType: CyclopsModule
[UtilitySlots/DEBUG] Slot: Module4, EquipmentType: CyclopsModule
[UtilitySlots/DEBUG] Slot: Module5, EquipmentType: CyclopsModule
[UtilitySlots/DEBUG] Slot: Module6, EquipmentType: CyclopsModule
[UtilitySlots/DEBUG] Slot: SeamothModule1, EquipmentType: SeamothModule
[UtilitySlots/DEBUG] Slot: SeamothModule2, EquipmentType: SeamothModule
[UtilitySlots/DEBUG] Slot: SeamothModule3, EquipmentType: SeamothModule
[UtilitySlots/DEBUG] Slot: SeamothModule4, EquipmentType: SeamothModule
[UtilitySlots/DEBUG] Slot: ExosuitModule1, EquipmentType: ExosuitModule
[UtilitySlots/DEBUG] Slot: ExosuitModule2, EquipmentType: ExosuitModule
[UtilitySlots/DEBUG] Slot: ExosuitModule3, EquipmentType: ExosuitModule
[UtilitySlots/DEBUG] Slot: ExosuitModule4, EquipmentType: ExosuitModule
[UtilitySlots/DEBUG] Slot: ExosuitArmLeft, EquipmentType: ExosuitArm
[UtilitySlots/DEBUG] Slot: ExosuitArmRight, EquipmentType: ExosuitArm
[UtilitySlots/DEBUG] Slot: NuclearReactor1, EquipmentType: NuclearReactor
[UtilitySlots/DEBUG] Slot: NuclearReactor2, EquipmentType: NuclearReactor
[UtilitySlots/DEBUG] Slot: NuclearReactor3, EquipmentType: NuclearReactor
[UtilitySlots/DEBUG] Slot: NuclearReactor4, EquipmentType: NuclearReactor
[UtilitySlots/DEBUG] Slot: BatteryCharger1, EquipmentType: BatteryCharger
[UtilitySlots/DEBUG] Slot: BatteryCharger2, EquipmentType: BatteryCharger
[UtilitySlots/DEBUG] Slot: BatteryCharger3, EquipmentType: BatteryCharger
[UtilitySlots/DEBUG] Slot: BatteryCharger4, EquipmentType: BatteryCharger
[UtilitySlots/DEBUG] Slot: PowerCellCharger1, EquipmentType: PowerCellCharger
[UtilitySlots/DEBUG] Slot: PowerCellCharger2, EquipmentType: PowerCellCharger
[UtilitySlots/DEBUG] Slot: DecoySlot1, EquipmentType: DecoySlot
[UtilitySlots/DEBUG] Slot: DecoySlot2, EquipmentType: DecoySlot
[UtilitySlots/DEBUG] Slot: DecoySlot3, EquipmentType: DecoySlot
[UtilitySlots/DEBUG] Slot: DecoySlot4, EquipmentType: DecoySlot
[UtilitySlots/DEBUG] Slot: DecoySlot5, EquipmentType: DecoySlot
[UtilitySlots/DEBUG] Slot: Chip3, EquipmentType: Chip
[UtilitySlots/DEBUG] Slot: Chip4, EquipmentType: Chip
[UtilitySlots/DEBUG] Slot: SeamothModule5, EquipmentType: SeamothModule
[UtilitySlots/DEBUG] Slot: SeamothModule6, EquipmentType: SeamothModule
[UtilitySlots/DEBUG] Slot: SeamothModule7, EquipmentType: SeamothModule
[UtilitySlots/DEBUG] Slot: SeamothModule8, EquipmentType: SeamothModule
[UtilitySlots/DEBUG] Slot: SeamothModule9, EquipmentType: SeamothModule
[UtilitySlots/DEBUG] Slot: SeamothModule10, EquipmentType: SeamothModule
[UtilitySlots/DEBUG] Slot: SeamothModule11, EquipmentType: SeamothModule
[UtilitySlots/DEBUG] Slot: SeamothModule12, EquipmentType: SeamothModule
[UtilitySlots/DEBUG] Slot: SeamothArmLeft, EquipmentType: 100
[UtilitySlots/DEBUG] Slot: SeamothArmRight, EquipmentType: 100
[UtilitySlots/DEBUG] Slot: ExosuitModule5, EquipmentType: ExosuitModule
[UtilitySlots/DEBUG] Slot: ExosuitModule6, EquipmentType: ExosuitModule
[UtilitySlots/DEBUG] Slot: ExosuitModule7, EquipmentType: ExosuitModule
[UtilitySlots/DEBUG] Slot: ExosuitModule8, EquipmentType: ExosuitModule
[UtilitySlots/DEBUG] Slot: ExosuitModule9, EquipmentType: ExosuitModule
[UtilitySlots/DEBUG] Slot: ExosuitModule10, EquipmentType: ExosuitModule
[UtilitySlots/DEBUG] Slot: ExosuitModule11, EquipmentType: ExosuitModule
[UtilitySlots/DEBUG] Slot: ExosuitModule12, EquipmentType: ExosuitModule
[UtilitySlots/DEBUG] Slot: Module7, EquipmentType: CyclopsModule
[UtilitySlots/DEBUG] Slot: Module8, EquipmentType: CyclopsModule
[UtilitySlots/DEBUG] Slot: Module9, EquipmentType: CyclopsModule
[UtilitySlots/DEBUG] Slot: Module10, EquipmentType: CyclopsModule
[UtilitySlots/DEBUG] Slot: Module11, EquipmentType: CyclopsModule
[UtilitySlots/DEBUG] Slot: Module12, EquipmentType: CyclopsModule
[UtilitySlots/DEBUG] Slot: Module13, EquipmentType: CyclopsModule
[UtilitySlots/DEBUG] Slot: Module14, EquipmentType: CyclopsModule
[UtilitySlots/DEBUG] Harmony Instance created, Name = [com.ayaelle.utilityslots]
[Info   :   BepInEx] Loading [Configuration Manager 18.4]
[Info   :   BepInEx] Loading [Quick Slots Plus 3.0.0]
[Debug  :  Nautilus] [QuickSlotsPlus] [StandardConfig] Found 7 options to add to the menu.
[Debug  :  Nautilus] GameInputButtonPatcher is initialized.
[Debug  :  Nautilus] Successfully added GameInputButton: 'Slot6' to Index: '48'
[Debug  :  Nautilus] Successfully added GameInputButton: 'Slot7' to Index: '49'
[Debug  :  Nautilus] Successfully added GameInputButton: 'Slot8' to Index: '50'
[Debug  :  Nautilus] Successfully added GameInputButton: 'Slot9' to Index: '51'
[Debug  :  Nautilus] Successfully added GameInputButton: 'Slot10' to Index: '52'
[Debug  :  Nautilus] Successfully added GameInputButton: 'Slot11' to Index: '53'
[Debug  :  Nautilus] Successfully added GameInputButton: 'Slot12' to Index: '54'
[Debug  :  Nautilus] Successfully added GameInputButton: 'Slot13' to Index: '55'
[Debug  :  Nautilus] Successfully added GameInputButton: 'Slot14' to Index: '56'
[Debug  :  Nautilus] Successfully added GameInputButton: 'Slot15' to Index: '57'
[Debug  :  Nautilus] Successfully added GameInputButton: 'Slot16' to Index: '58'
[Debug  :  Nautilus] Successfully added GameInputButton: 'Slot17' to Index: '59'
[Debug  :  Nautilus] Successfully added GameInputButton: 'Slot18' to Index: '60'
[Debug  :  Nautilus] Successfully added GameInputButton: 'Slot19' to Index: '61'
[Debug  :  Nautilus] Successfully added GameInputButton: 'Slot20' to Index: '62'
[Debug  :Inventory Size] transpiling Inventory.Awake
[Debug  :Inventory Size] Found dimensions, setting size to 6x40
[Info   :QuickSlots+] Transpiled Update method with new slotnames.
[Info   :QuickSlots+] Transpiled SelectInternal method with new slotnames.
[Info   :QuickSlots+] Transpiled DeselectInternal method with new slotnames.
[Info   :   BepInEx] Loading [Shoulder Flashlight 1.0.0]
[Info   :Shoulder Flashlight] Shoulder Flashlight 1.0.0 loading.
[Debug  :  Nautilus] Successfully added GameInputButton: 'ShoulderFlashlightToggle' to Index: '68'
[Info   :Shoulder Flashlight] Registered shoulder flashlight toggle in Options > Mod Input.
[Info   :Shoulder Flashlight] Registering Shoulder flashlight item.
[Debug  :  Nautilus] TechTypePatcher is initialized.
[Debug  :  Nautilus] Successfully added TechType: 'ShoulderFlashlight' to Index: '10024'
[Info   :Shoulder Flashlight] Created TechType: ShoulderFlashlight.
[Debug  :  Nautilus] Prefab 'ShoulderFlashlight' was not automatically registered into a crafting tree.
[Debug  :  Nautilus] Added "ShoulderFlashlight" to groups under "Personal->Tools"
[Info   :Shoulder Flashlight] Shoulder flashlight registered in Fabricator > Personal > Tools.
[Info   :Shoulder Flashlight] Shoulder flashlight blueprint is unlocked on start and when Flashlight is unlocked.
[Info   :Shoulder Flashlight] Shoulder flashlight controller started. Bind 'ShoulderFlashlightToggle' in Options > Mod Input.
[Info   :Shoulder Flashlight] Shoulder Flashlight loaded.
[Info   :   BepInEx] Loading [SubnauticaModManager for BepInEx 1.2.4]
[Info   :   BepInEx] Loading [MR_AlchemyQuickCraft 1.0.46]
[Info   :MR_AlchemyQuickCraft] MR_AlchemyQuickCraft v1.0.46 loaded. OpenKey=F6  ControllerKey=JoystickButton6
[Info   :   BepInEx] Loading [MadesRedo_NoFoodDecay 1.0.4]
[Info   :MadesRedo_NoFoodDecay] [NFD] Patched Eatable.Awake
[Warning:  HarmonyX] AccessTools.Method: Could not find method for type Eatable and name Start and parameters 
[Warning:  HarmonyX] AccessTools.Method: Could not find method for type Eatable and name OnEnable and parameters 
[Warning:  HarmonyX] AccessTools.Method: Could not find method for type Eatable and name OnAwake and parameters 
[Warning:  HarmonyX] AccessTools.Method: Could not find method for type Eatable and name Initialize and parameters 
[Warning:  HarmonyX] AccessTools.Method: Could not find method for type Eatable and name Init and parameters 
[Warning:  HarmonyX] AccessTools.Method: Could not find method for type Eatable and name OnStart and parameters 
[Info   :MadesRedo_NoFoodDecay] [NFD] Patched DayNightCycle.Update
[Info   :MadesRedo_NoFoodDecay] MadesRedo_NoFoodDecay v1.0.4 loaded.
[Info   :   BepInEx] Loading [PowerHungryBases 1.9.4]
[Info   :PowerHungryBases] [PHB] Nautilus room resolved: 'BaseLargeRoom' tt=BaseLargeRoom
[Info   :PowerHungryBases] [PHB] Nautilus room resolved: 'BaseGlassDome' tt=BaseGlassDome
[Info   :PowerHungryBases] [PHB] Nautilus room resolved: 'BaseLargeGlassDome' tt=BaseLargeGlassDome
[Info   :PowerHungryBases] PowerHungryBases v1.9.4 loaded. 37 consumer types, 4 generator types. GlobalMultiplier=3.00  GlobalGeneratorsMultiplier=5.00
[Info   :   BepInEx] Loading [Warpers No Warping 1.0.2]
[Info   :   BepInEx] Loading [NanoTankMod 2.0.0]
[Info   :NanoTankMod] === NanoTankMod STARTING ===
[Debug  :  Nautilus] Successfully added TechType: 'NanoTank' to Index: '10025'
[Debug  :  Nautilus] Added "NanoTank" to groups under "Workbench->Workbench"
[Debug  :  Nautilus] Successfully added TechType: 'SyntheticTank' to Index: '10026'
[Debug  :  Nautilus] Added "SyntheticTank" to groups under "Workbench->Workbench"
[Info   :NanoTankMod] NanoTankMod v2.0.0 LOADED SUCCESSFULLY!
[Info   :   BepInEx] Loading [AchievementUnlocker 5.0.0]
[Debug  :  Nautilus] [AchievementUnlocker] [Config] Found 3 options to add to the menu.
[Info   :AchievementUnlocker] Loading harmony patches for 'AchievementUnlocker 5.0.0'
[Info   :AchievementUnlocker] Loaded harmony patches for 'AchievementUnlocker 5.0.0'
[Info   :   BepInEx] Loading [DisableOptionsTabs 5.0.0]
[Debug  :  Nautilus] [DisableOptionsTabs] [Config] Found 8 options to add to the menu.
[Info   :DisableOptionsTabs] Loading harmony patches for 'DisableOptionsTabs 5.0.0'
[Info   :DisableOptionsTabs] Loaded harmony patches for 'DisableOptionsTabs 5.0.0'
[Info   :   BepInEx] Loading [EnableAchievements 5.0.0]
[Debug  :  Nautilus] [EnableAchievements] [Config] Found 4 options to add to the menu.
[Info   :EnableAchievements] Loading harmony patches for 'EnableAchievements 5.0.0'
[Info   :EnableAchievements] Loaded harmony patches for 'EnableAchievements 5.0.0'
[Info   :   BepInEx] Loading [FindMyUpdates 2.0.0]
[Debug  :  Nautilus] [FindMyUpdates] [Config] Found 24 options to add to the menu.
[Info   :FindMyUpdates] Loading harmony patches for 'FindMyUpdates 2.0.0'
[Info   :FindMyUpdates] Loaded harmony patches for 'FindMyUpdates 2.0.0'
[Info   :   BepInEx] Loading [KeepInventoryRedux 1.0.0]
[Debug  :  Nautilus] [KeepInventoryRedux] [Config] Found 13 options to add to the menu.
[Info   :KeepInventoryRedux] Loading harmony patches for 'KeepInventoryRedux 1.0.0'
[Info   :KeepInventoryRedux] Loaded harmony patches for 'KeepInventoryRedux 1.0.0'
[Info   :   BepInEx] Loading [RamunesFasterBuilding 5.0.0]
[Debug  :  Nautilus] [RamunesFasterBuilding] [Config] Found 6 options to add to the menu.
[Info   :RamunesFasterBuilding] Loading harmony patches for 'RamunesFasterBuilding 5.0.0'
[Info   :RamunesFasterBuilding] Loaded harmony patches for 'RamunesFasterBuilding 5.0.0'
[Info   :   BepInEx] Loading [RamunesFasterCrafting 5.0.0]
[Debug  :  Nautilus] [RamunesFasterCrafting] [Config] Found 6 options to add to the menu.
[Info   :RamunesFasterCrafting] Loading harmony patches for 'RamunesFasterCrafting 5.0.0'
[Info   :RamunesFasterCrafting] Loaded harmony patches for 'RamunesFasterCrafting 5.0.0'
[Info   :   BepInEx] Loading [RamunesFasterGrowing 1.0.0]
[Debug  :  Nautilus] [RamunesFasterGrowing] [Config] Found 6 options to add to the menu.
[Info   :RamunesFasterGrowing] Loading harmony patches for 'RamunesFasterGrowing 1.0.0'
[Info   :RamunesFasterGrowing] Loaded harmony patches for 'RamunesFasterGrowing 1.0.0'
[Info   :   BepInEx] Loading [RamunesFasterScanning 5.0.0]
[Debug  :  Nautilus] [RamunesFasterScanning] [Config] Found 6 options to add to the menu.
[Info   :RamunesFasterScanning] Loading harmony patches for 'RamunesFasterScanning 5.0.0'
[Info   :RamunesFasterScanning] Loaded harmony patches for 'RamunesFasterScanning 5.0.0'
[Info   :   BepInEx] Loading [FragmentTweaker 1.0.0]
[Info   :FragmentTweaker] Handling 42 fragments!
[Info   :FragmentTweaker] Plugin FragmentTweaker is loaded!
[Info   :   BepInEx] Loading [Mades Redo Inventory Stacking 1.5.14]
[Debug  :  Nautilus] [MR_InventoryStacking] [MRConfig] Found 5 options to add to the menu.
[Warning:  HarmonyX] AccessTools.TypeByName: Could not find type named BioReactor
[Info   :Mades Redo Inventory Stacking] MRStackData registered for protobuf save data.
[Debug  :Craft From Containers] transpiling uGUI_RecipeEntry.UpdateIngredients
[Debug  :Craft From Containers] Found method
[Debug  :Craft From Containers] transpiling uGUI_RecipeEntry.UpdateIngredients
[Debug  :Craft From Containers] Found method
[Info   :Mades Redo Inventory Stacking] Mades Redo Inventory Stacking loaded. Adjust max stack under Mods in game options.
[Info   :   BepInEx] Loading [Mades Redo Level Up Bonuses 2.0.15]
[Debug  :  Nautilus] [MR_LevelUpBonuses] [MrLevelUpOptions] Found 7 options to add to the menu.
[Info   :Mades Redo Level Up Bonuses] [MR_LevelUp] Stats dashboard: DashboardKeyName=Insert -> KeyCode=Insert; Keyboard.current is null=True; resolvedKeyboardDevice=False; Gamepad.current is null=True; resolvedGamepadDevice=False; gamepadToggle=off
[Warning:  HarmonyX] AccessTools.Method: Could not find method for type LiveMixin and name TakeDamage and parameters (float, UnityEngine.Transform, DamageType, UnityEngine.GameObject)
[Warning:  HarmonyX] AccessTools.Method: Could not find method for type LiveMixin and name TakeDamage and parameters (float, UnityEngine.Transform, DamageType, UnityEngine.GameObject)
[Warning:  HarmonyX] AccessTools.Method: Could not find method for type IngameMenu and name SaveGame and parameters (bool)
[Info   :Mades Redo Level Up Bonuses] [MR_LevelUp] Patched save routine.
[Info   :Mades Redo Level Up Bonuses] Mades Redo Level Up Bonuses loaded. Stats: dashboard hotkey (Options → Mods) and optional gamepad (BepInEx config → Hotkeys → GamepadDashboardButton). PDA: use the LevelUp tab (last on the tab strip) for the same progression panel.
[Info   :   BepInEx] Loading [Page Scroll Inventory Keys 2.0.0]
[Info   :Page Scroll Inventory Keys] [PSIK] Loaded (native mouse scroll version)
[Info   :   BepInEx] Loading [Player Health Extended 1.0.2]
[Debug  :  Nautilus] [MadesRedo-PHE] [PHEOptions] Found 12 options to add to the menu.
[Error  :  HarmonyX] Failed to patch bool LiveMixin::TakeDamage(float originalDamage, UnityEngine.Vector3 position, DamageType type, UnityEngine.GameObject dealer): System.Exception: Parameter "damage" not found in method bool LiveMixin::TakeDamage(float originalDamage, UnityEngine.Vector3 position, DamageType type, UnityEngine.GameObject dealer)
  at HarmonyLib.Public.Patching.HarmonyManipulator.EmitCallParameter (System.Reflection.MethodInfo patch, System.Boolean allowFirsParamPassthrough, Mono.Cecil.Cil.VariableDefinition& tmpObjectVar, System.Collections.Generic.List`1[HarmonyLib.Public.Patching.HarmonyManipulator+ArgumentBoxInfo]& tmpBoxVars) [0x007ae] in <474744d65d8e460fa08cd5fd82b5d65f>:0 
  at HarmonyLib.Public.Patching.HarmonyManipulator.WritePrefixes (HarmonyLib.Internal.Util.ILEmitter+Label returnLabel) [0x00179] in <474744d65d8e460fa08cd5fd82b5d65f>:0 
  at HarmonyLib.Public.Patching.HarmonyManipulator.WriteImpl () [0x0022c] in <474744d65d8e460fa08cd5fd82b5d65f>:0 
Exception: Parameter "damage" not found in method bool LiveMixin::TakeDamage(float originalDamage, UnityEngine.Vector3 position, DamageType type, UnityEngine.GameObject dealer)
  at HarmonyLib.Public.Patching.HarmonyManipulator.EmitCallParameter (System.Reflection.MethodInfo patch, System.Boolean allowFirsParamPassthrough, Mono.Cecil.Cil.VariableDefinition& tmpObjectVar, System.Collections.Generic.List`1[HarmonyLib.Public.Patching.HarmonyManipulator+ArgumentBoxInfo]& tmpBoxVars) [0x007ae] in <474744d65d8e460fa08cd5fd82b5d65f>:0 
  at HarmonyLib.Public.Patching.HarmonyManipulator.WritePrefixes (HarmonyLib.Internal.Util.ILEmitter+Label returnLabel) [0x00179] in <474744d65d8e460fa08cd5fd82b5d65f>:0 
  at HarmonyLib.Public.Patching.HarmonyManipulator.WriteImpl () [0x0022c] in <474744d65d8e460fa08cd5fd82b5d65f>:0 
Rethrow as HarmonyException: IL Compile Error (unknown location)
  at HarmonyLib.Public.Patching.HarmonyManipulator.WriteImpl () [0x00378] in <474744d65d8e460fa08cd5fd82b5d65f>:0 
  at HarmonyLib.Public.Patching.HarmonyManipulator.Process (MonoMod.Cil.ILContext ilContext, System.Reflection.MethodBase originalMethod) [0x00042] in <474744d65d8e460fa08cd5fd82b5d65f>:0 
  at HarmonyLib.Public.Patching.HarmonyManipulator.Manipulate (System.Reflection.MethodBase original, HarmonyLib.PatchInfo patchInfo, MonoMod.Cil.ILContext ctx) [0x00006] in <474744d65d8e460fa08cd5fd82b5d65f>:0 
  at HarmonyLib.Public.Patching.HarmonyManipulator.Manipulate (System.Reflection.MethodBase original, MonoMod.Cil.ILContext ctx) [0x00007] in <474744d65d8e460fa08cd5fd82b5d65f>:0 
  at HarmonyLib.Public.Patching.ManagedMethodPatcher.Manipulator (MonoMod.Cil.ILContext ctx) [0x00012] in <474744d65d8e460fa08cd5fd82b5d65f>:0 
  at MonoMod.Cil.ILContext.Invoke (MonoMod.Cil.ILContext+Manipulator manip) [0x00087] in <6733e342b5b549bba815373898724469>:0 
  at MonoMod.RuntimeDetour.ILHook+Context.InvokeManipulator (Mono.Cecil.MethodDefinition def, MonoMod.Cil.ILContext+Manipulator cb) [0x00012] in <4e2760c7517c4ea79c633d67e84b319f>:0 
  at (wrapper dynamic-method) MonoMod.RuntimeDetour.ILHook+Context.DMD<MonoMod.RuntimeDetour.ILHook+Context::Refresh>(MonoMod.RuntimeDetour.ILHook/Context)
  at (wrapper dynamic-method) MonoMod.Utils.DynamicMethodDefinition.Trampoline<MonoMod.RuntimeDetour.ILHook+Context::Refresh>?-1489090560(object)
  at HarmonyLib.Internal.RuntimeFixes.StackTraceFixes.OnILChainRefresh (System.Object self) [0x00000] in <474744d65d8e460fa08cd5fd82b5d65f>:0 
  at MonoMod.RuntimeDetour.ILHook.Apply () [0x00059] in <4e2760c7517c4ea79c633d67e84b319f>:0 
  at HarmonyLib.Public.Patching.ManagedMethodPatcher.DetourTo (System.Reflection.MethodBase replacement) [0x00047] in <474744d65d8e460fa08cd5fd82b5d65f>:0 
Rethrow as HarmonyException: IL Compile Error (unknown location)
  at HarmonyLib.Public.Patching.ManagedMethodPatcher.DetourTo (System.Reflection.MethodBase replacement) [0x0005f] in <474744d65d8e460fa08cd5fd82b5d65f>:0 
  at HarmonyLib.PatchFunctions.UpdateWrapper (System.Reflection.MethodBase original, HarmonyLib.PatchInfo patchInfo) [0x00033] in <474744d65d8e460fa08cd5fd82b5d65f>:0 
Rethrow as HarmonyException: IL Compile Error (unknown location)
  at HarmonyLib.PatchClassProcessor.ReportException (System.Exception exception, System.Reflection.MethodBase original) [0x00045] in <474744d65d8e460fa08cd5fd82b5d65f>:0 
  at HarmonyLib.PatchClassProcessor.Patch () [0x00095] in <474744d65d8e460fa08cd5fd82b5d65f>:0 
  at HarmonyLib.Harmony.<PatchAll>b__11_0 (System.Type type) [0x00007] in <474744d65d8e460fa08cd5fd82b5d65f>:0 
  at HarmonyLib.CollectionExtensions.Do[T] (System.Collections.Generic.IEnumerable`1[T] sequence, System.Action`1[T] action) [0x00014] in <474744d65d8e460fa08cd5fd82b5d65f>:0 
  at HarmonyLib.Harmony.PatchAll (System.Reflection.Assembly assembly) [0x00006] in <474744d65d8e460fa08cd5fd82b5d65f>:0 
  at HarmonyLib.Harmony.PatchAll () [0x0001b] in <474744d65d8e460fa08cd5fd82b5d65f>:0 
  at PlayerHealthExtended.PHEPlugin.Awake () [0x0001b] in <283af631854843a2a4ed8e1f7cabd510>:0 
UnityEngine.GameObject:Internal_AddComponentWithType(Type)
UnityEngine.GameObject:AddComponent(Type)
BepInEx.Bootstrap.Chainloader:Start()
UnityEngine.Application:.cctor()
UnityEngine.InputSystem.InputManager:InitializeData()
UnityEngine.InputSystem.InputManager:Initialize(IInputRuntime, InputSettings)
UnityEngine.InputSystem.InputSystem:InitializeInPlayer(IInputRuntime, InputSettings)
UnityEngine.InputSystem.InputSystem:.cctor()
 
(Filename: <474744d65d8e460fa08cd5fd82b5d65f> Line: 0)

[Info   :   BepInEx] Loading [Resources from Scanning 1.4]
[Debug  :  Nautilus] [ResourcesFromScanning] [ModOptions] Found 24 options to add to the menu.
[Info   :Resources from Scanning] Resources from Scanning 1.4 loaded.
[Info   :   BepInEx] Loading [MoreChipSlots 1.0.0.0]
[Info   :MoreChipSlots] MoreChipSlots plugin has been loaded!
[Info   :   BepInEx] Loading [Tweaks and Fixes 4.17.1]
[Info   :   BepInEx] Loading [EasyCraft 1.1.6]
[EasyCraft] Patched
[Message:   BepInEx] Chainloader startup complete
<RI> Initializing input.

New input system (experimental) initialized
<RI> Input initialized.

<RI> Initialized touch support.

UnloadTime: 2.064100 ms
[Debug  :  Nautilus] Successfully added GameInputButton: 'TF_move_all_items' to Index: '63'
[Debug  :  Nautilus] Successfully added GameInputButton: 'TF_move_same_items' to Index: '64'
[Debug  :  Nautilus] Successfully added GameInputButton: 'TF_previous_PDA_tab' to Index: '65'
[Debug  :  Nautilus] Successfully added GameInputButton: 'TF_next_PDA_tab' to Index: '66'
[Debug  :  Nautilus] Successfully added GameInputButton: 'TF_quick_slot_cycle' to Index: '67'
[Debug  :  Nautilus] Transpiling SeaMoth OnUpgradeModuleUse!
[Error  :  HarmonyX] Failed to patch bool LiveMixin::TakeDamage(float originalDamage, UnityEngine.Vector3 position, DamageType type, UnityEngine.GameObject dealer): System.Exception: Parameter "damage" not found in method bool LiveMixin::TakeDamage(float originalDamage, UnityEngine.Vector3 position, DamageType type, UnityEngine.GameObject dealer)
  at HarmonyLib.Public.Patching.HarmonyManipulator.EmitCallParameter (System.Reflection.MethodInfo patch, System.Boolean allowFirsParamPassthrough, Mono.Cecil.Cil.VariableDefinition& tmpObjectVar, System.Collections.Generic.List`1[HarmonyLib.Public.Patching.HarmonyManipulator+ArgumentBoxInfo]& tmpBoxVars) [0x007ae] in <474744d65d8e460fa08cd5fd82b5d65f>:0 
  at HarmonyLib.Public.Patching.HarmonyManipulator.WritePrefixes (HarmonyLib.Internal.Util.ILEmitter+Label returnLabel) [0x00179] in <474744d65d8e460fa08cd5fd82b5d65f>:0 
  at HarmonyLib.Public.Patching.HarmonyManipulator.WriteImpl () [0x0022c] in <474744d65d8e460fa08cd5fd82b5d65f>:0 
Exception: Parameter "damage" not found in method bool LiveMixin::TakeDamage(float originalDamage, UnityEngine.Vector3 position, DamageType type, UnityEngine.GameObject dealer)
  at HarmonyLib.Public.Patching.HarmonyManipulator.EmitCallParameter (System.Reflection.MethodInfo patch, System.Boolean allowFirsParamPassthrough, Mono.Cecil.Cil.VariableDefinition& tmpObjectVar, System.Collections.Generic.List`1[HarmonyLib.Public.Patching.HarmonyManipulator+ArgumentBoxInfo]& tmpBoxVars) [0x007ae] in <474744d65d8e460fa08cd5fd82b5d65f>:0 
  at HarmonyLib.Public.Patching.HarmonyManipulator.WritePrefixes (HarmonyLib.Internal.Util.ILEmitter+Label returnLabel) [0x00179] in <474744d65d8e460fa08cd5fd82b5d65f>:0 
  at HarmonyLib.Public.Patching.HarmonyManipulator.WriteImpl () [0x0022c] in <474744d65d8e460fa08cd5fd82b5d65f>:0 
Rethrow as HarmonyException: IL Compile Error (unknown location)
  at HarmonyLib.Public.Patching.HarmonyManipulator.WriteImpl () [0x00378] in <474744d65d8e460fa08cd5fd82b5d65f>:0 
  at HarmonyLib.Public.Patching.HarmonyManipulator.Process (MonoMod.Cil.ILContext ilContext, System.Reflection.MethodBase originalMethod) [0x00042] in <474744d65d8e460fa08cd5fd82b5d65f>:0 
  at HarmonyLib.Public.Patching.HarmonyManipulator.Manipulate (System.Reflection.MethodBase original, HarmonyLib.PatchInfo patchInfo, MonoMod.Cil.ILContext ctx) [0x00006] in <474744d65d8e460fa08cd5fd82b5d65f>:0 
  at HarmonyLib.Public.Patching.HarmonyManipulator.Manipulate (System.Reflection.MethodBase original, MonoMod.Cil.ILContext ctx) [0x00007] in <474744d65d8e460fa08cd5fd82b5d65f>:0 
  at HarmonyLib.Public.Patching.ManagedMethodPatcher.Manipulator (MonoMod.Cil.ILContext ctx) [0x00012] in <474744d65d8e460fa08cd5fd82b5d65f>:0 
  at MonoMod.Cil.ILContext.Invoke (MonoMod.Cil.ILContext+Manipulator manip) [0x00087] in <6733e342b5b549bba815373898724469>:0 
  at MonoMod.RuntimeDetour.ILHook+Context.InvokeManipulator (Mono.Cecil.MethodDefinition def, MonoMod.Cil.ILContext+Manipulator cb) [0x00012] in <4e2760c7517c4ea79c633d67e84b319f>:0 
  at (wrapper dynamic-method) MonoMod.RuntimeDetour.ILHook+Context.DMD<MonoMod.RuntimeDetour.ILHook+Context::Refresh>(MonoMod.RuntimeDetour.ILHook/Context)
  at (wrapper dynamic-method) MonoMod.Utils.DynamicMethodDefinition.Trampoline<MonoMod.RuntimeDetour.ILHook+Context::Refresh>?-1489090560(object)
  at HarmonyLib.Internal.RuntimeFixes.StackTraceFixes.OnILChainRefresh (System.Object self) [0x00000] in <474744d65d8e460fa08cd5fd82b5d65f>:0 
  at MonoMod.RuntimeDetour.ILHook.Apply () [0x00059] in <4e2760c7517c4ea79c633d67e84b319f>:0 
  at HarmonyLib.Public.Patching.ManagedMethodPatcher.DetourTo (System.Reflection.MethodBase replacement) [0x00047] in <474744d65d8e460fa08cd5fd82b5d65f>:0 
Rethrow as HarmonyException: IL Compile Error (unknown location)
  at HarmonyLib.Public.Patching.ManagedMethodPatcher.DetourTo (System.Reflection.MethodBase replacement) [0x0005f] in <474744d65d8e460fa08cd5fd82b5d65f>:0 
  at HarmonyLib.PatchFunctions.UpdateWrapper (System.Reflection.MethodBase original, HarmonyLib.PatchInfo patchInfo) [0x00033] in <474744d65d8e460fa08cd5fd82b5d65f>:0 
Rethrow as HarmonyException: IL Compile Error (unknown location)
  at HarmonyLib.PatchClassProcessor.ReportException (System.Exception exception, System.Reflection.MethodBase original) [0x00045] in <474744d65d8e460fa08cd5fd82b5d65f>:0 
  at HarmonyLib.PatchClassProcessor.Patch () [0x00095] in <474744d65d8e460fa08cd5fd82b5d65f>:0 
  at HarmonyLib.Harmony.<PatchAll>b__11_0 (System.Type type) [0x00007] in <474744d65d8e460fa08cd5fd82b5d65f>:0 
  at HarmonyLib.CollectionExtensions.Do[T] (System.Collections.Generic.IEnumerable`1[T] sequence, System.Action`1[T] action) [0x00014] in <474744d65d8e460fa08cd5fd82b5d65f>:0 
  at HarmonyLib.Harmony.PatchAll (System.Reflection.Assembly assembly) [0x00006] in <474744d65d8e460fa08cd5fd82b5d65f>:0 
  at HarmonyLib.Harmony.PatchAll () [0x0001b] in <474744d65d8e460fa08cd5fd82b5d65f>:0 
  at Tweaks_Fixes.Main.Setup () [0x0006a] in <a8cff12f2efd497fa195252822746a57>:0 
  at Tweaks_Fixes.Main.Start () [0x00001] in <a8cff12f2efd497fa195252822746a57>:0 
 
(Filename: <474744d65d8e460fa08cd5fd82b5d65f> Line: 0)

[Debug  :   BepInEx] [UnityInput] Using LegacyInputSystem
NullReferenceException: Object reference not set to an instance of an object
  at GameInput.HasFlag (GameInput+Button action, GameInput+InputStateFlags flag) [0x00009] in <c055c80802d14a9db359fbdc91eb371c>:0 
  at GameInput.GetButtonDown (GameInput+Button action) [0x00000] in <c055c80802d14a9db359fbdc91eb371c>:0 
  at ShoulderFlashlightMod.ShoulderFlashlightController.HandleToggleInput () [0x00005] in <c653b02de2b04aef933b0671d2b3e246>:0 
  at ShoulderFlashlightMod.ShoulderFlashlightController.Update () [0x00000] in <c653b02de2b04aef933b0671d2b3e246>:0 
 
(Filename: <c055c80802d14a9db359fbdc91eb371c> Line: 0)

NullReferenceException: Object reference not set to an instance of an object
  at GameInput.HasFlag (GameInput+Button action, GameInput+InputStateFlags flag) [0x00009] in <c055c80802d14a9db359fbdc91eb371c>:0 
  at GameInput.GetButtonDown (GameInput+Button action) [0x00000] in <c055c80802d14a9db359fbdc91eb371c>:0 
  at ShoulderFlashlightMod.ShoulderFlashlightController.HandleToggleInput () [0x00005] in <c653b02de2b04aef933b0671d2b3e246>:0 
  at ShoulderFlashlightMod.ShoulderFlashlightController.Update () [0x00000] in <c653b02de2b04aef933b0671d2b3e246>:0 
 
(Filename: <c055c80802d14a9db359fbdc91eb371c> Line: 0)

NullReferenceException: Object reference not set to an instance of an object
  at GameInput.HasFlag (GameInput+Button action, GameInput+InputStateFlags flag) [0x00009] in <c055c80802d14a9db359fbdc91eb371c>:0 
  at GameInput.GetButtonDown (GameInput+Button action) [0x00000] in <c055c80802d14a9db359fbdc91eb371c>:0 
  at ShoulderFlashlightMod.ShoulderFlashlightController.HandleToggleInput () [0x00005] in <c653b02de2b04aef933b0671d2b3e246>:0 
  at ShoulderFlashlightMod.ShoulderFlashlightController.Update () [0x00000] in <c653b02de2b04aef933b0671d2b3e246>:0 
 
(Filename: <c055c80802d14a9db359fbdc91eb371c> Line: 0)

NullReferenceException: Object reference not set to an instance of an object
  at GameInput.HasFlag (GameInput+Button action, GameInput+InputStateFlags flag) [0x00009] in <c055c80802d14a9db359fbdc91eb371c>:0 
  at GameInput.GetButtonDown (GameInput+Button action) [0x00000] in <c055c80802d14a9db359fbdc91eb371c>:0 
  at ShoulderFlashlightMod.ShoulderFlashlightController.HandleToggleInput () [0x00005] in <c653b02de2b04aef933b0671d2b3e246>:0 
  at ShoulderFlashlightMod.ShoulderFlashlightController.Update () [0x00000] in <c653b02de2b04aef933b0671d2b3e246>:0 
 
(Filename: <c055c80802d14a9db359fbdc91eb371c> Line: 0)

NullReferenceException: Object reference not set to an instance of an object
  at GameInput.HasFlag (GameInput+Button action, GameInput+InputStateFlags flag) [0x00009] in <c055c80802d14a9db359fbdc91eb371c>:0 
  at GameInput.GetButtonDown (GameInput+Button action) [0x00000] in <c055c80802d14a9db359fbdc91eb371c>:0 
  at ShoulderFlashlightMod.ShoulderFlashlightController.HandleToggleInput () [0x00005] in <c653b02de2b04aef933b0671d2b3e246>:0 
  at ShoulderFlashlightMod.ShoulderFlashlightController.Update () [0x00000] in <c653b02de2b04aef933b0671d2b3e246>:0 
 
(Filename: <c055c80802d14a9db359fbdc91eb371c> Line: 0)

NullReferenceException: Object reference not set to an instance of an object
  at GameInput.HasFlag (GameInput+Button action, GameInput+InputStateFlags flag) [0x00009] in <c055c80802d14a9db359fbdc91eb371c>:0 
  at GameInput.GetButtonDown (GameInput+Button action) [0x00000] in <c055c80802d14a9db359fbdc91eb371c>:0 
  at ShoulderFlashlightMod.ShoulderFlashlightController.HandleToggleInput () [0x00005] in <c653b02de2b04aef933b0671d2b3e246>:0 
  at ShoulderFlashlightMod.ShoulderFlashlightController.Update () [0x00000] in <c653b02de2b04aef933b0671d2b3e246>:0 
 
(Filename: <c055c80802d14a9db359fbdc91eb371c> Line: 0)

NullReferenceException: Object reference not set to an instance of an object
  at GameInput.HasFlag (GameInput+Button action, GameInput+InputStateFlags flag) [0x00009] in <c055c80802d14a9db359fbdc91eb371c>:0 
  at GameInput.GetButtonDown (GameInput+Button action) [0x00000] in <c055c80802d14a9db359fbdc91eb371c>:0 
  at ShoulderFlashlightMod.ShoulderFlashlightController.HandleToggleInput () [0x00005] in <c653b02de2b04aef933b0671d2b3e246>:0 
  at ShoulderFlashlightMod.ShoulderFlashlightController.Update () [0x00000] in <c653b02de2b04aef933b0671d2b3e246>:0 
 
(Filename: <c055c80802d14a9db359fbdc91eb371c> Line: 0)

NullReferenceException: Object reference not set to an instance of an object
  at GameInput.HasFlag (GameInput+Button action, GameInput+InputStateFlags flag) [0x00009] in <c055c80802d14a9db359fbdc91eb371c>:0 
  at GameInput.GetButtonDown (GameInput+Button action) [0x00000] in <c055c80802d14a9db359fbdc91eb371c>:0 
  at ShoulderFlashlightMod.ShoulderFlashlightController.HandleToggleInput () [0x00005] in <c653b02de2b04aef933b0671d2b3e246>:0 
  at ShoulderFlashlightMod.ShoulderFlashlightController.Update () [0x00000] in <c653b02de2b04aef933b0671d2b3e246>:0 
 
(Filename: <c055c80802d14a9db359fbdc91eb371c> Line: 0)

NullReferenceException: Object reference not set to an instance of an object
  at GameInput.HasFlag (GameInput+Button action, GameInput+InputStateFlags flag) [0x00009] in <c055c80802d14a9db359fbdc91eb371c>:0 
  at GameInput.GetButtonDown (GameInput+Button action) [0x00000] in <c055c80802d14a9db359fbdc91eb371c>:0 
  at ShoulderFlashlightMod.ShoulderFlashlightController.HandleToggleInput () [0x00005] in <c653b02de2b04aef933b0671d2b3e246>:0 
  at ShoulderFlashlightMod.ShoulderFlashlightController.Update () [0x00000] in <c653b02de2b04aef933b0671d2b3e246>:0 
 
(Filename: <c055c80802d14a9db359fbdc91eb371c> Line: 0)

NullReferenceException: Object reference not set to an instance of an object
  at GameInput.HasFlag (GameInput+Button action, GameInput+InputStateFlags flag) [0x00009] in <c055c80802d14a9db359fbdc91eb371c>:0 
  at GameInput.GetButtonDown (GameInput+Button action) [0x00000] in <c055c80802d14a9db359fbdc91eb371c>:0 
  at ShoulderFlashlightMod.ShoulderFlashlightController.HandleToggleInput () [0x00005] in <c653b02de2b04aef933b0671d2b3e246>:0 
  at ShoulderFlashlightMod.ShoulderFlashlightController.Update () [0x00000] in <c653b02de2b04aef933b0671d2b3e246>:0 
 
(Filename: <c055c80802d14a9db359fbdc91eb371c> Line: 0)

NullReferenceException: Object reference not set to an instance of an object
  at GameInput.HasFlag (GameInput+Button action, GameInput+InputStateFlags flag) [0x00009] in <c055c80802d14a9db359fbdc91eb371c>:0 
  at GameInput.GetButtonDown (GameInput+Button action) [0x00000] in <c055c80802d14a9db359fbdc91eb371c>:0 
  at ShoulderFlashlightMod.ShoulderFlashlightController.HandleToggleInput () [0x00005] in <c653b02de2b04aef933b0671d2b3e246>:0 
  at ShoulderFlashlightMod.ShoulderFlashlightController.Update () [0x00000] in <c653b02de2b04aef933b0671d2b3e246>:0 
 
(Filename: <c055c80802d14a9db359fbdc91eb371c> Line: 0)

NullReferenceException: Object reference not set to an instance of an object
  at GameInput.HasFlag (GameInput+Button action, GameInput+InputStateFlags flag) [0x00009] in <c055c80802d14a9db359fbdc91eb371c>:0 
  at GameInput.GetButtonDown (GameInput+Button action) [0x00000] in <c055c80802d14a9db359fbdc91eb371c>:0 
  at ShoulderFlashlightMod.ShoulderFlashlightController.HandleToggleInput () [0x00005] in <c653b02de2b04aef933b0671d2b3e246>:0 
  at ShoulderFlashlightMod.ShoulderFlashlightController.Update () [0x00000] in <c653b02de2b04aef933b0671d2b3e246>:0 
 
(Filename: <c055c80802d14a9db359fbdc91eb371c> Line: 0)

NullReferenceException: Object reference not set to an instance of an object
  at GameInput.HasFlag (GameInput+Button action, GameInput+InputStateFlags flag) [0x00009] in <c055c80802d14a9db359fbdc91eb371c>:0 
  at GameInput.GetButtonDown (GameInput+Button action) [0x00000] in <c055c80802d14a9db359fbdc91eb371c>:0 
  at ShoulderFlashlightMod.ShoulderFlashlightController.HandleToggleInput () [0x00005] in <c653b02de2b04aef933b0671d2b3e246>:0 
  at ShoulderFlashlightMod.ShoulderFlashlightController.Update () [0x00000] in <c653b02de2b04aef933b0671d2b3e246>:0 
 
(Filename: <c055c80802d14a9db359fbdc91eb371c> Line: 0)

NullReferenceException: Object reference not set to an instance of an object
  at GameInput.HasFlag (GameInput+Button action, GameInput+InputStateFlags flag) [0x00009] in <c055c80802d14a9db359fbdc91eb371c>:0 
  at GameInput.GetButtonDown (GameInput+Button action) [0x00000] in <c055c80802d14a9db359fbdc91eb371c>:0 
  at ShoulderFlashlightMod.ShoulderFlashlightController.HandleToggleInput () [0x00005] in <c653b02de2b04aef933b0671d2b3e246>:0 
  at ShoulderFlashlightMod.ShoulderFlashlightController.Update () [0x00000] in <c653b02de2b04aef933b0671d2b3e246>:0 
 
(Filename: <c055c80802d14a9db359fbdc91eb371c> Line: 0)

NullReferenceException: Object reference not set to an instance of an object
  at GameInput.HasFlag (GameInput+Button action, GameInput+InputStateFlags flag) [0x00009] in <c055c80802d14a9db359fbdc91eb371c>:0 
  at GameInput.GetButtonDown (GameInput+Button action) [0x00000] in <c055c80802d14a9db359fbdc91eb371c>:0 
  at ShoulderFlashlightMod.ShoulderFlashlightController.HandleToggleInput () [0x00005] in <c653b02de2b04aef933b0671d2b3e246>:0 
  at ShoulderFlashlightMod.ShoulderFlashlightController.Update () [0x00000] in <c653b02de2b04aef933b0671d2b3e246>:0 
 
(Filename: <c055c80802d14a9db359fbdc91eb371c> Line: 0)

NullReferenceException: Object reference not set to an instance of an object
  at GameInput.HasFlag (GameInput+Button action, GameInput+InputStateFlags flag) [0x00009] in <c055c80802d14a9db359fbdc91eb371c>:0 
  at GameInput.GetButtonDown (GameInput+Button action) [0x00000] in <c055c80802d14a9db359fbdc91eb371c>:0 
  at ShoulderFlashlightMod.ShoulderFlashlightController.HandleToggleInput () [0x00005] in <c653b02de2b04aef933b0671d2b3e246>:0 
  at ShoulderFlashlightMod.ShoulderFlashlightController.Update () [0x00000] in <c653b02de2b04aef933b0671d2b3e246>:0 
 
(Filename: <c055c80802d14a9db359fbdc91eb371c> Line: 0)

NullReferenceException: Object reference not set to an instance of an object
  at GameInput.HasFlag (GameInput+Button action, GameInput+InputStateFlags flag) [0x00009] in <c055c80802d14a9db359fbdc91eb371c>:0 
  at GameInput.GetButtonDown (GameInput+Button action) [0x00000] in <c055c80802d14a9db359fbdc91eb371c>:0 
  at ShoulderFlashlightMod.ShoulderFlashlightController.HandleToggleInput () [0x00005] in <c653b02de2b04aef933b0671d2b3e246>:0 
  at ShoulderFlashlightMod.ShoulderFlashlightController.Update () [0x00000] in <c653b02de2b04aef933b0671d2b3e246>:0 
 
(Filename: <c055c80802d14a9db359fbdc91eb371c> Line: 0)

NullReferenceException: Object reference not set to an instance of an object
  at GameInput.HasFlag (GameInput+Button action, GameInput+InputStateFlags flag) [0x00009] in <c055c80802d14a9db359fbdc91eb371c>:0 
  at GameInput.GetButtonDown (GameInput+Button action) [0x00000] in <c055c80802d14a9db359fbdc91eb371c>:0 
  at ShoulderFlashlightMod.ShoulderFlashlightController.HandleToggleInput () [0x00005] in <c653b02de2b04aef933b0671d2b3e246>:0 
  at ShoulderFlashlightMod.ShoulderFlashlightController.Update () [0x00000] in <c653b02de2b04aef933b0671d2b3e246>:0 
 
(Filename: <c055c80802d14a9db359fbdc91eb371c> Line: 0)

NullReferenceException: Object reference not set to an instance of an object
  at GameInput.HasFlag (GameInput+Button action, GameInput+InputStateFlags flag) [0x00009] in <c055c80802d14a9db359fbdc91eb371c>:0 
  at GameInput.GetButtonDown (GameInput+Button action) [0x00000] in <c055c80802d14a9db359fbdc91eb371c>:0 
  at ShoulderFlashlightMod.ShoulderFlashlightController.HandleToggleInput () [0x00005] in <c653b02de2b04aef933b0671d2b3e246>:0 
  at ShoulderFlashlightMod.ShoulderFlashlightController.Update () [0x00000] in <c653b02de2b04aef933b0671d2b3e246>:0 
 
(Filename: <c055c80802d14a9db359fbdc91eb371c> Line: 0)

NullReferenceException: Object reference not set to an instance of an object
  at GameInput.HasFlag (GameInput+Button action, GameInput+InputStateFlags flag) [0x00009] in <c055c80802d14a9db359fbdc91eb371c>:0 
  at GameInput.GetButtonDown (GameInput+Button action) [0x00000] in <c055c80802d14a9db359fbdc91eb371c>:0 
  at ShoulderFlashlightMod.ShoulderFlashlightController.HandleToggleInput () [0x00005] in <c653b02de2b04aef933b0671d2b3e246>:0 
  at ShoulderFlashlightMod.ShoulderFlashlightController.Update () [0x00000] in <c653b02de2b04aef933b0671d2b3e246>:0 
 
(Filename: <c055c80802d14a9db359fbdc91eb371c> Line: 0)

NullReferenceException: Object reference not set to an instance of an object
  at GameInput.HasFlag (GameInput+Button action, GameInput+InputStateFlags flag) [0x00009] in <c055c80802d14a9db359fbdc91eb371c>:0 
  at GameInput.GetButtonDown (GameInput+Button action) [0x00000] in <c055c80802d14a9db359fbdc91eb371c>:0 
  at ShoulderFlashlightMod.ShoulderFlashlightController.HandleToggleInput () [0x00005] in <c653b02de2b04aef933b0671d2b3e246>:0 
  at ShoulderFlashlightMod.ShoulderFlashlightController.Update () [0x00000] in <c653b02de2b04aef933b0671d2b3e246>:0 
 
(Filename: <c055c80802d14a9db359fbdc91eb371c> Line: 0)

NullReferenceException: Object reference not set to an instance of an object
  at GameInput.HasFlag (GameInput+Button action, GameInput+InputStateFlags flag) [0x00009] in <c055c80802d14a9db359fbdc91eb371c>:0 
  at GameInput.GetButtonDown (GameInput+Button action) [0x00000] in <c055c80802d14a9db359fbdc91eb371c>:0 
  at ShoulderFlashlightMod.ShoulderFlashlightController.HandleToggleInput () [0x00005] in <c653b02de2b04aef933b0671d2b3e246>:0 
  at ShoulderFlashlightMod.ShoulderFlashlightController.Update () [0x00000] in <c653b02de2b04aef933b0671d2b3e246>:0 
 
(Filename: <c055c80802d14a9db359fbdc91eb371c> Line: 0)

NullReferenceException: Object reference not set to an instance of an object
  at GameInput.HasFlag (GameInput+Button action, GameInput+InputStateFlags flag) [0x00009] in <c055c80802d14a9db359fbdc91eb371c>:0 
  at GameInput.GetButtonDown (GameInput+Button action) [0x00000] in <c055c80802d14a9db359fbdc91eb371c>:0 
  at ShoulderFlashlightMod.ShoulderFlashlightController.HandleToggleInput () [0x00005] in <c653b02de2b04aef933b0671d2b3e246>:0 
  at ShoulderFlashlightMod.ShoulderFlashlightController.Update () [0x00000] in <c653b02de2b04aef933b0671d2b3e246>:0 
 
(Filename: <c055c80802d14a9db359fbdc91eb371c> Line: 0)

NullReferenceException: Object reference not set to an instance of an object
  at GameInput.HasFlag (GameInput+Button action, GameInput+InputStateFlags flag) [0x00009] in <c055c80802d14a9db359fbdc91eb371c>:0 
  at GameInput.GetButtonDown (GameInput+Button action) [0x00000] in <c055c80802d14a9db359fbdc91eb371c>:0 
  at ShoulderFlashlightMod.ShoulderFlashlightController.HandleToggleInput () [0x00005] in <c653b02de2b04aef933b0671d2b3e246>:0 
  at ShoulderFlashlightMod.ShoulderFlashlightController.Update () [0x00000] in <c653b02de2b04aef933b0671d2b3e246>:0 
 
(Filename: <c055c80802d14a9db359fbdc91eb371c> Line: 0)

NullReferenceException: Object reference not set to an instance of an object
  at GameInput.HasFlag (GameInput+Button action, GameInput+InputStateFlags flag) [0x00009] in <c055c80802d14a9db359fbdc91eb371c>:0 
  at GameInput.GetButtonDown (GameInput+Button action) [0x00000] in <c055c80802d14a9db359fbdc91eb371c>:0 
  at ShoulderFlashlightMod.ShoulderFlashlightController.HandleToggleInput () [0x00005] in <c653b02de2b04aef933b0671d2b3e246>:0 
  at ShoulderFlashlightMod.ShoulderFlashlightController.Update () [0x00000] in <c653b02de2b04aef933b0671d2b3e246>:0 
 
(Filename: <c055c80802d14a9db359fbdc91eb371c> Line: 0)

NullReferenceException: Object reference not set to an instance of an object
  at GameInput.HasFlag (GameInput+Button action, GameInput+InputStateFlags flag) [0x00009] in <c055c80802d14a9db359fbdc91eb371c>:0 
  at GameInput.GetButtonDown (GameInput+Button action) [0x00000] in <c055c80802d14a9db359fbdc91eb371c>:0 
  at ShoulderFlashlightMod.ShoulderFlashlightController.HandleToggleInput () [0x00005] in <c653b02de2b04aef933b0671d2b3e246>:0 
  at ShoulderFlashlightMod.ShoulderFlashlightController.Update () [0x00000] in <c653b02de2b04aef933b0671d2b3e246>:0 
 
(Filename: <c055c80802d14a9db359fbdc91eb371c> Line: 0)

NullReferenceException: Object reference not set to an instance of an object
  at GameInput.HasFlag (GameInput+Button action, GameInput+InputStateFlags flag) [0x00009] in <c055c80802d14a9db359fbdc91eb371c>:0 
  at GameInput.GetButtonDown (GameInput+Button action) [0x00000] in <c055c80802d14a9db359fbdc91eb371c>:0 
  at ShoulderFlashlightMod.ShoulderFlashlightController.HandleToggleInput () [0x00005] in <c653b02de2b04aef933b0671d2b3e246>:0 
  at ShoulderFlashlightMod.ShoulderFlashlightController.Update () [0x00000] in <c653b02de2b04aef933b0671d2b3e246>:0 
 
(Filename: <c055c80802d14a9db359fbdc91eb371c> Line: 0)

NullReferenceException: Object reference not set to an instance of an object
  at GameInput.HasFlag (GameInput+Button action, GameInput+InputStateFlags flag) [0x00009] in <c055c80802d14a9db359fbdc91eb371c>:0 
  at GameInput.GetButtonDown (GameInput+Button action) [0x00000] in <c055c80802d14a9db359fbdc91eb371c>:0 
  at ShoulderFlashlightMod.ShoulderFlashlightController.HandleToggleInput () [0x00005] in <c653b02de2b04aef933b0671d2b3e246>:0 
  at ShoulderFlashlightMod.ShoulderFlashlightController.Update () [0x00000] in <c653b02de2b04aef933b0671d2b3e246>:0 
 
(Filename: <c055c80802d14a9db359fbdc91eb371c> Line: 0)

NullReferenceException: Object reference not set to an instance of an object
  at GameInput.HasFlag (GameInput+Button action, GameInput+InputStateFlags flag) [0x00009] in <c055c80802d14a9db359fbdc91eb371c>:0 
  at GameInput.GetButtonDown (GameInput+Button action) [0x00000] in <c055c80802d14a9db359fbdc91eb371c>:0 
  at ShoulderFlashlightMod.ShoulderFlashlightController.HandleToggleInput () [0x00005] in <c653b02de2b04aef933b0671d2b3e246>:0 
  at ShoulderFlashlightMod.ShoulderFlashlightController.Update () [0x00000] in <c653b02de2b04aef933b0671d2b3e246>:0 
 
(Filename: <c055c80802d14a9db359fbdc91eb371c> Line: 0)

NullReferenceException: Object reference not set to an instance of an object
  at GameInput.HasFlag (GameInput+Button action, GameInput+InputStateFlags flag) [0x00009] in <c055c80802d14a9db359fbdc91eb371c>:0 
  at GameInput.GetButtonDown (GameInput+Button action) [0x00000] in <c055c80802d14a9db359fbdc91eb371c>:0 
  at ShoulderFlashlightMod.ShoulderFlashlightController.HandleToggleInput () [0x00005] in <c653b02de2b04aef933b0671d2b3e246>:0 
  at ShoulderFlashlightMod.ShoulderFlashlightController.Update () [0x00000] in <c653b02de2b04aef933b0671d2b3e246>:0 
 
(Filename: <c055c80802d14a9db359fbdc91eb371c> Line: 0)

NullReferenceException: Object reference not set to an instance of an object
  at GameInput.HasFlag (GameInput+Button action, GameInput+InputStateFlags flag) [0x00009] in <c055c80802d14a9db359fbdc91eb371c>:0 
  at GameInput.GetButtonDown (GameInput+Button action) [0x00000] in <c055c80802d14a9db359fbdc91eb371c>:0 
  at ShoulderFlashlightMod.ShoulderFlashlightController.HandleToggleInput () [0x00005] in <c653b02de2b04aef933b0671d2b3e246>:0 
  at ShoulderFlashlightMod.ShoulderFlashlightController.Update () [0x00000] in <c653b02de2b04aef933b0671d2b3e246>:0 
 
(Filename: <c055c80802d14a9db359fbdc91eb371c> Line: 0)

NullReferenceException: Object reference not set to an instance of an object
  at GameInput.HasFlag (GameInput+Button action, GameInput+InputStateFlags flag) [0x00009] in <c055c80802d14a9db359fbdc91eb371c>:0 
  at GameInput.GetButtonDown (GameInput+Button action) [0x00000] in <c055c80802d14a9db359fbdc91eb371c>:0 
  at ShoulderFlashlightMod.ShoulderFlashlightController.HandleToggleInput () [0x00005] in <c653b02de2b04aef933b0671d2b3e246>:0 
  at ShoulderFlashlightMod.ShoulderFlashlightController.Update () [0x00000] in <c653b02de2b04aef933b0671d2b3e246>:0 
 
(Filename: <c055c80802d14a9db359fbdc91eb371c> Line: 0)

NullReferenceException: Object reference not set to an instance of an object
  at GameInput.HasFlag (GameInput+Button action, GameInput+InputStateFlags flag) [0x00009] in <c055c80802d14a9db359fbdc91eb371c>:0 
  at GameInput.GetButtonDown (GameInput+Button action) [0x00000] in <c055c80802d14a9db359fbdc91eb371c>:0 
  at ShoulderFlashlightMod.ShoulderFlashlightController.HandleToggleInput () [0x00005] in <c653b02de2b04aef933b0671d2b3e246>:0 
  at ShoulderFlashlightMod.ShoulderFlashlightController.Update () [0x00000] in <c653b02de2b04aef933b0671d2b3e246>:0 
 
(Filename: <c055c80802d14a9db359fbdc91eb371c> Line: 0)

NullReferenceException: Object reference not set to an instance of an object
  at GameInput.HasFlag (GameInput+Button action, GameInput+InputStateFlags flag) [0x00009] in <c055c80802d14a9db359fbdc91eb371c>:0 
  at GameInput.GetButtonDown (GameInput+Button action) [0x00000] in <c055c80802d14a9db359fbdc91eb371c>:0 
  at ShoulderFlashlightMod.ShoulderFlashlightController.HandleToggleInput () [0x00005] in <c653b02de2b04aef933b0671d2b3e246>:0 
  at ShoulderFlashlightMod.ShoulderFlashlightController.Update () [0x00000] in <c653b02de2b04aef933b0671d2b3e246>:0 
 
(Filename: <c055c80802d14a9db359fbdc91eb371c> Line: 0)

NullReferenceException: Object reference not set to an instance of an object
  at GameInput.HasFlag (GameInput+Button action, GameInput+InputStateFlags flag) [0x00009] in <c055c80802d14a9db359fbdc91eb371c>:0 
  at GameInput.GetButtonDown (GameInput+Button action) [0x00000] in <c055c80802d14a9db359fbdc91eb371c>:0 
  at ShoulderFlashlightMod.ShoulderFlashlightController.HandleToggleInput () [0x00005] in <c653b02de2b04aef933b0671d2b3e246>:0 
  at ShoulderFlashlightMod.ShoulderFlashlightController.Update () [0x00000] in <c653b02de2b04aef933b0671d2b3e246>:0 
 
(Filename: <c055c80802d14a9db359fbdc91eb371c> Line: 0)

NullReferenceException: Object reference not set to an instance of an object
  at GameInput.HasFlag (GameInput+Button action, GameInput+InputStateFlags flag) [0x00009] in <c055c80802d14a9db359fbdc91eb371c>:0 
  at GameInput.GetButtonDown (GameInput+Button action) [0x00000] in <c055c80802d14a9db359fbdc91eb371c>:0 
  at ShoulderFlashlightMod.ShoulderFlashlightController.HandleToggleInput () [0x00005] in <c653b02de2b04aef933b0671d2b3e246>:0 
  at ShoulderFlashlightMod.ShoulderFlashlightController.Update () [0x00000] in <c653b02de2b04aef933b0671d2b3e246>:0 
 
(Filename: <c055c80802d14a9db359fbdc91eb371c> Line: 0)

NullReferenceException: Object reference not set to an instance of an object
  at GameInput.HasFlag (GameInput+Button action, GameInput+InputStateFlags flag) [0x00009] in <c055c80802d14a9db359fbdc91eb371c>:0 
  at GameInput.GetButtonDown (GameInput+Button action) [0x00000] in <c055c80802d14a9db359fbdc91eb371c>:0 
  at ShoulderFlashlightMod.ShoulderFlashlightController.HandleToggleInput () [0x00005] in <c653b02de2b04aef933b0671d2b3e246>:0 
  at ShoulderFlashlightMod.ShoulderFlashlightController.Update () [0x00000] in <c653b02de2b04aef933b0671d2b3e246>:0 
 
(Filename: <c055c80802d14a9db359fbdc91eb371c> Line: 0)

NullReferenceException: Object reference not set to an instance of an object
  at GameInput.HasFlag (GameInput+Button action, GameInput+InputStateFlags flag) [0x00009] in <c055c80802d14a9db359fbdc91eb371c>:0 
  at GameInput.GetButtonDown (GameInput+Button action) [0x00000] in <c055c80802d14a9db359fbdc91eb371c>:0 
  at ShoulderFlashlightMod.ShoulderFlashlightController.HandleToggleInput () [0x00005] in <c653b02de2b04aef933b0671d2b3e246>:0 
  at ShoulderFlashlightMod.ShoulderFlashlightController.Update () [0x00000] in <c653b02de2b04aef933b0671d2b3e246>:0 
 
(Filename: <c055c80802d14a9db359fbdc91eb371c> Line: 0)

NullReferenceException: Object reference not set to an instance of an object
  at GameInput.HasFlag (GameInput+Button action, GameInput+InputStateFlags flag) [0x00009] in <c055c80802d14a9db359fbdc91eb371c>:0 
  at GameInput.GetButtonDown (GameInput+Button action) [0x00000] in <c055c80802d14a9db359fbdc91eb371c>:0 
  at ShoulderFlashlightMod.ShoulderFlashlightController.HandleToggleInput () [0x00005] in <c653b02de2b04aef933b0671d2b3e246>:0 
  at ShoulderFlashlightMod.ShoulderFlashlightController.Update () [0x00000] in <c653b02de2b04aef933b0671d2b3e246>:0 
 
(Filename: <c055c80802d14a9db359fbdc91eb371c> Line: 0)

NullReferenceException: Object reference not set to an instance of an object
  at GameInput.HasFlag (GameInput+Button action, GameInput+InputStateFlags flag) [0x00009] in <c055c80802d14a9db359fbdc91eb371c>:0 
  at GameInput.GetButtonDown (GameInput+Button action) [0x00000] in <c055c80802d14a9db359fbdc91eb371c>:0 
  at ShoulderFlashlightMod.ShoulderFlashlightController.HandleToggleInput () [0x00005] in <c653b02de2b04aef933b0671d2b3e246>:0 
  at ShoulderFlashlightMod.ShoulderFlashlightController.Update () [0x00000] in <c653b02de2b04aef933b0671d2b3e246>:0 
 
(Filename: <c055c80802d14a9db359fbdc91eb371c> Line: 0)

NullReferenceException: Object reference not set to an instance of an object
  at GameInput.HasFlag (GameInput+Button action, GameInput+InputStateFlags flag) [0x00009] in <c055c80802d14a9db359fbdc91eb371c>:0 
  at GameInput.GetButtonDown (GameInput+Button action) [0x00000] in <c055c80802d14a9db359fbdc91eb371c>:0 
  at ShoulderFlashlightMod.ShoulderFlashlightController.HandleToggleInput () [0x00005] in <c653b02de2b04aef933b0671d2b3e246>:0 
  at ShoulderFlashlightMod.ShoulderFlashlightController.Update () [0x00000] in <c653b02de2b04aef933b0671d2b3e246>:0 
 
(Filename: <c055c80802d14a9db359fbdc91eb371c> Line: 0)

NullReferenceException: Object reference not set to an instance of an object
  at GameInput.HasFlag (GameInput+Button action, GameInput+InputStateFlags flag) [0x00009] in <c055c80802d14a9db359fbdc91eb371c>:0 
  at GameInput.GetButtonDown (GameInput+Button action) [0x00000] in <c055c80802d14a9db359fbdc91eb371c>:0 
  at ShoulderFlashlightMod.ShoulderFlashlightController.HandleToggleInput () [0x00005] in <c653b02de2b04aef933b0671d2b3e246>:0 
  at ShoulderFlashlightMod.ShoulderFlashlightController.Update () [0x00000] in <c653b02de2b04aef933b0671d2b3e246>:0 
 
(Filename: <c055c80802d14a9db359fbdc91eb371c> Line: 0)

NullReferenceException: Object reference not set to an instance of an object
  at GameInput.HasFlag (GameInput+Button action, GameInput+InputStateFlags flag) [0x00009] in <c055c80802d14a9db359fbdc91eb371c>:0 
  at GameInput.GetButtonDown (GameInput+Button action) [0x00000] in <c055c80802d14a9db359fbdc91eb371c>:0 
  at ShoulderFlashlightMod.ShoulderFlashlightController.HandleToggleInput () [0x00005] in <c653b02de2b04aef933b0671d2b3e246>:0 
  at ShoulderFlashlightMod.ShoulderFlashlightController.Update () [0x00000] in <c653b02de2b04aef933b0671d2b3e246>:0 
 
(Filename: <c055c80802d14a9db359fbdc91eb371c> Line: 0)

NullReferenceException: Object reference not set to an instance of an object
  at GameInput.HasFlag (GameInput+Button action, GameInput+InputStateFlags flag) [0x00009] in <c055c80802d14a9db359fbdc91eb371c>:0 
  at GameInput.GetButtonDown (GameInput+Button action) [0x00000] in <c055c80802d14a9db359fbdc91eb371c>:0 
  at ShoulderFlashlightMod.ShoulderFlashlightController.HandleToggleInput () [0x00005] in <c653b02de2b04aef933b0671d2b3e246>:0 
  at ShoulderFlashlightMod.ShoulderFlashlightController.Update () [0x00000] in <c653b02de2b04aef933b0671d2b3e246>:0 
 
(Filename: <c055c80802d14a9db359fbdc91eb371c> Line: 0)

NullReferenceException: Object reference not set to an instance of an object
  at GameInput.HasFlag (GameInput+Button action, GameInput+InputStateFlags flag) [0x00009] in <c055c80802d14a9db359fbdc91eb371c>:0 
  at GameInput.GetButtonDown (GameInput+Button action) [0x00000] in <c055c80802d14a9db359fbdc91eb371c>:0 
  at ShoulderFlashlightMod.ShoulderFlashlightController.HandleToggleInput () [0x00005] in <c653b02de2b04aef933b0671d2b3e246>:0 
  at ShoulderFlashlightMod.ShoulderFlashlightController.Update () [0x00000] in <c653b02de2b04aef933b0671d2b3e246>:0 
 
(Filename: <c055c80802d14a9db359fbdc91eb371c> Line: 0)

NullReferenceException: Object reference not set to an instance of an object
  at GameInput.HasFlag (GameInput+Button action, GameInput+InputStateFlags flag) [0x00009] in <c055c80802d14a9db359fbdc91eb371c>:0 
  at GameInput.GetButtonDown (GameInput+Button action) [0x00000] in <c055c80802d14a9db359fbdc91eb371c>:0 
  at ShoulderFlashlightMod.ShoulderFlashlightController.HandleToggleInput () [0x00005] in <c653b02de2b04aef933b0671d2b3e246>:0 
  at ShoulderFlashlightMod.ShoulderFlashlightController.Update () [0x00000] in <c653b02de2b04aef933b0671d2b3e246>:0 
 
(Filename: <c055c80802d14a9db359fbdc91eb371c> Line: 0)

NullReferenceException: Object reference not set to an instance of an object
  at GameInput.HasFlag (GameInput+Button action, GameInput+InputStateFlags flag) [0x00009] in <c055c80802d14a9db359fbdc91eb371c>:0 
  at GameInput.GetButtonDown (GameInput+Button action) [0x00000] in <c055c80802d14a9db359fbdc91eb371c>:0 
  at ShoulderFlashlightMod.ShoulderFlashlightController.HandleToggleInput () [0x00005] in <c653b02de2b04aef933b0671d2b3e246>:0 
  at ShoulderFlashlightMod.ShoulderFlashlightController.Update () [0x00000] in <c653b02de2b04aef933b0671d2b3e246>:0 
 
(Filename: <c055c80802d14a9db359fbdc91eb371c> Line: 0)

NullReferenceException: Object reference not set to an instance of an object
  at GameInput.HasFlag (GameInput+Button action, GameInput+InputStateFlags flag) [0x00009] in <c055c80802d14a9db359fbdc91eb371c>:0 
  at GameInput.GetButtonDown (GameInput+Button action) [0x00000] in <c055c80802d14a9db359fbdc91eb371c>:0 
  at ShoulderFlashlightMod.ShoulderFlashlightController.HandleToggleInput () [0x00005] in <c653b02de2b04aef933b0671d2b3e246>:0 
  at ShoulderFlashlightMod.ShoulderFlashlightController.Update () [0x00000] in <c653b02de2b04aef933b0671d2b3e246>:0 
 
(Filename: <c055c80802d14a9db359fbdc91eb371c> Line: 0)

NullReferenceException: Object reference not set to an instance of an object
  at GameInput.HasFlag (GameInput+Button action, GameInput+InputStateFlags flag) [0x00009] in <c055c80802d14a9db359fbdc91eb371c>:0 
  at GameInput.GetButtonDown (GameInput+Button action) [0x00000] in <c055c80802d14a9db359fbdc91eb371c>:0 
  at ShoulderFlashlightMod.ShoulderFlashlightController.HandleToggleInput () [0x00005] in <c653b02de2b04aef933b0671d2b3e246>:0 
  at ShoulderFlashlightMod.ShoulderFlashlightController.Update () [0x00000] in <c653b02de2b04aef933b0671d2b3e246>:0 
 
(Filename: <c055c80802d14a9db359fbdc91eb371c> Line: 0)

NullReferenceException: Object reference not set to an instance of an object
  at GameInput.HasFlag (GameInput+Button action, GameInput+InputStateFlags flag) [0x00009] in <c055c80802d14a9db359fbdc91eb371c>:0 
  at GameInput.GetButtonDown (GameInput+Button action) [0x00000] in <c055c80802d14a9db359fbdc91eb371c>:0 
  at ShoulderFlashlightMod.ShoulderFlashlightController.HandleToggleInput () [0x00005] in <c653b02de2b04aef933b0671d2b3e246>:0 
  at ShoulderFlashlightMod.ShoulderFlashlightController.Update () [0x00000] in <c653b02de2b04aef933b0671d2b3e246>:0 
 
(Filename: <c055c80802d14a9db359fbdc91eb371c> Line: 0)

NullReferenceException: Object reference not set to an instance of an object
  at GameInput.HasFlag (GameInput+Button action, GameInput+InputStateFlags flag) [0x00009] in <c055c80802d14a9db359fbdc91eb371c>:0 
  at GameInput.GetButtonDown (GameInput+Button action) [0x00000] in <c055c80802d14a9db359fbdc91eb371c>:0 
  at ShoulderFlashlightMod.ShoulderFlashlightController.HandleToggleInput () [0x00005] in <c653b02de2b04aef933b0671d2b3e246>:0 
  at ShoulderFlashlightMod.ShoulderFlashlightController.Update () [0x00000] in <c653b02de2b04aef933b0671d2b3e246>:0 
 
(Filename: <c055c80802d14a9db359fbdc91eb371c> Line: 0)

NullReferenceException: Object reference not set to an instance of an object
  at GameInput.HasFlag (GameInput+Button action, GameInput+InputStateFlags flag) [0x00009] in <c055c80802d14a9db359fbdc91eb371c>:0 
  at GameInput.GetButtonDown (GameInput+Button action) [0x00000] in <c055c80802d14a9db359fbdc91eb371c>:0 
  at ShoulderFlashlightMod.ShoulderFlashlightController.HandleToggleInput () [0x00005] in <c653b02de2b04aef933b0671d2b3e246>:0 
  at ShoulderFlashlightMod.ShoulderFlashlightController.Update () [0x00000] in <c653b02de2b04aef933b0671d2b3e246>:0 
 
(Filename: <c055c80802d14a9db359fbdc91eb371c> Line: 0)

NullReferenceException: Object reference not set to an instance of an object
  at GameInput.HasFlag (GameInput+Button action, GameInput+InputStateFlags flag) [0x00009] in <c055c80802d14a9db359fbdc91eb371c>:0 
  at GameInput.GetButtonDown (GameInput+Button action) [0x00000] in <c055c80802d14a9db359fbdc91eb371c>:0 
  at ShoulderFlashlightMod.ShoulderFlashlightController.HandleToggleInput () [0x00005] in <c653b02de2b04aef933b0671d2b3e246>:0 
  at ShoulderFlashlightMod.ShoulderFlashlightController.Update () [0x00000] in <c653b02de2b04aef933b0671d2b3e246>:0 
 
(Filename: <c055c80802d14a9db359fbdc91eb371c> Line: 0)

NullReferenceException: Object reference not set to an instance of an object
  at GameInput.HasFlag (GameInput+Button action, GameInput+InputStateFlags flag) [0x00009] in <c055c80802d14a9db359fbdc91eb371c>:0 
  at GameInput.GetButtonDown (GameInput+Button action) [0x00000] in <c055c80802d14a9db359fbdc91eb371c>:0 
  at ShoulderFlashlightMod.ShoulderFlashlightController.HandleToggleInput () [0x00005] in <c653b02de2b04aef933b0671d2b3e246>:0 
  at ShoulderFlashlightMod.ShoulderFlashlightController.Update () [0x00000] in <c653b02de2b04aef933b0671d2b3e246>:0 
 
(Filename: <c055c80802d14a9db359fbdc91eb371c> Line: 0)

NullReferenceException: Object reference not set to an instance of an object
  at GameInput.HasFlag (GameInput+Button action, GameInput+InputStateFlags flag) [0x00009] in <c055c80802d14a9db359fbdc91eb371c>:0 
  at GameInput.GetButtonDown (GameInput+Button action) [0x00000] in <c055c80802d14a9db359fbdc91eb371c>:0 
  at ShoulderFlashlightMod.ShoulderFlashlightController.HandleToggleInput () [0x00005] in <c653b02de2b04aef933b0671d2b3e246>:0 
  at ShoulderFlashlightMod.ShoulderFlashlightController.Update () [0x00000] in <c653b02de2b04aef933b0671d2b3e246>:0 
 
(Filename: <c055c80802d14a9db359fbdc91eb371c> Line: 0)

NullReferenceException: Object reference not set to an instance of an object
  at GameInput.HasFlag (GameInput+Button action, GameInput+InputStateFlags flag) [0x00009] in <c055c80802d14a9db359fbdc91eb371c>:0 
  at GameInput.GetButtonDown (GameInput+Button action) [0x00000] in <c055c80802d14a9db359fbdc91eb371c>:0 
  at ShoulderFlashlightMod.ShoulderFlashlightController.HandleToggleInput () [0x00005] in <c653b02de2b04aef933b0671d2b3e246>:0 
  at ShoulderFlashlightMod.ShoulderFlashlightController.Update () [0x00000] in <c653b02de2b04aef933b0671d2b3e246>:0 
 
(Filename: <c055c80802d14a9db359fbdc91eb371c> Line: 0)

NullReferenceException: Object reference not set to an instance of an object
  at GameInput.HasFlag (GameInput+Button action, GameInput+InputStateFlags flag) [0x00009] in <c055c80802d14a9db359fbdc91eb371c>:0 
  at GameInput.GetButtonDown (GameInput+Button action) [0x00000] in <c055c80802d14a9db359fbdc91eb371c>:0 
  at ShoulderFlashlightMod.ShoulderFlashlightController.HandleToggleInput () [0x00005] in <c653b02de2b04aef933b0671d2b3e246>:0 
  at ShoulderFlashlightMod.ShoulderFlashlightController.Update () [0x00000] in <c653b02de2b04aef933b0671d2b3e246>:0 
 
(Filename: <c055c80802d14a9db359fbdc91eb371c> Line: 0)

NullReferenceException: Object reference not set to an instance of an object
  at GameInput.HasFlag (GameInput+Button action, GameInput+InputStateFlags flag) [0x00009] in <c055c80802d14a9db359fbdc91eb371c>:0 
  at GameInput.GetButtonDown (GameInput+Button action) [0x00000] in <c055c80802d14a9db359fbdc91eb371c>:0 
  at ShoulderFlashlightMod.ShoulderFlashlightController.HandleToggleInput () [0x00005] in <c653b02de2b04aef933b0671d2b3e246>:0 
  at ShoulderFlashlightMod.ShoulderFlashlightController.Update () [0x00000] in <c653b02de2b04aef933b0671d2b3e246>:0 
 
(Filename: <c055c80802d14a9db359fbdc91eb371c> Line: 0)

NullReferenceException: Object reference not set to an instance of an object
  at GameInput.HasFlag (GameInput+Button action, GameInput+InputStateFlags flag) [0x00009] in <c055c80802d14a9db359fbdc91eb371c>:0 
  at GameInput.GetButtonDown (GameInput+Button action) [0x00000] in <c055c80802d14a9db359fbdc91eb371c>:0 
  at ShoulderFlashlightMod.ShoulderFlashlightController.HandleToggleInput () [0x00005] in <c653b02de2b04aef933b0671d2b3e246>:0 
  at ShoulderFlashlightMod.ShoulderFlashlightController.Update () [0x00000] in <c653b02de2b04aef933b0671d2b3e246>:0 
 
(Filename: <c055c80802d14a9db359fbdc91eb371c> Line: 0)

NullReferenceException: Object reference not set to an instance of an object
  at GameInput.HasFlag (GameInput+Button action, GameInput+InputStateFlags flag) [0x00009] in <c055c80802d14a9db359fbdc91eb371c>:0 
  at GameInput.GetButtonDown (GameInput+Button action) [0x00000] in <c055c80802d14a9db359fbdc91eb371c>:0 
  at ShoulderFlashlightMod.ShoulderFlashlightController.HandleToggleInput () [0x00005] in <c653b02de2b04aef933b0671d2b3e246>:0 
  at ShoulderFlashlightMod.ShoulderFlashlightController.Update () [0x00000] in <c653b02de2b04aef933b0671d2b3e246>:0 
 
(Filename: <c055c80802d14a9db359fbdc91eb371c> Line: 0)

NullReferenceException: Object reference not set to an instance of an object
  at GameInput.HasFlag (GameInput+Button action, GameInput+InputStateFlags flag) [0x00009] in <c055c80802d14a9db359fbdc91eb371c>:0 
  at GameInput.GetButtonDown (GameInput+Button action) [0x00000] in <c055c80802d14a9db359fbdc91eb371c>:0 
  at ShoulderFlashlightMod.ShoulderFlashlightController.HandleToggleInput () [0x00005] in <c653b02de2b04aef933b0671d2b3e246>:0 
  at ShoulderFlashlightMod.ShoulderFlashlightController.Update () [0x00000] in <c653b02de2b04aef933b0671d2b3e246>:0 
 
(Filename: <c055c80802d14a9db359fbdc91eb371c> Line: 0)

NullReferenceException: Object reference not set to an instance of an object
  at GameInput.HasFlag (GameInput+Button action, GameInput+InputStateFlags flag) [0x00009] in <c055c80802d14a9db359fbdc91eb371c>:0 
  at GameInput.GetButtonDown (GameInput+Button action) [0x00000] in <c055c80802d14a9db359fbdc91eb371c>:0 
  at ShoulderFlashlightMod.ShoulderFlashlightController.HandleToggleInput () [0x00005] in <c653b02de2b04aef933b0671d2b3e246>:0 
  at ShoulderFlashlightMod.ShoulderFlashlightController.Update () [0x00000] in <c653b02de2b04aef933b0671d2b3e246>:0 
 
(Filename: <c055c80802d14a9db359fbdc91eb371c> Line: 0)

NullReferenceException: Object reference not set to an instance of an object
  at GameInput.HasFlag (GameInput+Button action, GameInput+InputStateFlags flag) [0x00009] in <c055c80802d14a9db359fbdc91eb371c>:0 
  at GameInput.GetButtonDown (GameInput+Button action) [0x00000] in <c055c80802d14a9db359fbdc91eb371c>:0 
  at ShoulderFlashlightMod.ShoulderFlashlightController.HandleToggleInput () [0x00005] in <c653b02de2b04aef933b0671d2b3e246>:0 
  at ShoulderFlashlightMod.ShoulderFlashlightController.Update () [0x00000] in <c653b02de2b04aef933b0671d2b3e246>:0 
 
(Filename: <c055c80802d14a9db359fbdc91eb371c> Line: 0)

NullReferenceException: Object reference not set to an instance of an object
  at GameInput.HasFlag (GameInput+Button action, GameInput+InputStateFlags flag) [0x00009] in <c055c80802d14a9db359fbdc91eb371c>:0 
  at GameInput.GetButtonDown (GameInput+Button action) [0x00000] in <c055c80802d14a9db359fbdc91eb371c>:0 
  at ShoulderFlashlightMod.ShoulderFlashlightController.HandleToggleInput () [0x00005] in <c653b02de2b04aef933b0671d2b3e246>:0 
  at ShoulderFlashlightMod.ShoulderFlashlightController.Update () [0x00000] in <c653b02de2b04aef933b0671d2b3e246>:0 
 
(Filename: <c055c80802d14a9db359fbdc91eb371c> Line: 0)

NullReferenceException: Object reference not set to an instance of an object
  at GameInput.HasFlag (GameInput+Button action, GameInput+InputStateFlags flag) [0x00009] in <c055c80802d14a9db359fbdc91eb371c>:0 
  at GameInput.GetButtonDown (GameInput+Button action) [0x00000] in <c055c80802d14a9db359fbdc91eb371c>:0 
  at ShoulderFlashlightMod.ShoulderFlashlightController.HandleToggleInput () [0x00005] in <c653b02de2b04aef933b0671d2b3e246>:0 
  at ShoulderFlashlightMod.ShoulderFlashlightController.Update () [0x00000] in <c653b02de2b04aef933b0671d2b3e246>:0 
 
(Filename: <c055c80802d14a9db359fbdc91eb371c> Line: 0)

NullReferenceException: Object reference not set to an instance of an object
  at GameInput.HasFlag (GameInput+Button action, GameInput+InputStateFlags flag) [0x00009] in <c055c80802d14a9db359fbdc91eb371c>:0 
  at GameInput.GetButtonDown (GameInput+Button action) [0x00000] in <c055c80802d14a9db359fbdc91eb371c>:0 
  at ShoulderFlashlightMod.ShoulderFlashlightController.HandleToggleInput () [0x00005] in <c653b02de2b04aef933b0671d2b3e246>:0 
  at ShoulderFlashlightMod.ShoulderFlashlightController.Update () [0x00000] in <c653b02de2b04aef933b0671d2b3e246>:0 
 
(Filename: <c055c80802d14a9db359fbdc91eb371c> Line: 0)

NullReferenceException: Object reference not set to an instance of an object
  at GameInput.HasFlag (GameInput+Button action, GameInput+InputStateFlags flag) [0x00009] in <c055c80802d14a9db359fbdc91eb371c>:0 
  at GameInput.GetButtonDown (GameInput+Button action) [0x00000] in <c055c80802d14a9db359fbdc91eb371c>:0 
  at ShoulderFlashlightMod.ShoulderFlashlightController.HandleToggleInput () [0x00005] in <c653b02de2b04aef933b0671d2b3e246>:0 
  at ShoulderFlashlightMod.ShoulderFlashlightController.Update () [0x00000] in <c653b02de2b04aef933b0671d2b3e246>:0 
 
(Filename: <c055c80802d14a9db359fbdc91eb371c> Line: 0)

NullReferenceException: Object reference not set to an instance of an object
  at GameInput.HasFlag (GameInput+Button action, GameInput+InputStateFlags flag) [0x00009] in <c055c80802d14a9db359fbdc91eb371c>:0 
  at GameInput.GetButtonDown (GameInput+Button action) [0x00000] in <c055c80802d14a9db359fbdc91eb371c>:0 
  at ShoulderFlashlightMod.ShoulderFlashlightController.HandleToggleInput () [0x00005] in <c653b02de2b04aef933b0671d2b3e246>:0 
  at ShoulderFlashlightMod.ShoulderFlashlightController.Update () [0x00000] in <c653b02de2b04aef933b0671d2b3e246>:0 
 
(Filename: <c055c80802d14a9db359fbdc91eb371c> Line: 0)

NullReferenceException: Object reference not set to an instance of an object
  at GameInput.HasFlag (GameInput+Button action, GameInput+InputStateFlags flag) [0x00009] in <c055c80802d14a9db359fbdc91eb371c>:0 
  at GameInput.GetButtonDown (GameInput+Button action) [0x00000] in <c055c80802d14a9db359fbdc91eb371c>:0 
  at ShoulderFlashlightMod.ShoulderFlashlightController.HandleToggleInput () [0x00005] in <c653b02de2b04aef933b0671d2b3e246>:0 
  at ShoulderFlashlightMod.ShoulderFlashlightController.Update () [0x00000] in <c653b02de2b04aef933b0671d2b3e246>:0 
 
(Filename: <c055c80802d14a9db359fbdc91eb371c> Line: 0)

NullReferenceException: Object reference not set to an instance of an object
  at GameInput.HasFlag (GameInput+Button action, GameInput+InputStateFlags flag) [0x00009] in <c055c80802d14a9db359fbdc91eb371c>:0 
  at GameInput.GetButtonDown (GameInput+Button action) [0x00000] in <c055c80802d14a9db359fbdc91eb371c>:0 
  at ShoulderFlashlightMod.ShoulderFlashlightController.HandleToggleInput () [0x00005] in <c653b02de2b04aef933b0671d2b3e246>:0 
  at ShoulderFlashlightMod.ShoulderFlashlightController.Update () [0x00000] in <c653b02de2b04aef933b0671d2b3e246>:0 
 
(Filename: <c055c80802d14a9db359fbdc91eb371c> Line: 0)

NullReferenceException: Object reference not set to an instance of an object
  at GameInput.HasFlag (GameInput+Button action, GameInput+InputStateFlags flag) [0x00009] in <c055c80802d14a9db359fbdc91eb371c>:0 
  at GameInput.GetButtonDown (GameInput+Button action) [0x00000] in <c055c80802d14a9db359fbdc91eb371c>:0 
  at ShoulderFlashlightMod.ShoulderFlashlightController.HandleToggleInput () [0x00005] in <c653b02de2b04aef933b0671d2b3e246>:0 
  at ShoulderFlashlightMod.ShoulderFlashlightController.Update () [0x00000] in <c653b02de2b04aef933b0671d2b3e246>:0 
 
(Filename: <c055c80802d14a9db359fbdc91eb371c> Line: 0)

NullReferenceException: Object reference not set to an instance of an object
  at GameInput.HasFlag (GameInput+Button action, GameInput+InputStateFlags flag) [0x00009] in <c055c80802d14a9db359fbdc91eb371c>:0 
  at GameInput.GetButtonDown (GameInput+Button action) [0x00000] in <c055c80802d14a9db359fbdc91eb371c>:0 
  at ShoulderFlashlightMod.ShoulderFlashlightController.HandleToggleInput () [0x00005] in <c653b02de2b04aef933b0671d2b3e246>:0 
  at ShoulderFlashlightMod.ShoulderFlashlightController.Update () [0x00000] in <c653b02de2b04aef933b0671d2b3e246>:0 
 
(Filename: <c055c80802d14a9db359fbdc91eb371c> Line: 0)

NullReferenceException: Object reference not set to an instance of an object
  at GameInput.HasFlag (GameInput+Button action, GameInput+InputStateFlags flag) [0x00009] in <c055c80802d14a9db359fbdc91eb371c>:0 
  at GameInput.GetButtonDown (GameInput+Button action) [0x00000] in <c055c80802d14a9db359fbdc91eb371c>:0 
  at ShoulderFlashlightMod.ShoulderFlashlightController.HandleToggleInput () [0x00005] in <c653b02de2b04aef933b0671d2b3e246>:0 
  at ShoulderFlashlightMod.ShoulderFlashlightController.Update () [0x00000] in <c653b02de2b04aef933b0671d2b3e246>:0 
 
(Filename: <c055c80802d14a9db359fbdc91eb371c> Line: 0)

NullReferenceException: Object reference not set to an instance of an object
  at GameInput.HasFlag (GameInput+Button action, GameInput+InputStateFlags flag) [0x00009] in <c055c80802d14a9db359fbdc91eb371c>:0 
  at GameInput.GetButtonDown (GameInput+Button action) [0x00000] in <c055c80802d14a9db359fbdc91eb371c>:0 
  at ShoulderFlashlightMod.ShoulderFlashlightController.HandleToggleInput () [0x00005] in <c653b02de2b04aef933b0671d2b3e246>:0 
  at ShoulderFlashlightMod.ShoulderFlashlightController.Update () [0x00000] in <c653b02de2b04aef933b0671d2b3e246>:0 
 
(Filename: <c055c80802d14a9db359fbdc91eb371c> Line: 0)

NullReferenceException: Object reference not set to an instance of an object
  at GameInput.HasFlag (GameInput+Button action, GameInput+InputStateFlags flag) [0x00009] in <c055c80802d14a9db359fbdc91eb371c>:0 
  at GameInput.GetButtonDown (GameInput+Button action) [0x00000] in <c055c80802d14a9db359fbdc91eb371c>:0 
  at ShoulderFlashlightMod.ShoulderFlashlightController.HandleToggleInput () [0x00005] in <c653b02de2b04aef933b0671d2b3e246>:0 
  at ShoulderFlashlightMod.ShoulderFlashlightController.Update () [0x00000] in <c653b02de2b04aef933b0671d2b3e246>:0 
 
(Filename: <c055c80802d14a9db359fbdc91eb371c> Line: 0)

NullReferenceException: Object reference not set to an instance of an object
  at GameInput.HasFlag (GameInput+Button action, GameInput+InputStateFlags flag) [0x00009] in <c055c80802d14a9db359fbdc91eb371c>:0 
  at GameInput.GetButtonDown (GameInput+Button action) [0x00000] in <c055c80802d14a9db359fbdc91eb371c>:0 
  at ShoulderFlashlightMod.ShoulderFlashlightController.HandleToggleInput () [0x00005] in <c653b02de2b04aef933b0671d2b3e246>:0 
  at ShoulderFlashlightMod.ShoulderFlashlightController.Update () [0x00000] in <c653b02de2b04aef933b0671d2b3e246>:0 
 
(Filename: <c055c80802d14a9db359fbdc91eb371c> Line: 0)

NullReferenceException: Object reference not set to an instance of an object
  at GameInput.HasFlag (GameInput+Button action, GameInput+InputStateFlags flag) [0x00009] in <c055c80802d14a9db359fbdc91eb371c>:0 
  at GameInput.GetButtonDown (GameInput+Button action) [0x00000] in <c055c80802d14a9db359fbdc91eb371c>:0 
  at ShoulderFlashlightMod.ShoulderFlashlightController.HandleToggleInput () [0x00005] in <c653b02de2b04aef933b0671d2b3e246>:0 
  at ShoulderFlashlightMod.ShoulderFlashlightController.Update () [0x00000] in <c653b02de2b04aef933b0671d2b3e246>:0 
 
(Filename: <c055c80802d14a9db359fbdc91eb371c> Line: 0)

NullReferenceException: Object reference not set to an instance of an object
  at GameInput.HasFlag (GameInput+Button action, GameInput+InputStateFlags flag) [0x00009] in <c055c80802d14a9db359fbdc91eb371c>:0 
  at GameInput.GetButtonDown (GameInput+Button action) [0x00000] in <c055c80802d14a9db359fbdc91eb371c>:0 
  at ShoulderFlashlightMod.ShoulderFlashlightController.HandleToggleInput () [0x00005] in <c653b02de2b04aef933b0671d2b3e246>:0 
  at ShoulderFlashlightMod.ShoulderFlashlightController.Update () [0x00000] in <c653b02de2b04aef933b0671d2b3e246>:0 
 
(Filename: <c055c80802d14a9db359fbdc91eb371c> Line: 0)

NullReferenceException: Object reference not set to an instance of an object
  at GameInput.HasFlag (GameInput+Button action, GameInput+InputStateFlags flag) [0x00009] in <c055c80802d14a9db359fbdc91eb371c>:0 
  at GameInput.GetButtonDown (GameInput+Button action) [0x00000] in <c055c80802d14a9db359fbdc91eb371c>:0 
  at ShoulderFlashlightMod.ShoulderFlashlightController.HandleToggleInput () [0x00005] in <c653b02de2b04aef933b0671d2b3e246>:0 
  at ShoulderFlashlightMod.ShoulderFlashlightController.Update () [0x00000] in <c653b02de2b04aef933b0671d2b3e246>:0 
 
(Filename: <c055c80802d14a9db359fbdc91eb371c> Line: 0)

NullReferenceException: Object reference not set to an instance of an object
  at GameInput.HasFlag (GameInput+Button action, GameInput+InputStateFlags flag) [0x00009] in <c055c80802d14a9db359fbdc91eb371c>:0 
  at GameInput.GetButtonDown (GameInput+Button action) [0x00000] in <c055c80802d14a9db359fbdc91eb371c>:0 
  at ShoulderFlashlightMod.ShoulderFlashlightController.HandleToggleInput () [0x00005] in <c653b02de2b04aef933b0671d2b3e246>:0 
  at ShoulderFlashlightMod.ShoulderFlashlightController.Update () [0x00000] in <c653b02de2b04aef933b0671d2b3e246>:0 
 
(Filename: <c055c80802d14a9db359fbdc91eb371c> Line: 0)

NullReferenceException: Object reference not set to an instance of an object
  at GameInput.HasFlag (GameInput+Button action, GameInput+InputStateFlags flag) [0x00009] in <c055c80802d14a9db359fbdc91eb371c>:0 
  at GameInput.GetButtonDown (GameInput+Button action) [0x00000] in <c055c80802d14a9db359fbdc91eb371c>:0 
  at ShoulderFlashlightMod.ShoulderFlashlightController.HandleToggleInput () [0x00005] in <c653b02de2b04aef933b0671d2b3e246>:0 
  at ShoulderFlashlightMod.ShoulderFlashlightController.Update () [0x00000] in <c653b02de2b04aef933b0671d2b3e246>:0 
 
(Filename: <c055c80802d14a9db359fbdc91eb371c> Line: 0)

NullReferenceException: Object reference not set to an instance of an object
  at GameInput.HasFlag (GameInput+Button action, GameInput+InputStateFlags flag) [0x00009] in <c055c80802d14a9db359fbdc91eb371c>:0 
  at GameInput.GetButtonDown (GameInput+Button action) [0x00000] in <c055c80802d14a9db359fbdc91eb371c>:0 
  at ShoulderFlashlightMod.ShoulderFlashlightController.HandleToggleInput () [0x00005] in <c653b02de2b04aef933b0671d2b3e246>:0 
  at ShoulderFlashlightMod.ShoulderFlashlightController.Update () [0x00000] in <c653b02de2b04aef933b0671d2b3e246>:0 
 
(Filename: <c055c80802d14a9db359fbdc91eb371c> Line: 0)

NullReferenceException: Object reference not set to an instance of an object
  at GameInput.HasFlag (GameInput+Button action, GameInput+InputStateFlags flag) [0x00009] in <c055c80802d14a9db359fbdc91eb371c>:0 
  at GameInput.GetButtonDown (GameInput+Button action) [0x00000] in <c055c80802d14a9db359fbdc91eb371c>:0 
  at ShoulderFlashlightMod.ShoulderFlashlightController.HandleToggleInput () [0x00005] in <c653b02de2b04aef933b0671d2b3e246>:0 
  at ShoulderFlashlightMod.ShoulderFlashlightController.Update () [0x00000] in <c653b02de2b04aef933b0671d2b3e246>:0 
 
(Filename: <c055c80802d14a9db359fbdc91eb371c> Line: 0)

NullReferenceException: Object reference not set to an instance of an object
  at GameInput.HasFlag (GameInput+Button action, GameInput+InputStateFlags flag) [0x00009] in <c055c80802d14a9db359fbdc91eb371c>:0 
  at GameInput.GetButtonDown (GameInput+Button action) [0x00000] in <c055c80802d14a9db359fbdc91eb371c>:0 
  at ShoulderFlashlightMod.ShoulderFlashlightController.HandleToggleInput () [0x00005] in <c653b02de2b04aef933b0671d2b3e246>:0 
  at ShoulderFlashlightMod.ShoulderFlashlightController.Update () [0x00000] in <c653b02de2b04aef933b0671d2b3e246>:0 
 
(Filename: <c055c80802d14a9db359fbdc91eb371c> Line: 0)

NullReferenceException: Object reference not set to an instance of an object
  at GameInput.HasFlag (GameInput+Button action, GameInput+InputStateFlags flag) [0x00009] in <c055c80802d14a9db359fbdc91eb371c>:0 
  at GameInput.GetButtonDown (GameInput+Button action) [0x00000] in <c055c80802d14a9db359fbdc91eb371c>:0 
  at ShoulderFlashlightMod.ShoulderFlashlightController.HandleToggleInput () [0x00005] in <c653b02de2b04aef933b0671d2b3e246>:0 
  at ShoulderFlashlightMod.ShoulderFlashlightController.Update () [0x00000] in <c653b02de2b04aef933b0671d2b3e246>:0 
 
(Filename: <c055c80802d14a9db359fbdc91eb371c> Line: 0)

NullReferenceException: Object reference not set to an instance of an object
  at GameInput.HasFlag (GameInput+Button action, GameInput+InputStateFlags flag) [0x00009] in <c055c80802d14a9db359fbdc91eb371c>:0 
  at GameInput.GetButtonDown (GameInput+Button action) [0x00000] in <c055c80802d14a9db359fbdc91eb371c>:0 
  at ShoulderFlashlightMod.ShoulderFlashlightController.HandleToggleInput () [0x00005] in <c653b02de2b04aef933b0671d2b3e246>:0 
  at ShoulderFlashlightMod.ShoulderFlashlightController.Update () [0x00000] in <c653b02de2b04aef933b0671d2b3e246>:0 
 
(Filename: <c055c80802d14a9db359fbdc91eb371c> Line: 0)

NullReferenceException: Object reference not set to an instance of an object
  at GameInput.HasFlag (GameInput+Button action, GameInput+InputStateFlags flag) [0x00009] in <c055c80802d14a9db359fbdc91eb371c>:0 
  at GameInput.GetButtonDown (GameInput+Button action) [0x00000] in <c055c80802d14a9db359fbdc91eb371c>:0 
  at ShoulderFlashlightMod.ShoulderFlashlightController.HandleToggleInput () [0x00005] in <c653b02de2b04aef933b0671d2b3e246>:0 
  at ShoulderFlashlightMod.ShoulderFlashlightController.Update () [0x00000] in <c653b02de2b04aef933b0671d2b3e246>:0 
 
(Filename: <c055c80802d14a9db359fbdc91eb371c> Line: 0)

NullReferenceException: Object reference not set to an instance of an object
  at GameInput.HasFlag (GameInput+Button action, GameInput+InputStateFlags flag) [0x00009] in <c055c80802d14a9db359fbdc91eb371c>:0 
  at GameInput.GetButtonDown (GameInput+Button action) [0x00000] in <c055c80802d14a9db359fbdc91eb371c>:0 
  at ShoulderFlashlightMod.ShoulderFlashlightController.HandleToggleInput () [0x00005] in <c653b02de2b04aef933b0671d2b3e246>:0 
  at ShoulderFlashlightMod.ShoulderFlashlightController.Update () [0x00000] in <c653b02de2b04aef933b0671d2b3e246>:0 
 
(Filename: <c055c80802d14a9db359fbdc91eb371c> Line: 0)

NullReferenceException: Object reference not set to an instance of an object
  at GameInput.HasFlag (GameInput+Button action, GameInput+InputStateFlags flag) [0x00009] in <c055c80802d14a9db359fbdc91eb371c>:0 
  at GameInput.GetButtonDown (GameInput+Button action) [0x00000] in <c055c80802d14a9db359fbdc91eb371c>:0 
  at ShoulderFlashlightMod.ShoulderFlashlightController.HandleToggleInput () [0x00005] in <c653b02de2b04aef933b0671d2b3e246>:0 
  at ShoulderFlashlightMod.ShoulderFlashlightController.Update () [0x00000] in <c653b02de2b04aef933b0671d2b3e246>:0 
 
(Filename: <c055c80802d14a9db359fbdc91eb371c> Line: 0)

NullReferenceException: Object reference not set to an instance of an object
  at GameInput.HasFlag (GameInput+Button action, GameInput+InputStateFlags flag) [0x00009] in <c055c80802d14a9db359fbdc91eb371c>:0 
  at GameInput.GetButtonDown (GameInput+Button action) [0x00000] in <c055c80802d14a9db359fbdc91eb371c>:0 
  at ShoulderFlashlightMod.ShoulderFlashlightController.HandleToggleInput () [0x00005] in <c653b02de2b04aef933b0671d2b3e246>:0 
  at ShoulderFlashlightMod.ShoulderFlashlightController.Update () [0x00000] in <c653b02de2b04aef933b0671d2b3e246>:0 
 
(Filename: <c055c80802d14a9db359fbdc91eb371c> Line: 0)

NullReferenceException: Object reference not set to an instance of an object
  at GameInput.HasFlag (GameInput+Button action, GameInput+InputStateFlags flag) [0x00009] in <c055c80802d14a9db359fbdc91eb371c>:0 
  at GameInput.GetButtonDown (GameInput+Button action) [0x00000] in <c055c80802d14a9db359fbdc91eb371c>:0 
  at ShoulderFlashlightMod.ShoulderFlashlightController.HandleToggleInput () [0x00005] in <c653b02de2b04aef933b0671d2b3e246>:0 
  at ShoulderFlashlightMod.ShoulderFlashlightController.Update () [0x00000] in <c653b02de2b04aef933b0671d2b3e246>:0 
 
(Filename: <c055c80802d14a9db359fbdc91eb371c> Line: 0)

NullReferenceException: Object reference not set to an instance of an object
  at GameInput.HasFlag (GameInput+Button action, GameInput+InputStateFlags flag) [0x00009] in <c055c80802d14a9db359fbdc91eb371c>:0 
  at GameInput.GetButtonDown (GameInput+Button action) [0x00000] in <c055c80802d14a9db359fbdc91eb371c>:0 
  at ShoulderFlashlightMod.ShoulderFlashlightController.HandleToggleInput () [0x00005] in <c653b02de2b04aef933b0671d2b3e246>:0 
  at ShoulderFlashlightMod.ShoulderFlashlightController.Update () [0x00000] in <c653b02de2b04aef933b0671d2b3e246>:0 
 
(Filename: <c055c80802d14a9db359fbdc91eb371c> Line: 0)

NullReferenceException: Object reference not set to an instance of an object
  at GameInput.HasFlag (GameInput+Button action, GameInput+InputStateFlags flag) [0x00009] in <c055c80802d14a9db359fbdc91eb371c>:0 
  at GameInput.GetButtonDown (GameInput+Button action) [0x00000] in <c055c80802d14a9db359fbdc91eb371c>:0 
  at ShoulderFlashlightMod.ShoulderFlashlightController.HandleToggleInput () [0x00005] in <c653b02de2b04aef933b0671d2b3e246>:0 
  at ShoulderFlashlightMod.ShoulderFlashlightController.Update () [0x00000] in <c653b02de2b04aef933b0671d2b3e246>:0 
 
(Filename: <c055c80802d14a9db359fbdc91eb371c> Line: 0)

NullReferenceException: Object reference not set to an instance of an object
  at GameInput.HasFlag (GameInput+Button action, GameInput+InputStateFlags flag) [0x00009] in <c055c80802d14a9db359fbdc91eb371c>:0 
  at GameInput.GetButtonDown (GameInput+Button action) [0x00000] in <c055c80802d14a9db359fbdc91eb371c>:0 
  at ShoulderFlashlightMod.ShoulderFlashlightController.HandleToggleInput () [0x00005] in <c653b02de2b04aef933b0671d2b3e246>:0 
  at ShoulderFlashlightMod.ShoulderFlashlightController.Update () [0x00000] in <c653b02de2b04aef933b0671d2b3e246>:0 
 
(Filename: <c055c80802d14a9db359fbdc91eb371c> Line: 0)

NullReferenceException: Object reference not set to an instance of an object
  at GameInput.HasFlag (GameInput+Button action, GameInput+InputStateFlags flag) [0x00009] in <c055c80802d14a9db359fbdc91eb371c>:0 
  at GameInput.GetButtonDown (GameInput+Button action) [0x00000] in <c055c80802d14a9db359fbdc91eb371c>:0 
  at ShoulderFlashlightMod.ShoulderFlashlightController.HandleToggleInput () [0x00005] in <c653b02de2b04aef933b0671d2b3e246>:0 
  at ShoulderFlashlightMod.ShoulderFlashlightController.Update () [0x00000] in <c653b02de2b04aef933b0671d2b3e246>:0 
 
(Filename: <c055c80802d14a9db359fbdc91eb371c> Line: 0)

NullReferenceException: Object reference not set to an instance of an object
  at GameInput.HasFlag (GameInput+Button action, GameInput+InputStateFlags flag) [0x00009] in <c055c80802d14a9db359fbdc91eb371c>:0 
  at GameInput.GetButtonDown (GameInput+Button action) [0x00000] in <c055c80802d14a9db359fbdc91eb371c>:0 
  at ShoulderFlashlightMod.ShoulderFlashlightController.HandleToggleInput () [0x00005] in <c653b02de2b04aef933b0671d2b3e246>:0 
  at ShoulderFlashlightMod.ShoulderFlashlightController.Update () [0x00000] in <c653b02de2b04aef933b0671d2b3e246>:0 
 
(Filename: <c055c80802d14a9db359fbdc91eb371c> Line: 0)

NullReferenceException: Object reference not set to an instance of an object
  at GameInput.HasFlag (GameInput+Button action, GameInput+InputStateFlags flag) [0x00009] in <c055c80802d14a9db359fbdc91eb371c>:0 
  at GameInput.GetButtonDown (GameInput+Button action) [0x00000] in <c055c80802d14a9db359fbdc91eb371c>:0 
  at ShoulderFlashlightMod.ShoulderFlashlightController.HandleToggleInput () [0x00005] in <c653b02de2b04aef933b0671d2b3e246>:0 
  at ShoulderFlashlightMod.ShoulderFlashlightController.Update () [0x00000] in <c653b02de2b04aef933b0671d2b3e246>:0 
 
(Filename: <c055c80802d14a9db359fbdc91eb371c> Line: 0)

NullReferenceException: Object reference not set to an instance of an object
  at GameInput.HasFlag (GameInput+Button action, GameInput+InputStateFlags flag) [0x00009] in <c055c80802d14a9db359fbdc91eb371c>:0 
  at GameInput.GetButtonDown (GameInput+Button action) [0x00000] in <c055c80802d14a9db359fbdc91eb371c>:0 
  at ShoulderFlashlightMod.ShoulderFlashlightController.HandleToggleInput () [0x00005] in <c653b02de2b04aef933b0671d2b3e246>:0 
  at ShoulderFlashlightMod.ShoulderFlashlightController.Update () [0x00000] in <c653b02de2b04aef933b0671d2b3e246>:0 
 
(Filename: <c055c80802d14a9db359fbdc91eb371c> Line: 0)

NullReferenceException: Object reference not set to an instance of an object
  at GameInput.HasFlag (GameInput+Button action, GameInput+InputStateFlags flag) [0x00009] in <c055c80802d14a9db359fbdc91eb371c>:0 
  at GameInput.GetButtonDown (GameInput+Button action) [0x00000] in <c055c80802d14a9db359fbdc91eb371c>:0 
  at ShoulderFlashlightMod.ShoulderFlashlightController.HandleToggleInput () [0x00005] in <c653b02de2b04aef933b0671d2b3e246>:0 
  at ShoulderFlashlightMod.ShoulderFlashlightController.Update () [0x00000] in <c653b02de2b04aef933b0671d2b3e246>:0 
 
(Filename: <c055c80802d14a9db359fbdc91eb371c> Line: 0)

NullReferenceException: Object reference not set to an instance of an object
  at GameInput.HasFlag (GameInput+Button action, GameInput+InputStateFlags flag) [0x00009] in <c055c80802d14a9db359fbdc91eb371c>:0 
  at GameInput.GetButtonDown (GameInput+Button action) [0x00000] in <c055c80802d14a9db359fbdc91eb371c>:0 
  at ShoulderFlashlightMod.ShoulderFlashlightController.HandleToggleInput () [0x00005] in <c653b02de2b04aef933b0671d2b3e246>:0 
  at ShoulderFlashlightMod.ShoulderFlashlightController.Update () [0x00000] in <c653b02de2b04aef933b0671d2b3e246>:0 
 
(Filename: <c055c80802d14a9db359fbdc91eb371c> Line: 0)

NullReferenceException: Object reference not set to an instance of an object
  at GameInput.HasFlag (GameInput+Button action, GameInput+InputStateFlags flag) [0x00009] in <c055c80802d14a9db359fbdc91eb371c>:0 
  at GameInput.GetButtonDown (GameInput+Button action) [0x00000] in <c055c80802d14a9db359fbdc91eb371c>:0 
  at ShoulderFlashlightMod.ShoulderFlashlightController.HandleToggleInput () [0x00005] in <c653b02de2b04aef933b0671d2b3e246>:0 
  at ShoulderFlashlightMod.ShoulderFlashlightController.Update () [0x00000] in <c653b02de2b04aef933b0671d2b3e246>:0 
 
(Filename: <c055c80802d14a9db359fbdc91eb371c> Line: 0)

NullReferenceException: Object reference not set to an instance of an object
  at GameInput.HasFlag (GameInput+Button action, GameInput+InputStateFlags flag) [0x00009] in <c055c80802d14a9db359fbdc91eb371c>:0 
  at GameInput.GetButtonDown (GameInput+Button action) [0x00000] in <c055c80802d14a9db359fbdc91eb371c>:0 
  at ShoulderFlashlightMod.ShoulderFlashlightController.HandleToggleInput () [0x00005] in <c653b02de2b04aef933b0671d2b3e246>:0 
  at ShoulderFlashlightMod.ShoulderFlashlightController.Update () [0x00000] in <c653b02de2b04aef933b0671d2b3e246>:0 
 
(Filename: <c055c80802d14a9db359fbdc91eb371c> Line: 0)

NullReferenceException: Object reference not set to an instance of an object
  at GameInput.HasFlag (GameInput+Button action, GameInput+InputStateFlags flag) [0x00009] in <c055c80802d14a9db359fbdc91eb371c>:0 
  at GameInput.GetButtonDown (GameInput+Button action) [0x00000] in <c055c80802d14a9db359fbdc91eb371c>:0 
  at ShoulderFlashlightMod.ShoulderFlashlightController.HandleToggleInput () [0x00005] in <c653b02de2b04aef933b0671d2b3e246>:0 
  at ShoulderFlashlightMod.ShoulderFlashlightController.Update () [0x00000] in <c653b02de2b04aef933b0671d2b3e246>:0 
 
(Filename: <c055c80802d14a9db359fbdc91eb371c> Line: 0)

NullReferenceException: Object reference not set to an instance of an object
  at GameInput.HasFlag (GameInput+Button action, GameInput+InputStateFlags flag) [0x00009] in <c055c80802d14a9db359fbdc91eb371c>:0 
  at GameInput.GetButtonDown (GameInput+Button action) [0x00000] in <c055c80802d14a9db359fbdc91eb371c>:0 
  at ShoulderFlashlightMod.ShoulderFlashlightController.HandleToggleInput () [0x00005] in <c653b02de2b04aef933b0671d2b3e246>:0 
  at ShoulderFlashlightMod.ShoulderFlashlightController.Update () [0x00000] in <c653b02de2b04aef933b0671d2b3e246>:0 
 
(Filename: <c055c80802d14a9db359fbdc91eb371c> Line: 0)

NullReferenceException: Object reference not set to an instance of an object
  at GameInput.HasFlag (GameInput+Button action, GameInput+InputStateFlags flag) [0x00009] in <c055c80802d14a9db359fbdc91eb371c>:0 
  at GameInput.GetButtonDown (GameInput+Button action) [0x00000] in <c055c80802d14a9db359fbdc91eb371c>:0 
  at ShoulderFlashlightMod.ShoulderFlashlightController.HandleToggleInput () [0x00005] in <c653b02de2b04aef933b0671d2b3e246>:0 
  at ShoulderFlashlightMod.ShoulderFlashlightController.Update () [0x00000] in <c653b02de2b04aef933b0671d2b3e246>:0 
 
(Filename: <c055c80802d14a9db359fbdc91eb371c> Line: 0)

NullReferenceException: Object reference not set to an instance of an object
  at GameInput.HasFlag (GameInput+Button action, GameInput+InputStateFlags flag) [0x00009] in <c055c80802d14a9db359fbdc91eb371c>:0 
  at GameInput.GetButtonDown (GameInput+Button action) [0x00000] in <c055c80802d14a9db359fbdc91eb371c>:0 
  at ShoulderFlashlightMod.ShoulderFlashlightController.HandleToggleInput () [0x00005] in <c653b02de2b04aef933b0671d2b3e246>:0 
  at ShoulderFlashlightMod.ShoulderFlashlightController.Update () [0x00000] in <c653b02de2b04aef933b0671d2b3e246>:0 
 
(Filename: <c055c80802d14a9db359fbdc91eb371c> Line: 0)

NullReferenceException: Object reference not set to an instance of an object
  at GameInput.HasFlag (GameInput+Button action, GameInput+InputStateFlags flag) [0x00009] in <c055c80802d14a9db359fbdc91eb371c>:0 
  at GameInput.GetButtonDown (GameInput+Button action) [0x00000] in <c055c80802d14a9db359fbdc91eb371c>:0 
  at ShoulderFlashlightMod.ShoulderFlashlightController.HandleToggleInput () [0x00005] in <c653b02de2b04aef933b0671d2b3e246>:0 
  at ShoulderFlashlightMod.ShoulderFlashlightController.Update () [0x00000] in <c653b02de2b04aef933b0671d2b3e246>:0 
 
(Filename: <c055c80802d14a9db359fbdc91eb371c> Line: 0)

NullReferenceException: Object reference not set to an instance of an object
  at GameInput.HasFlag (GameInput+Button action, GameInput+InputStateFlags flag) [0x00009] in <c055c80802d14a9db359fbdc91eb371c>:0 
  at GameInput.GetButtonDown (GameInput+Button action) [0x00000] in <c055c80802d14a9db359fbdc91eb371c>:0 
  at ShoulderFlashlightMod.ShoulderFlashlightController.HandleToggleInput () [0x00005] in <c653b02de2b04aef933b0671d2b3e246>:0 
  at ShoulderFlashlightMod.ShoulderFlashlightController.Update () [0x00000] in <c653b02de2b04aef933b0671d2b3e246>:0 
 
(Filename: <c055c80802d14a9db359fbdc91eb371c> Line: 0)

NullReferenceException: Object reference not set to an instance of an object
  at GameInput.HasFlag (GameInput+Button action, GameInput+InputStateFlags flag) [0x00009] in <c055c80802d14a9db359fbdc91eb371c>:0 
  at GameInput.GetButtonDown (GameInput+Button action) [0x00000] in <c055c80802d14a9db359fbdc91eb371c>:0 
  at ShoulderFlashlightMod.ShoulderFlashlightController.HandleToggleInput () [0x00005] in <c653b02de2b04aef933b0671d2b3e246>:0 
  at ShoulderFlashlightMod.ShoulderFlashlightController.Update () [0x00000] in <c653b02de2b04aef933b0671d2b3e246>:0 
 
(Filename: <c055c80802d14a9db359fbdc91eb371c> Line: 0)

NullReferenceException: Object reference not set to an instance of an object
  at GameInput.HasFlag (GameInput+Button action, GameInput+InputStateFlags flag) [0x00009] in <c055c80802d14a9db359fbdc91eb371c>:0 
  at GameInput.GetButtonDown (GameInput+Button action) [0x00000] in <c055c80802d14a9db359fbdc91eb371c>:0 
  at ShoulderFlashlightMod.ShoulderFlashlightController.HandleToggleInput () [0x00005] in <c653b02de2b04aef933b0671d2b3e246>:0 
  at ShoulderFlashlightMod.ShoulderFlashlightController.Update () [0x00000] in <c653b02de2b04aef933b0671d2b3e246>:0 
 
(Filename: <c055c80802d14a9db359fbdc91eb371c> Line: 0)

NullReferenceException: Object reference not set to an instance of an object
  at GameInput.HasFlag (GameInput+Button action, GameInput+InputStateFlags flag) [0x00009] in <c055c80802d14a9db359fbdc91eb371c>:0 
  at GameInput.GetButtonDown (GameInput+Button action) [0x00000] in <c055c80802d14a9db359fbdc91eb371c>:0 
  at ShoulderFlashlightMod.ShoulderFlashlightController.HandleToggleInput () [0x00005] in <c653b02de2b04aef933b0671d2b3e246>:0 
  at ShoulderFlashlightMod.ShoulderFlashlightController.Update () [0x00000] in <c653b02de2b04aef933b0671d2b3e246>:0 
 
(Filename: <c055c80802d14a9db359fbdc91eb371c> Line: 0)

NullReferenceException: Object reference not set to an instance of an object
  at GameInput.HasFlag (GameInput+Button action, GameInput+InputStateFlags flag) [0x00009] in <c055c80802d14a9db359fbdc91eb371c>:0 
  at GameInput.GetButtonDown (GameInput+Button action) [0x00000] in <c055c80802d14a9db359fbdc91eb371c>:0 
  at ShoulderFlashlightMod.ShoulderFlashlightController.HandleToggleInput () [0x00005] in <c653b02de2b04aef933b0671d2b3e246>:0 
  at ShoulderFlashlightMod.ShoulderFlashlightController.Update () [0x00000] in <c653b02de2b04aef933b0671d2b3e246>:0 
 
(Filename: <c055c80802d14a9db359fbdc91eb371c> Line: 0)

NullReferenceException: Object reference not set to an instance of an object
  at GameInput.HasFlag (GameInput+Button action, GameInput+InputStateFlags flag) [0x00009] in <c055c80802d14a9db359fbdc91eb371c>:0 
  at GameInput.GetButtonDown (GameInput+Button action) [0x00000] in <c055c80802d14a9db359fbdc91eb371c>:0 
  at ShoulderFlashlightMod.ShoulderFlashlightController.HandleToggleInput () [0x00005] in <c653b02de2b04aef933b0671d2b3e246>:0 
  at ShoulderFlashlightMod.ShoulderFlashlightController.Update () [0x00000] in <c653b02de2b04aef933b0671d2b3e246>:0 
 
(Filename: <c055c80802d14a9db359fbdc91eb371c> Line: 0)

NullReferenceException: Object reference not set to an instance of an object
  at GameInput.HasFlag (GameInput+Button action, GameInput+InputStateFlags flag) [0x00009] in <c055c80802d14a9db359fbdc91eb371c>:0 
  at GameInput.GetButtonDown (GameInput+Button action) [0x00000] in <c055c80802d14a9db359fbdc91eb371c>:0 
  at ShoulderFlashlightMod.ShoulderFlashlightController.HandleToggleInput () [0x00005] in <c653b02de2b04aef933b0671d2b3e246>:0 
  at ShoulderFlashlightMod.ShoulderFlashlightController.Update () [0x00000] in <c653b02de2b04aef933b0671d2b3e246>:0 
 
(Filename: <c055c80802d14a9db359fbdc91eb371c> Line: 0)

NullReferenceException: Object reference not set to an instance of an object
  at GameInput.HasFlag (GameInput+Button action, GameInput+InputStateFlags flag) [0x00009] in <c055c80802d14a9db359fbdc91eb371c>:0 
  at GameInput.GetButtonDown (GameInput+Button action) [0x00000] in <c055c80802d14a9db359fbdc91eb371c>:0 
  at ShoulderFlashlightMod.ShoulderFlashlightController.HandleToggleInput () [0x00005] in <c653b02de2b04aef933b0671d2b3e246>:0 
  at ShoulderFlashlightMod.ShoulderFlashlightController.Update () [0x00000] in <c653b02de2b04aef933b0671d2b3e246>:0 
 
(Filename: <c055c80802d14a9db359fbdc91eb371c> Line: 0)

NullReferenceException: Object reference not set to an instance of an object
  at GameInput.HasFlag (GameInput+Button action, GameInput+InputStateFlags flag) [0x00009] in <c055c80802d14a9db359fbdc91eb371c>:0 
  at GameInput.GetButtonDown (GameInput+Button action) [0x00000] in <c055c80802d14a9db359fbdc91eb371c>:0 
  at ShoulderFlashlightMod.ShoulderFlashlightController.HandleToggleInput () [0x00005] in <c653b02de2b04aef933b0671d2b3e246>:0 
  at ShoulderFlashlightMod.ShoulderFlashlightController.Update () [0x00000] in <c653b02de2b04aef933b0671d2b3e246>:0 
 
(Filename: <c055c80802d14a9db359fbdc91eb371c> Line: 0)

NullReferenceException: Object reference not set to an instance of an object
  at GameInput.HasFlag (GameInput+Button action, GameInput+InputStateFlags flag) [0x00009] in <c055c80802d14a9db359fbdc91eb371c>:0 
  at GameInput.GetButtonDown (GameInput+Button action) [0x00000] in <c055c80802d14a9db359fbdc91eb371c>:0 
  at ShoulderFlashlightMod.ShoulderFlashlightController.HandleToggleInput () [0x00005] in <c653b02de2b04aef933b0671d2b3e246>:0 
  at ShoulderFlashlightMod.ShoulderFlashlightController.Update () [0x00000] in <c653b02de2b04aef933b0671d2b3e246>:0 
 
(Filename: <c055c80802d14a9db359fbdc91eb371c> Line: 0)

NullReferenceException: Object reference not set to an instance of an object
  at GameInput.HasFlag (GameInput+Button action, GameInput+InputStateFlags flag) [0x00009] in <c055c80802d14a9db359fbdc91eb371c>:0 
  at GameInput.GetButtonDown (GameInput+Button action) [0x00000] in <c055c80802d14a9db359fbdc91eb371c>:0 
  at ShoulderFlashlightMod.ShoulderFlashlightController.HandleToggleInput () [0x00005] in <c653b02de2b04aef933b0671d2b3e246>:0 
  at ShoulderFlashlightMod.ShoulderFlashlightController.Update () [0x00000] in <c653b02de2b04aef933b0671d2b3e246>:0 
 
(Filename: <c055c80802d14a9db359fbdc91eb371c> Line: 0)

NullReferenceException: Object reference not set to an instance of an object
  at GameInput.HasFlag (GameInput+Button action, GameInput+InputStateFlags flag) [0x00009] in <c055c80802d14a9db359fbdc91eb371c>:0 
  at GameInput.GetButtonDown (GameInput+Button action) [0x00000] in <c055c80802d14a9db359fbdc91eb371c>:0 
  at ShoulderFlashlightMod.ShoulderFlashlightController.HandleToggleInput () [0x00005] in <c653b02de2b04aef933b0671d2b3e246>:0 
  at ShoulderFlashlightMod.ShoulderFlashlightController.Update () [0x00000] in <c653b02de2b04aef933b0671d2b3e246>:0 
 
(Filename: <c055c80802d14a9db359fbdc91eb371c> Line: 0)

NullReferenceException: Object reference not set to an instance of an object
  at GameInput.HasFlag (GameInput+Button action, GameInput+InputStateFlags flag) [0x00009] in <c055c80802d14a9db359fbdc91eb371c>:0 
  at GameInput.GetButtonDown (GameInput+Button action) [0x00000] in <c055c80802d14a9db359fbdc91eb371c>:0 
  at ShoulderFlashlightMod.ShoulderFlashlightController.HandleToggleInput () [0x00005] in <c653b02de2b04aef933b0671d2b3e246>:0 
  at ShoulderFlashlightMod.ShoulderFlashlightController.Update () [0x00000] in <c653b02de2b04aef933b0671d2b3e246>:0 
 
(Filename: <c055c80802d14a9db359fbdc91eb371c> Line: 0)

NullReferenceException: Object reference not set to an instance of an object
  at GameInput.HasFlag (GameInput+Button action, GameInput+InputStateFlags flag) [0x00009] in <c055c80802d14a9db359fbdc91eb371c>:0 
  at GameInput.GetButtonDown (GameInput+Button action) [0x00000] in <c055c80802d14a9db359fbdc91eb371c>:0 
  at ShoulderFlashlightMod.ShoulderFlashlightController.HandleToggleInput () [0x00005] in <c653b02de2b04aef933b0671d2b3e246>:0 
  at ShoulderFlashlightMod.ShoulderFlashlightController.Update () [0x00000] in <c653b02de2b04aef933b0671d2b3e246>:0 
 
(Filename: <c055c80802d14a9db359fbdc91eb371c> Line: 0)

NullReferenceException: Object reference not set to an instance of an object
  at GameInput.HasFlag (GameInput+Button action, GameInput+InputStateFlags flag) [0x00009] in <c055c80802d14a9db359fbdc91eb371c>:0 
  at GameInput.GetButtonDown (GameInput+Button action) [0x00000] in <c055c80802d14a9db359fbdc91eb371c>:0 
  at ShoulderFlashlightMod.ShoulderFlashlightController.HandleToggleInput () [0x00005] in <c653b02de2b04aef933b0671d2b3e246>:0 
  at ShoulderFlashlightMod.ShoulderFlashlightController.Update () [0x00000] in <c653b02de2b04aef933b0671d2b3e246>:0 
 
(Filename: <c055c80802d14a9db359fbdc91eb371c> Line: 0)

NullReferenceException: Object reference not set to an instance of an object
  at GameInput.HasFlag (GameInput+Button action, GameInput+InputStateFlags flag) [0x00009] in <c055c80802d14a9db359fbdc91eb371c>:0 
  at GameInput.GetButtonDown (GameInput+Button action) [0x00000] in <c055c80802d14a9db359fbdc91eb371c>:0 
  at ShoulderFlashlightMod.ShoulderFlashlightController.HandleToggleInput () [0x00005] in <c653b02de2b04aef933b0671d2b3e246>:0 
  at ShoulderFlashlightMod.ShoulderFlashlightController.Update () [0x00000] in <c653b02de2b04aef933b0671d2b3e246>:0 
 
(Filename: <c055c80802d14a9db359fbdc91eb371c> Line: 0)

NullReferenceException: Object reference not set to an instance of an object
  at GameInput.HasFlag (GameInput+Button action, GameInput+InputStateFlags flag) [0x00009] in <c055c80802d14a9db359fbdc91eb371c>:0 
  at GameInput.GetButtonDown (GameInput+Button action) [0x00000] in <c055c80802d14a9db359fbdc91eb371c>:0 
  at ShoulderFlashlightMod.ShoulderFlashlightController.HandleToggleInput () [0x00005] in <c653b02de2b04aef933b0671d2b3e246>:0 
  at ShoulderFlashlightMod.ShoulderFlashlightController.Update () [0x00000] in <c653b02de2b04aef933b0671d2b3e246>:0 
 
(Filename: <c055c80802d14a9db359fbdc91eb371c> Line: 0)

NullReferenceException: Object reference not set to an instance of an object
  at GameInput.HasFlag (GameInput+Button action, GameInput+InputStateFlags flag) [0x00009] in <c055c80802d14a9db359fbdc91eb371c>:0 
  at GameInput.GetButtonDown (GameInput+Button action) [0x00000] in <c055c80802d14a9db359fbdc91eb371c>:0 
  at ShoulderFlashlightMod.ShoulderFlashlightController.HandleToggleInput () [0x00005] in <c653b02de2b04aef933b0671d2b3e246>:0 
  at ShoulderFlashlightMod.ShoulderFlashlightController.Update () [0x00000] in <c653b02de2b04aef933b0671d2b3e246>:0 
 
(Filename: <c055c80802d14a9db359fbdc91eb371c> Line: 0)

NullReferenceException: Object reference not set to an instance of an object
  at GameInput.HasFlag (GameInput+Button action, GameInput+InputStateFlags flag) [0x00009] in <c055c80802d14a9db359fbdc91eb371c>:0 
  at GameInput.GetButtonDown (GameInput+Button action) [0x00000] in <c055c80802d14a9db359fbdc91eb371c>:0 
  at ShoulderFlashlightMod.ShoulderFlashlightController.HandleToggleInput () [0x00005] in <c653b02de2b04aef933b0671d2b3e246>:0 
  at ShoulderFlashlightMod.ShoulderFlashlightController.Update () [0x00000] in <c653b02de2b04aef933b0671d2b3e246>:0 
 
(Filename: <c055c80802d14a9db359fbdc91eb371c> Line: 0)

NullReferenceException: Object reference not set to an instance of an object
  at GameInput.HasFlag (GameInput+Button action, GameInput+InputStateFlags flag) [0x00009] in <c055c80802d14a9db359fbdc91eb371c>:0 
  at GameInput.GetButtonDown (GameInput+Button action) [0x00000] in <c055c80802d14a9db359fbdc91eb371c>:0 
  at ShoulderFlashlightMod.ShoulderFlashlightController.HandleToggleInput () [0x00005] in <c653b02de2b04aef933b0671d2b3e246>:0 
  at ShoulderFlashlightMod.ShoulderFlashlightController.Update () [0x00000] in <c653b02de2b04aef933b0671d2b3e246>:0 
 
(Filename: <c055c80802d14a9db359fbdc91eb371c> Line: 0)

NullReferenceException: Object reference not set to an instance of an object
  at GameInput.HasFlag (GameInput+Button action, GameInput+InputStateFlags flag) [0x00009] in <c055c80802d14a9db359fbdc91eb371c>:0 
  at GameInput.GetButtonDown (GameInput+Button action) [0x00000] in <c055c80802d14a9db359fbdc91eb371c>:0 
  at ShoulderFlashlightMod.ShoulderFlashlightController.HandleToggleInput () [0x00005] in <c653b02de2b04aef933b0671d2b3e246>:0 
  at ShoulderFlashlightMod.ShoulderFlashlightController.Update () [0x00000] in <c653b02de2b04aef933b0671d2b3e246>:0 
 
(Filename: <c055c80802d14a9db359fbdc91eb371c> Line: 0)

NullReferenceException: Object reference not set to an instance of an object
  at GameInput.HasFlag (GameInput+Button action, GameInput+InputStateFlags flag) [0x00009] in <c055c80802d14a9db359fbdc91eb371c>:0 
  at GameInput.GetButtonDown (GameInput+Button action) [0x00000] in <c055c80802d14a9db359fbdc91eb371c>:0 
  at ShoulderFlashlightMod.ShoulderFlashlightController.HandleToggleInput () [0x00005] in <c653b02de2b04aef933b0671d2b3e246>:0 
  at ShoulderFlashlightMod.ShoulderFlashlightController.Update () [0x00000] in <c653b02de2b04aef933b0671d2b3e246>:0 
 
(Filename: <c055c80802d14a9db359fbdc91eb371c> Line: 0)

NullReferenceException: Object reference not set to an instance of an object
  at GameInput.HasFlag (GameInput+Button action, GameInput+InputStateFlags flag) [0x00009] in <c055c80802d14a9db359fbdc91eb371c>:0 
  at GameInput.GetButtonDown (GameInput+Button action) [0x00000] in <c055c80802d14a9db359fbdc91eb371c>:0 
  at ShoulderFlashlightMod.ShoulderFlashlightController.HandleToggleInput () [0x00005] in <c653b02de2b04aef933b0671d2b3e246>:0 
  at ShoulderFlashlightMod.ShoulderFlashlightController.Update () [0x00000] in <c653b02de2b04aef933b0671d2b3e246>:0 
 
(Filename: <c055c80802d14a9db359fbdc91eb371c> Line: 0)

NullReferenceException: Object reference not set to an instance of an object
  at GameInput.HasFlag (GameInput+Button action, GameInput+InputStateFlags flag) [0x00009] in <c055c80802d14a9db359fbdc91eb371c>:0 
  at GameInput.GetButtonDown (GameInput+Button action) [0x00000] in <c055c80802d14a9db359fbdc91eb371c>:0 
  at ShoulderFlashlightMod.ShoulderFlashlightController.HandleToggleInput () [0x00005] in <c653b02de2b04aef933b0671d2b3e246>:0 
  at ShoulderFlashlightMod.ShoulderFlashlightController.Update () [0x00000] in <c653b02de2b04aef933b0671d2b3e246>:0 
 
(Filename: <c055c80802d14a9db359fbdc91eb371c> Line: 0)

NullReferenceException: Object reference not set to an instance of an object
  at GameInput.HasFlag (GameInput+Button action, GameInput+InputStateFlags flag) [0x00009] in <c055c80802d14a9db359fbdc91eb371c>:0 
  at GameInput.GetButtonDown (GameInput+Button action) [0x00000] in <c055c80802d14a9db359fbdc91eb371c>:0 
  at ShoulderFlashlightMod.ShoulderFlashlightController.HandleToggleInput () [0x00005] in <c653b02de2b04aef933b0671d2b3e246>:0 
  at ShoulderFlashlightMod.ShoulderFlashlightController.Update () [0x00000] in <c653b02de2b04aef933b0671d2b3e246>:0 
 
(Filename: <c055c80802d14a9db359fbdc91eb371c> Line: 0)

NullReferenceException: Object reference not set to an instance of an object
  at GameInput.HasFlag (GameInput+Button action, GameInput+InputStateFlags flag) [0x00009] in <c055c80802d14a9db359fbdc91eb371c>:0 
  at GameInput.GetButtonDown (GameInput+Button action) [0x00000] in <c055c80802d14a9db359fbdc91eb371c>:0 
  at ShoulderFlashlightMod.ShoulderFlashlightController.HandleToggleInput () [0x00005] in <c653b02de2b04aef933b0671d2b3e246>:0 
  at ShoulderFlashlightMod.ShoulderFlashlightController.Update () [0x00000] in <c653b02de2b04aef933b0671d2b3e246>:0 
 
(Filename: <c055c80802d14a9db359fbdc91eb371c> Line: 0)

NullReferenceException: Object reference not set to an instance of an object
  at GameInput.HasFlag (GameInput+Button action, GameInput+InputStateFlags flag) [0x00009] in <c055c80802d14a9db359fbdc91eb371c>:0 
  at GameInput.GetButtonDown (GameInput+Button action) [0x00000] in <c055c80802d14a9db359fbdc91eb371c>:0 
  at ShoulderFlashlightMod.ShoulderFlashlightController.HandleToggleInput () [0x00005] in <c653b02de2b04aef933b0671d2b3e246>:0 
  at ShoulderFlashlightMod.ShoulderFlashlightController.Update () [0x00000] in <c653b02de2b04aef933b0671d2b3e246>:0 
 
(Filename: <c055c80802d14a9db359fbdc91eb371c> Line: 0)

NullReferenceException: Object reference not set to an instance of an object
  at GameInput.HasFlag (GameInput+Button action, GameInput+InputStateFlags flag) [0x00009] in <c055c80802d14a9db359fbdc91eb371c>:0 
  at GameInput.GetButtonDown (GameInput+Button action) [0x00000] in <c055c80802d14a9db359fbdc91eb371c>:0 
  at ShoulderFlashlightMod.ShoulderFlashlightController.HandleToggleInput () [0x00005] in <c653b02de2b04aef933b0671d2b3e246>:0 
  at ShoulderFlashlightMod.ShoulderFlashlightController.Update () [0x00000] in <c653b02de2b04aef933b0671d2b3e246>:0 
 
(Filename: <c055c80802d14a9db359fbdc91eb371c> Line: 0)

NullReferenceException: Object reference not set to an instance of an object
  at GameInput.HasFlag (GameInput+Button action, GameInput+InputStateFlags flag) [0x00009] in <c055c80802d14a9db359fbdc91eb371c>:0 
  at GameInput.GetButtonDown (GameInput+Button action) [0x00000] in <c055c80802d14a9db359fbdc91eb371c>:0 
  at ShoulderFlashlightMod.ShoulderFlashlightController.HandleToggleInput () [0x00005] in <c653b02de2b04aef933b0671d2b3e246>:0 
  at ShoulderFlashlightMod.ShoulderFlashlightController.Update () [0x00000] in <c653b02de2b04aef933b0671d2b3e246>:0 
 
(Filename: <c055c80802d14a9db359fbdc91eb371c> Line: 0)

NullReferenceException: Object reference not set to an instance of an object
  at GameInput.HasFlag (GameInput+Button action, GameInput+InputStateFlags flag) [0x00009] in <c055c80802d14a9db359fbdc91eb371c>:0 
  at GameInput.GetButtonDown (GameInput+Button action) [0x00000] in <c055c80802d14a9db359fbdc91eb371c>:0 
  at ShoulderFlashlightMod.ShoulderFlashlightController.HandleToggleInput () [0x00005] in <c653b02de2b04aef933b0671d2b3e246>:0 
  at ShoulderFlashlightMod.ShoulderFlashlightController.Update () [0x00000] in <c653b02de2b04aef933b0671d2b3e246>:0 
 
(Filename: <c055c80802d14a9db359fbdc91eb371c> Line: 0)

NullReferenceException: Object reference not set to an instance of an object
  at GameInput.HasFlag (GameInput+Button action, GameInput+InputStateFlags flag) [0x00009] in <c055c80802d14a9db359fbdc91eb371c>:0 
  at GameInput.GetButtonDown (GameInput+Button action) [0x00000] in <c055c80802d14a9db359fbdc91eb371c>:0 
  at ShoulderFlashlightMod.ShoulderFlashlightController.HandleToggleInput () [0x00005] in <c653b02de2b04aef933b0671d2b3e246>:0 
  at ShoulderFlashlightMod.ShoulderFlashlightController.Update () [0x00000] in <c653b02de2b04aef933b0671d2b3e246>:0 
 
(Filename: <c055c80802d14a9db359fbdc91eb371c> Line: 0)

NullReferenceException: Object reference not set to an instance of an object
  at GameInput.HasFlag (GameInput+Button action, GameInput+InputStateFlags flag) [0x00009] in <c055c80802d14a9db359fbdc91eb371c>:0 
  at GameInput.GetButtonDown (GameInput+Button action) [0x00000] in <c055c80802d14a9db359fbdc91eb371c>:0 
  at ShoulderFlashlightMod.ShoulderFlashlightController.HandleToggleInput () [0x00005] in <c653b02de2b04aef933b0671d2b3e246>:0 
  at ShoulderFlashlightMod.ShoulderFlashlightController.Update () [0x00000] in <c653b02de2b04aef933b0671d2b3e246>:0 
 
(Filename: <c055c80802d14a9db359fbdc91eb371c> Line: 0)

NullReferenceException: Object reference not set to an instance of an object
  at GameInput.HasFlag (GameInput+Button action, GameInput+InputStateFlags flag) [0x00009] in <c055c80802d14a9db359fbdc91eb371c>:0 
  at GameInput.GetButtonDown (GameInput+Button action) [0x00000] in <c055c80802d14a9db359fbdc91eb371c>:0 
  at ShoulderFlashlightMod.ShoulderFlashlightController.HandleToggleInput () [0x00005] in <c653b02de2b04aef933b0671d2b3e246>:0 
  at ShoulderFlashlightMod.ShoulderFlashlightController.Update () [0x00000] in <c653b02de2b04aef933b0671d2b3e246>:0 
 
(Filename: <c055c80802d14a9db359fbdc91eb371c> Line: 0)

NullReferenceException: Object reference not set to an instance of an object
  at GameInput.HasFlag (GameInput+Button action, GameInput+InputStateFlags flag) [0x00009] in <c055c80802d14a9db359fbdc91eb371c>:0 
  at GameInput.GetButtonDown (GameInput+Button action) [0x00000] in <c055c80802d14a9db359fbdc91eb371c>:0 
  at ShoulderFlashlightMod.ShoulderFlashlightController.HandleToggleInput () [0x00005] in <c653b02de2b04aef933b0671d2b3e246>:0 
  at ShoulderFlashlightMod.ShoulderFlashlightController.Update () [0x00000] in <c653b02de2b04aef933b0671d2b3e246>:0 
 
(Filename: <c055c80802d14a9db359fbdc91eb371c> Line: 0)

NullReferenceException: Object reference not set to an instance of an object
  at GameInput.HasFlag (GameInput+Button action, GameInput+InputStateFlags flag) [0x00009] in <c055c80802d14a9db359fbdc91eb371c>:0 
  at GameInput.GetButtonDown (GameInput+Button action) [0x00000] in <c055c80802d14a9db359fbdc91eb371c>:0 
  at ShoulderFlashlightMod.ShoulderFlashlightController.HandleToggleInput () [0x00005] in <c653b02de2b04aef933b0671d2b3e246>:0 
  at ShoulderFlashlightMod.ShoulderFlashlightController.Update () [0x00000] in <c653b02de2b04aef933b0671d2b3e246>:0 
 
(Filename: <c055c80802d14a9db359fbdc91eb371c> Line: 0)

NullReferenceException: Object reference not set to an instance of an object
  at GameInput.HasFlag (GameInput+Button action, GameInput+InputStateFlags flag) [0x00009] in <c055c80802d14a9db359fbdc91eb371c>:0 
  at GameInput.GetButtonDown (GameInput+Button action) [0x00000] in <c055c80802d14a9db359fbdc91eb371c>:0 
  at ShoulderFlashlightMod.ShoulderFlashlightController.HandleToggleInput () [0x00005] in <c653b02de2b04aef933b0671d2b3e246>:0 
  at ShoulderFlashlightMod.ShoulderFlashlightController.Update () [0x00000] in <c653b02de2b04aef933b0671d2b3e246>:0 
 
(Filename: <c055c80802d14a9db359fbdc91eb371c> Line: 0)

NullReferenceException: Object reference not set to an instance of an object
  at GameInput.HasFlag (GameInput+Button action, GameInput+InputStateFlags flag) [0x00009] in <c055c80802d14a9db359fbdc91eb371c>:0 
  at GameInput.GetButtonDown (GameInput+Button action) [0x00000] in <c055c80802d14a9db359fbdc91eb371c>:0 
  at ShoulderFlashlightMod.ShoulderFlashlightController.HandleToggleInput () [0x00005] in <c653b02de2b04aef933b0671d2b3e246>:0 
  at ShoulderFlashlightMod.ShoulderFlashlightController.Update () [0x00000] in <c653b02de2b04aef933b0671d2b3e246>:0 
 
(Filename: <c055c80802d14a9db359fbdc91eb371c> Line: 0)

NullReferenceException: Object reference not set to an instance of an object
  at GameInput.HasFlag (GameInput+Button action, GameInput+InputStateFlags flag) [0x00009] in <c055c80802d14a9db359fbdc91eb371c>:0 
  at GameInput.GetButtonDown (GameInput+Button action) [0x00000] in <c055c80802d14a9db359fbdc91eb371c>:0 
  at ShoulderFlashlightMod.ShoulderFlashlightController.HandleToggleInput () [0x00005] in <c653b02de2b04aef933b0671d2b3e246>:0 
  at ShoulderFlashlightMod.ShoulderFlashlightController.Update () [0x00000] in <c653b02de2b04aef933b0671d2b3e246>:0 
 
(Filename: <c055c80802d14a9db359fbdc91eb371c> Line: 0)

NullReferenceException: Object reference not set to an instance of an object
  at GameInput.HasFlag (GameInput+Button action, GameInput+InputStateFlags flag) [0x00009] in <c055c80802d14a9db359fbdc91eb371c>:0 
  at GameInput.GetButtonDown (GameInput+Button action) [0x00000] in <c055c80802d14a9db359fbdc91eb371c>:0 
  at ShoulderFlashlightMod.ShoulderFlashlightController.HandleToggleInput () [0x00005] in <c653b02de2b04aef933b0671d2b3e246>:0 
  at ShoulderFlashlightMod.ShoulderFlashlightController.Update () [0x00000] in <c653b02de2b04aef933b0671d2b3e246>:0 
 
(Filename: <c055c80802d14a9db359fbdc91eb371c> Line: 0)

NullReferenceException: Object reference not set to an instance of an object
  at GameInput.HasFlag (GameInput+Button action, GameInput+InputStateFlags flag) [0x00009] in <c055c80802d14a9db359fbdc91eb371c>:0 
  at GameInput.GetButtonDown (GameInput+Button action) [0x00000] in <c055c80802d14a9db359fbdc91eb371c>:0 
  at ShoulderFlashlightMod.ShoulderFlashlightController.HandleToggleInput () [0x00005] in <c653b02de2b04aef933b0671d2b3e246>:0 
  at ShoulderFlashlightMod.ShoulderFlashlightController.Update () [0x00000] in <c653b02de2b04aef933b0671d2b3e246>:0 
 
(Filename: <c055c80802d14a9db359fbdc91eb371c> Line: 0)

NullReferenceException: Object reference not set to an instance of an object
  at GameInput.HasFlag (GameInput+Button action, GameInput+InputStateFlags flag) [0x00009] in <c055c80802d14a9db359fbdc91eb371c>:0 
  at GameInput.GetButtonDown (GameInput+Button action) [0x00000] in <c055c80802d14a9db359fbdc91eb371c>:0 
  at ShoulderFlashlightMod.ShoulderFlashlightController.HandleToggleInput () [0x00005] in <c653b02de2b04aef933b0671d2b3e246>:0 
  at ShoulderFlashlightMod.ShoulderFlashlightController.Update () [0x00000] in <c653b02de2b04aef933b0671d2b3e246>:0 
 
(Filename: <c055c80802d14a9db359fbdc91eb371c> Line: 0)

NullReferenceException: Object reference not set to an instance of an object
  at GameInput.HasFlag (GameInput+Button action, GameInput+InputStateFlags flag) [0x00009] in <c055c80802d14a9db359fbdc91eb371c>:0 
  at GameInput.GetButtonDown (GameInput+Button action) [0x00000] in <c055c80802d14a9db359fbdc91eb371c>:0 
  at ShoulderFlashlightMod.ShoulderFlashlightController.HandleToggleInput () [0x00005] in <c653b02de2b04aef933b0671d2b3e246>:0 
  at ShoulderFlashlightMod.ShoulderFlashlightController.Update () [0x00000] in <c653b02de2b04aef933b0671d2b3e246>:0 
 
(Filename: <c055c80802d14a9db359fbdc91eb371c> Line: 0)

NullReferenceException: Object reference not set to an instance of an object
  at GameInput.HasFlag (GameInput+Button action, GameInput+InputStateFlags flag) [0x00009] in <c055c80802d14a9db359fbdc91eb371c>:0 
  at GameInput.GetButtonDown (GameInput+Button action) [0x00000] in <c055c80802d14a9db359fbdc91eb371c>:0 
  at ShoulderFlashlightMod.ShoulderFlashlightController.HandleToggleInput () [0x00005] in <c653b02de2b04aef933b0671d2b3e246>:0 
  at ShoulderFlashlightMod.ShoulderFlashlightController.Update () [0x00000] in <c653b02de2b04aef933b0671d2b3e246>:0 
 
(Filename: <c055c80802d14a9db359fbdc91eb371c> Line: 0)

NullReferenceException: Object reference not set to an instance of an object
  at GameInput.HasFlag (GameInput+Button action, GameInput+InputStateFlags flag) [0x00009] in <c055c80802d14a9db359fbdc91eb371c>:0 
  at GameInput.GetButtonDown (GameInput+Button action) [0x00000] in <c055c80802d14a9db359fbdc91eb371c>:0 
  at ShoulderFlashlightMod.ShoulderFlashlightController.HandleToggleInput () [0x00005] in <c653b02de2b04aef933b0671d2b3e246>:0 
  at ShoulderFlashlightMod.ShoulderFlashlightController.Update () [0x00000] in <c653b02de2b04aef933b0671d2b3e246>:0 
 
(Filename: <c055c80802d14a9db359fbdc91eb371c> Line: 0)

NullReferenceException: Object reference not set to an instance of an object
  at GameInput.HasFlag (GameInput+Button action, GameInput+InputStateFlags flag) [0x00009] in <c055c80802d14a9db359fbdc91eb371c>:0 
  at GameInput.GetButtonDown (GameInput+Button action) [0x00000] in <c055c80802d14a9db359fbdc91eb371c>:0 
  at ShoulderFlashlightMod.ShoulderFlashlightController.HandleToggleInput () [0x00005] in <c653b02de2b04aef933b0671d2b3e246>:0 
  at ShoulderFlashlightMod.ShoulderFlashlightController.Update () [0x00000] in <c653b02de2b04aef933b0671d2b3e246>:0 
 
(Filename: <c055c80802d14a9db359fbdc91eb371c> Line: 0)

NullReferenceException: Object reference not set to an instance of an object
  at GameInput.HasFlag (GameInput+Button action, GameInput+InputStateFlags flag) [0x00009] in <c055c80802d14a9db359fbdc91eb371c>:0 
  at GameInput.GetButtonDown (GameInput+Button action) [0x00000] in <c055c80802d14a9db359fbdc91eb371c>:0 
  at ShoulderFlashlightMod.ShoulderFlashlightController.HandleToggleInput () [0x00005] in <c653b02de2b04aef933b0671d2b3e246>:0 
  at ShoulderFlashlightMod.ShoulderFlashlightController.Update () [0x00000] in <c653b02de2b04aef933b0671d2b3e246>:0 
 
(Filename: <c055c80802d14a9db359fbdc91eb371c> Line: 0)

NullReferenceException: Object reference not set to an instance of an object
  at GameInput.HasFlag (GameInput+Button action, GameInput+InputStateFlags flag) [0x00009] in <c055c80802d14a9db359fbdc91eb371c>:0 
  at GameInput.GetButtonDown (GameInput+Button action) [0x00000] in <c055c80802d14a9db359fbdc91eb371c>:0 
  at ShoulderFlashlightMod.ShoulderFlashlightController.HandleToggleInput () [0x00005] in <c653b02de2b04aef933b0671d2b3e246>:0 
  at ShoulderFlashlightMod.ShoulderFlashlightController.Update () [0x00000] in <c653b02de2b04aef933b0671d2b3e246>:0 
 
(Filename: <c055c80802d14a9db359fbdc91eb371c> Line: 0)

NullReferenceException: Object reference not set to an instance of an object
  at GameInput.HasFlag (GameInput+Button action, GameInput+InputStateFlags flag) [0x00009] in <c055c80802d14a9db359fbdc91eb371c>:0 
  at GameInput.GetButtonDown (GameInput+Button action) [0x00000] in <c055c80802d14a9db359fbdc91eb371c>:0 
  at ShoulderFlashlightMod.ShoulderFlashlightController.HandleToggleInput () [0x00005] in <c653b02de2b04aef933b0671d2b3e246>:0 
  at ShoulderFlashlightMod.ShoulderFlashlightController.Update () [0x00000] in <c653b02de2b04aef933b0671d2b3e246>:0 
 
(Filename: <c055c80802d14a9db359fbdc91eb371c> Line: 0)

NullReferenceException: Object reference not set to an instance of an object
  at GameInput.HasFlag (GameInput+Button action, GameInput+InputStateFlags flag) [0x00009] in <c055c80802d14a9db359fbdc91eb371c>:0 
  at GameInput.GetButtonDown (GameInput+Button action) [0x00000] in <c055c80802d14a9db359fbdc91eb371c>:0 
  at ShoulderFlashlightMod.ShoulderFlashlightController.HandleToggleInput () [0x00005] in <c653b02de2b04aef933b0671d2b3e246>:0 
  at ShoulderFlashlightMod.ShoulderFlashlightController.Update () [0x00000] in <c653b02de2b04aef933b0671d2b3e246>:0 
 
(Filename: <c055c80802d14a9db359fbdc91eb371c> Line: 0)

NullReferenceException: Object reference not set to an instance of an object
  at GameInput.HasFlag (GameInput+Button action, GameInput+InputStateFlags flag) [0x00009] in <c055c80802d14a9db359fbdc91eb371c>:0 
  at GameInput.GetButtonDown (GameInput+Button action) [0x00000] in <c055c80802d14a9db359fbdc91eb371c>:0 
  at ShoulderFlashlightMod.ShoulderFlashlightController.HandleToggleInput () [0x00005] in <c653b02de2b04aef933b0671d2b3e246>:0 
  at ShoulderFlashlightMod.ShoulderFlashlightController.Update () [0x00000] in <c653b02de2b04aef933b0671d2b3e246>:0 
 
(Filename: <c055c80802d14a9db359fbdc91eb371c> Line: 0)

NullReferenceException: Object reference not set to an instance of an object
  at GameInput.HasFlag (GameInput+Button action, GameInput+InputStateFlags flag) [0x00009] in <c055c80802d14a9db359fbdc91eb371c>:0 
  at GameInput.GetButtonDown (GameInput+Button action) [0x00000] in <c055c80802d14a9db359fbdc91eb371c>:0 
  at ShoulderFlashlightMod.ShoulderFlashlightController.HandleToggleInput () [0x00005] in <c653b02de2b04aef933b0671d2b3e246>:0 
  at ShoulderFlashlightMod.ShoulderFlashlightController.Update () [0x00000] in <c653b02de2b04aef933b0671d2b3e246>:0 
 
(Filename: <c055c80802d14a9db359fbdc91eb371c> Line: 0)

NullReferenceException: Object reference not set to an instance of an object
  at GameInput.HasFlag (GameInput+Button action, GameInput+InputStateFlags flag) [0x00009] in <c055c80802d14a9db359fbdc91eb371c>:0 
  at GameInput.GetButtonDown (GameInput+Button action) [0x00000] in <c055c80802d14a9db359fbdc91eb371c>:0 
  at ShoulderFlashlightMod.ShoulderFlashlightController.HandleToggleInput () [0x00005] in <c653b02de2b04aef933b0671d2b3e246>:0 
  at ShoulderFlashlightMod.ShoulderFlashlightController.Update () [0x00000] in <c653b02de2b04aef933b0671d2b3e246>:0 
 
(Filename: <c055c80802d14a9db359fbdc91eb371c> Line: 0)

NullReferenceException: Object reference not set to an instance of an object
  at GameInput.HasFlag (GameInput+Button action, GameInput+InputStateFlags flag) [0x00009] in <c055c80802d14a9db359fbdc91eb371c>:0 
  at GameInput.GetButtonDown (GameInput+Button action) [0x00000] in <c055c80802d14a9db359fbdc91eb371c>:0 
  at ShoulderFlashlightMod.ShoulderFlashlightController.HandleToggleInput () [0x00005] in <c653b02de2b04aef933b0671d2b3e246>:0 
  at ShoulderFlashlightMod.ShoulderFlashlightController.Update () [0x00000] in <c653b02de2b04aef933b0671d2b3e246>:0 
 
(Filename: <c055c80802d14a9db359fbdc91eb371c> Line: 0)

NullReferenceException: Object reference not set to an instance of an object
  at GameInput.HasFlag (GameInput+Button action, GameInput+InputStateFlags flag) [0x00009] in <c055c80802d14a9db359fbdc91eb371c>:0 
  at GameInput.GetButtonDown (GameInput+Button action) [0x00000] in <c055c80802d14a9db359fbdc91eb371c>:0 
  at ShoulderFlashlightMod.ShoulderFlashlightController.HandleToggleInput () [0x00005] in <c653b02de2b04aef933b0671d2b3e246>:0 
  at ShoulderFlashlightMod.ShoulderFlashlightController.Update () [0x00000] in <c653b02de2b04aef933b0671d2b3e246>:0 
 
(Filename: <c055c80802d14a9db359fbdc91eb371c> Line: 0)

NullReferenceException: Object reference not set to an instance of an object
  at GameInput.HasFlag (GameInput+Button action, GameInput+InputStateFlags flag) [0x00009] in <c055c80802d14a9db359fbdc91eb371c>:0 
  at GameInput.GetButtonDown (GameInput+Button action) [0x00000] in <c055c80802d14a9db359fbdc91eb371c>:0 
  at ShoulderFlashlightMod.ShoulderFlashlightController.HandleToggleInput () [0x00005] in <c653b02de2b04aef933b0671d2b3e246>:0 
  at ShoulderFlashlightMod.ShoulderFlashlightController.Update () [0x00000] in <c653b02de2b04aef933b0671d2b3e246>:0 
 
(Filename: <c055c80802d14a9db359fbdc91eb371c> Line: 0)

NullReferenceException: Object reference not set to an instance of an object
  at GameInput.HasFlag (GameInput+Button action, GameInput+InputStateFlags flag) [0x00009] in <c055c80802d14a9db359fbdc91eb371c>:0 
  at GameInput.GetButtonDown (GameInput+Button action) [0x00000] in <c055c80802d14a9db359fbdc91eb371c>:0 
  at ShoulderFlashlightMod.ShoulderFlashlightController.HandleToggleInput () [0x00005] in <c653b02de2b04aef933b0671d2b3e246>:0 
  at ShoulderFlashlightMod.ShoulderFlashlightController.Update () [0x00000] in <c653b02de2b04aef933b0671d2b3e246>:0 
 
(Filename: <c055c80802d14a9db359fbdc91eb371c> Line: 0)

NullReferenceException: Object reference not set to an instance of an object
  at GameInput.HasFlag (GameInput+Button action, GameInput+InputStateFlags flag) [0x00009] in <c055c80802d14a9db359fbdc91eb371c>:0 
  at GameInput.GetButtonDown (GameInput+Button action) [0x00000] in <c055c80802d14a9db359fbdc91eb371c>:0 
  at ShoulderFlashlightMod.ShoulderFlashlightController.HandleToggleInput () [0x00005] in <c653b02de2b04aef933b0671d2b3e246>:0 
  at ShoulderFlashlightMod.ShoulderFlashlightController.Update () [0x00000] in <c653b02de2b04aef933b0671d2b3e246>:0 
 
(Filename: <c055c80802d14a9db359fbdc91eb371c> Line: 0)

NullReferenceException: Object reference not set to an instance of an object
  at GameInput.HasFlag (GameInput+Button action, GameInput+InputStateFlags flag) [0x00009] in <c055c80802d14a9db359fbdc91eb371c>:0 
  at GameInput.GetButtonDown (GameInput+Button action) [0x00000] in <c055c80802d14a9db359fbdc91eb371c>:0 
  at ShoulderFlashlightMod.ShoulderFlashlightController.HandleToggleInput () [0x00005] in <c653b02de2b04aef933b0671d2b3e246>:0 
  at ShoulderFlashlightMod.ShoulderFlashlightController.Update () [0x00000] in <c653b02de2b04aef933b0671d2b3e246>:0 
 
(Filename: <c055c80802d14a9db359fbdc91eb371c> Line: 0)

NullReferenceException: Object reference not set to an instance of an object
  at GameInput.HasFlag (GameInput+Button action, GameInput+InputStateFlags flag) [0x00009] in <c055c80802d14a9db359fbdc91eb371c>:0 
  at GameInput.GetButtonDown (GameInput+Button action) [0x00000] in <c055c80802d14a9db359fbdc91eb371c>:0 
  at ShoulderFlashlightMod.ShoulderFlashlightController.HandleToggleInput () [0x00005] in <c653b02de2b04aef933b0671d2b3e246>:0 
  at ShoulderFlashlightMod.ShoulderFlashlightController.Update () [0x00000] in <c653b02de2b04aef933b0671d2b3e246>:0 
 
(Filename: <c055c80802d14a9db359fbdc91eb371c> Line: 0)

NullReferenceException: Object reference not set to an instance of an object
  at GameInput.HasFlag (GameInput+Button action, GameInput+InputStateFlags flag) [0x00009] in <c055c80802d14a9db359fbdc91eb371c>:0 
  at GameInput.GetButtonDown (GameInput+Button action) [0x00000] in <c055c80802d14a9db359fbdc91eb371c>:0 
  at ShoulderFlashlightMod.ShoulderFlashlightController.HandleToggleInput () [0x00005] in <c653b02de2b04aef933b0671d2b3e246>:0 
  at ShoulderFlashlightMod.ShoulderFlashlightController.Update () [0x00000] in <c653b02de2b04aef933b0671d2b3e246>:0 
 
(Filename: <c055c80802d14a9db359fbdc91eb371c> Line: 0)

NullReferenceException: Object reference not set to an instance of an object
  at GameInput.HasFlag (GameInput+Button action, GameInput+InputStateFlags flag) [0x00009] in <c055c80802d14a9db359fbdc91eb371c>:0 
  at GameInput.GetButtonDown (GameInput+Button action) [0x00000] in <c055c80802d14a9db359fbdc91eb371c>:0 
  at ShoulderFlashlightMod.ShoulderFlashlightController.HandleToggleInput () [0x00005] in <c653b02de2b04aef933b0671d2b3e246>:0 
  at ShoulderFlashlightMod.ShoulderFlashlightController.Update () [0x00000] in <c653b02de2b04aef933b0671d2b3e246>:0 
 
(Filename: <c055c80802d14a9db359fbdc91eb371c> Line: 0)

NullReferenceException: Object reference not set to an instance of an object
  at GameInput.HasFlag (GameInput+Button action, GameInput+InputStateFlags flag) [0x00009] in <c055c80802d14a9db359fbdc91eb371c>:0 
  at GameInput.GetButtonDown (GameInput+Button action) [0x00000] in <c055c80802d14a9db359fbdc91eb371c>:0 
  at ShoulderFlashlightMod.ShoulderFlashlightController.HandleToggleInput () [0x00005] in <c653b02de2b04aef933b0671d2b3e246>:0 
  at ShoulderFlashlightMod.ShoulderFlashlightController.Update () [0x00000] in <c653b02de2b04aef933b0671d2b3e246>:0 
 
(Filename: <c055c80802d14a9db359fbdc91eb371c> Line: 0)

NullReferenceException: Object reference not set to an instance of an object
  at GameInput.HasFlag (GameInput+Button action, GameInput+InputStateFlags flag) [0x00009] in <c055c80802d14a9db359fbdc91eb371c>:0 
  at GameInput.GetButtonDown (GameInput+Button action) [0x00000] in <c055c80802d14a9db359fbdc91eb371c>:0 
  at ShoulderFlashlightMod.ShoulderFlashlightController.HandleToggleInput () [0x00005] in <c653b02de2b04aef933b0671d2b3e246>:0 
  at ShoulderFlashlightMod.ShoulderFlashlightController.Update () [0x00000] in <c653b02de2b04aef933b0671d2b3e246>:0 
 
(Filename: <c055c80802d14a9db359fbdc91eb371c> Line: 0)

NullReferenceException: Object reference not set to an instance of an object
  at GameInput.HasFlag (GameInput+Button action, GameInput+InputStateFlags flag) [0x00009] in <c055c80802d14a9db359fbdc91eb371c>:0 
  at GameInput.GetButtonDown (GameInput+Button action) [0x00000] in <c055c80802d14a9db359fbdc91eb371c>:0 
  at ShoulderFlashlightMod.ShoulderFlashlightController.HandleToggleInput () [0x00005] in <c653b02de2b04aef933b0671d2b3e246>:0 
  at ShoulderFlashlightMod.ShoulderFlashlightController.Update () [0x00000] in <c653b02de2b04aef933b0671d2b3e246>:0 
 
(Filename: <c055c80802d14a9db359fbdc91eb371c> Line: 0)

NullReferenceException: Object reference not set to an instance of an object
  at GameInput.HasFlag (GameInput+Button action, GameInput+InputStateFlags flag) [0x00009] in <c055c80802d14a9db359fbdc91eb371c>:0 
  at GameInput.GetButtonDown (GameInput+Button action) [0x00000] in <c055c80802d14a9db359fbdc91eb371c>:0 
  at ShoulderFlashlightMod.ShoulderFlashlightController.HandleToggleInput () [0x00005] in <c653b02de2b04aef933b0671d2b3e246>:0 
  at ShoulderFlashlightMod.ShoulderFlashlightController.Update () [0x00000] in <c653b02de2b04aef933b0671d2b3e246>:0 
 
(Filename: <c055c80802d14a9db359fbdc91eb371c> Line: 0)

NullReferenceException: Object reference not set to an instance of an object
  at GameInput.HasFlag (GameInput+Button action, GameInput+InputStateFlags flag) [0x00009] in <c055c80802d14a9db359fbdc91eb371c>:0 
  at GameInput.GetButtonDown (GameInput+Button action) [0x00000] in <c055c80802d14a9db359fbdc91eb371c>:0 
  at ShoulderFlashlightMod.ShoulderFlashlightController.HandleToggleInput () [0x00005] in <c653b02de2b04aef933b0671d2b3e246>:0 
  at ShoulderFlashlightMod.ShoulderFlashlightController.Update () [0x00000] in <c653b02de2b04aef933b0671d2b3e246>:0 
 
(Filename: <c055c80802d14a9db359fbdc91eb371c> Line: 0)

NullReferenceException: Object reference not set to an instance of an object
  at GameInput.HasFlag (GameInput+Button action, GameInput+InputStateFlags flag) [0x00009] in <c055c80802d14a9db359fbdc91eb371c>:0 
  at GameInput.GetButtonDown (GameInput+Button action) [0x00000] in <c055c80802d14a9db359fbdc91eb371c>:0 
  at ShoulderFlashlightMod.ShoulderFlashlightController.HandleToggleInput () [0x00005] in <c653b02de2b04aef933b0671d2b3e246>:0 
  at ShoulderFlashlightMod.ShoulderFlashlightController.Update () [0x00000] in <c653b02de2b04aef933b0671d2b3e246>:0 
 
(Filename: <c055c80802d14a9db359fbdc91eb371c> Line: 0)

NullReferenceException: Object reference not set to an instance of an object
  at GameInput.HasFlag (GameInput+Button action, GameInput+InputStateFlags flag) [0x00009] in <c055c80802d14a9db359fbdc91eb371c>:0 
  at GameInput.GetButtonDown (GameInput+Button action) [0x00000] in <c055c80802d14a9db359fbdc91eb371c>:0 
  at ShoulderFlashlightMod.ShoulderFlashlightController.HandleToggleInput () [0x00005] in <c653b02de2b04aef933b0671d2b3e246>:0 
  at ShoulderFlashlightMod.ShoulderFlashlightController.Update () [0x00000] in <c653b02de2b04aef933b0671d2b3e246>:0 
 
(Filename: <c055c80802d14a9db359fbdc91eb371c> Line: 0)

NullReferenceException: Object reference not set to an instance of an object
  at GameInput.HasFlag (GameInput+Button action, GameInput+InputStateFlags flag) [0x00009] in <c055c80802d14a9db359fbdc91eb371c>:0 
  at GameInput.GetButtonDown (GameInput+Button action) [0x00000] in <c055c80802d14a9db359fbdc91eb371c>:0 
  at ShoulderFlashlightMod.ShoulderFlashlightController.HandleToggleInput () [0x00005] in <c653b02de2b04aef933b0671d2b3e246>:0 
  at ShoulderFlashlightMod.ShoulderFlashlightController.Update () [0x00000] in <c653b02de2b04aef933b0671d2b3e246>:0 
 
(Filename: <c055c80802d14a9db359fbdc91eb371c> Line: 0)

NullReferenceException: Object reference not set to an instance of an object
  at GameInput.HasFlag (GameInput+Button action, GameInput+InputStateFlags flag) [0x00009] in <c055c80802d14a9db359fbdc91eb371c>:0 
  at GameInput.GetButtonDown (GameInput+Button action) [0x00000] in <c055c80802d14a9db359fbdc91eb371c>:0 
  at ShoulderFlashlightMod.ShoulderFlashlightController.HandleToggleInput () [0x00005] in <c653b02de2b04aef933b0671d2b3e246>:0 
  at ShoulderFlashlightMod.ShoulderFlashlightController.Update () [0x00000] in <c653b02de2b04aef933b0671d2b3e246>:0 
 
(Filename: <c055c80802d14a9db359fbdc91eb371c> Line: 0)

NullReferenceException: Object reference not set to an instance of an object
  at GameInput.HasFlag (GameInput+Button action, GameInput+InputStateFlags flag) [0x00009] in <c055c80802d14a9db359fbdc91eb371c>:0 
  at GameInput.GetButtonDown (GameInput+Button action) [0x00000] in <c055c80802d14a9db359fbdc91eb371c>:0 
  at ShoulderFlashlightMod.ShoulderFlashlightController.HandleToggleInput () [0x00005] in <c653b02de2b04aef933b0671d2b3e246>:0 
  at ShoulderFlashlightMod.ShoulderFlashlightController.Update () [0x00000] in <c653b02de2b04aef933b0671d2b3e246>:0 
 
(Filename: <c055c80802d14a9db359fbdc91eb371c> Line: 0)

NullReferenceException: Object reference not set to an instance of an object
  at GameInput.HasFlag (GameInput+Button action, GameInput+InputStateFlags flag) [0x00009] in <c055c80802d14a9db359fbdc91eb371c>:0 
  at GameInput.GetButtonDown (GameInput+Button action) [0x00000] in <c055c80802d14a9db359fbdc91eb371c>:0 
  at ShoulderFlashlightMod.ShoulderFlashlightController.HandleToggleInput () [0x00005] in <c653b02de2b04aef933b0671d2b3e246>:0 
  at ShoulderFlashlightMod.ShoulderFlashlightController.Update () [0x00000] in <c653b02de2b04aef933b0671d2b3e246>:0 
 
(Filename: <c055c80802d14a9db359fbdc91eb371c> Line: 0)

NullReferenceException: Object reference not set to an instance of an object
  at GameInput.HasFlag (GameInput+Button action, GameInput+InputStateFlags flag) [0x00009] in <c055c80802d14a9db359fbdc91eb371c>:0 
  at GameInput.GetButtonDown (GameInput+Button action) [0x00000] in <c055c80802d14a9db359fbdc91eb371c>:0 
  at ShoulderFlashlightMod.ShoulderFlashlightController.HandleToggleInput () [0x00005] in <c653b02de2b04aef933b0671d2b3e246>:0 
  at ShoulderFlashlightMod.ShoulderFlashlightController.Update () [0x00000] in <c653b02de2b04aef933b0671d2b3e246>:0 
 
(Filename: <c055c80802d14a9db359fbdc91eb371c> Line: 0)

NullReferenceException: Object reference not set to an instance of an object
  at GameInput.HasFlag (GameInput+Button action, GameInput+InputStateFlags flag) [0x00009] in <c055c80802d14a9db359fbdc91eb371c>:0 
  at GameInput.GetButtonDown (GameInput+Button action) [0x00000] in <c055c80802d14a9db359fbdc91eb371c>:0 
  at ShoulderFlashlightMod.ShoulderFlashlightController.HandleToggleInput () [0x00005] in <c653b02de2b04aef933b0671d2b3e246>:0 
  at ShoulderFlashlightMod.ShoulderFlashlightController.Update () [0x00000] in <c653b02de2b04aef933b0671d2b3e246>:0 
 
(Filename: <c055c80802d14a9db359fbdc91eb371c> Line: 0)

NullReferenceException: Object reference not set to an instance of an object
  at GameInput.HasFlag (GameInput+Button action, GameInput+InputStateFlags flag) [0x00009] in <c055c80802d14a9db359fbdc91eb371c>:0 
  at GameInput.GetButtonDown (GameInput+Button action) [0x00000] in <c055c80802d14a9db359fbdc91eb371c>:0 
  at ShoulderFlashlightMod.ShoulderFlashlightController.HandleToggleInput () [0x00005] in <c653b02de2b04aef933b0671d2b3e246>:0 
  at ShoulderFlashlightMod.ShoulderFlashlightController.Update () [0x00000] in <c653b02de2b04aef933b0671d2b3e246>:0 
 
(Filename: <c055c80802d14a9db359fbdc91eb371c> Line: 0)

NullReferenceException: Object reference not set to an instance of an object
  at GameInput.HasFlag (GameInput+Button action, GameInput+InputStateFlags flag) [0x00009] in <c055c80802d14a9db359fbdc91eb371c>:0 
  at GameInput.GetButtonDown (GameInput+Button action) [0x00000] in <c055c80802d14a9db359fbdc91eb371c>:0 
  at ShoulderFlashlightMod.ShoulderFlashlightController.HandleToggleInput () [0x00005] in <c653b02de2b04aef933b0671d2b3e246>:0 
  at ShoulderFlashlightMod.ShoulderFlashlightController.Update () [0x00000] in <c653b02de2b04aef933b0671d2b3e246>:0 
 
(Filename: <c055c80802d14a9db359fbdc91eb371c> Line: 0)

NullReferenceException: Object reference not set to an instance of an object
  at GameInput.HasFlag (GameInput+Button action, GameInput+InputStateFlags flag) [0x00009] in <c055c80802d14a9db359fbdc91eb371c>:0 
  at GameInput.GetButtonDown (GameInput+Button action) [0x00000] in <c055c80802d14a9db359fbdc91eb371c>:0 
  at ShoulderFlashlightMod.ShoulderFlashlightController.HandleToggleInput () [0x00005] in <c653b02de2b04aef933b0671d2b3e246>:0 
  at ShoulderFlashlightMod.ShoulderFlashlightController.Update () [0x00000] in <c653b02de2b04aef933b0671d2b3e246>:0 
 
(Filename: <c055c80802d14a9db359fbdc91eb371c> Line: 0)

NullReferenceException: Object reference not set to an instance of an object
  at GameInput.HasFlag (GameInput+Button action, GameInput+InputStateFlags flag) [0x00009] in <c055c80802d14a9db359fbdc91eb371c>:0 
  at GameInput.GetButtonDown (GameInput+Button action) [0x00000] in <c055c80802d14a9db359fbdc91eb371c>:0 
  at ShoulderFlashlightMod.ShoulderFlashlightController.HandleToggleInput () [0x00005] in <c653b02de2b04aef933b0671d2b3e246>:0 
  at ShoulderFlashlightMod.ShoulderFlashlightController.Update () [0x00000] in <c653b02de2b04aef933b0671d2b3e246>:0 
 
(Filename: <c055c80802d14a9db359fbdc91eb371c> Line: 0)

NullReferenceException: Object reference not set to an instance of an object
  at GameInput.HasFlag (GameInput+Button action, GameInput+InputStateFlags flag) [0x00009] in <c055c80802d14a9db359fbdc91eb371c>:0 
  at GameInput.GetButtonDown (GameInput+Button action) [0x00000] in <c055c80802d14a9db359fbdc91eb371c>:0 
  at ShoulderFlashlightMod.ShoulderFlashlightController.HandleToggleInput () [0x00005] in <c653b02de2b04aef933b0671d2b3e246>:0 
  at ShoulderFlashlightMod.ShoulderFlashlightController.Update () [0x00000] in <c653b02de2b04aef933b0671d2b3e246>:0 
 
(Filename: <c055c80802d14a9db359fbdc91eb371c> Line: 0)

NullReferenceException: Object reference not set to an instance of an object
  at GameInput.HasFlag (GameInput+Button action, GameInput+InputStateFlags flag) [0x00009] in <c055c80802d14a9db359fbdc91eb371c>:0 
  at GameInput.GetButtonDown (GameInput+Button action) [0x00000] in <c055c80802d14a9db359fbdc91eb371c>:0 
  at ShoulderFlashlightMod.ShoulderFlashlightController.HandleToggleInput () [0x00005] in <c653b02de2b04aef933b0671d2b3e246>:0 
  at ShoulderFlashlightMod.ShoulderFlashlightController.Update () [0x00000] in <c653b02de2b04aef933b0671d2b3e246>:0 
 
(Filename: <c055c80802d14a9db359fbdc91eb371c> Line: 0)

NullReferenceException: Object reference not set to an instance of an object
  at GameInput.HasFlag (GameInput+Button action, GameInput+InputStateFlags flag) [0x00009] in <c055c80802d14a9db359fbdc91eb371c>:0 
  at GameInput.GetButtonDown (GameInput+Button action) [0x00000] in <c055c80802d14a9db359fbdc91eb371c>:0 
  at ShoulderFlashlightMod.ShoulderFlashlightController.HandleToggleInput () [0x00005] in <c653b02de2b04aef933b0671d2b3e246>:0 
  at ShoulderFlashlightMod.ShoulderFlashlightController.Update () [0x00000] in <c653b02de2b04aef933b0671d2b3e246>:0 
 
(Filename: <c055c80802d14a9db359fbdc91eb371c> Line: 0)

NullReferenceException: Object reference not set to an instance of an object
  at GameInput.HasFlag (GameInput+Button action, GameInput+InputStateFlags flag) [0x00009] in <c055c80802d14a9db359fbdc91eb371c>:0 
  at GameInput.GetButtonDown (GameInput+Button action) [0x00000] in <c055c80802d14a9db359fbdc91eb371c>:0 
  at ShoulderFlashlightMod.ShoulderFlashlightController.HandleToggleInput () [0x00005] in <c653b02de2b04aef933b0671d2b3e246>:0 
  at ShoulderFlashlightMod.ShoulderFlashlightController.Update () [0x00000] in <c653b02de2b04aef933b0671d2b3e246>:0 
 
(Filename: <c055c80802d14a9db359fbdc91eb371c> Line: 0)

NullReferenceException: Object reference not set to an instance of an object
  at GameInput.HasFlag (GameInput+Button action, GameInput+InputStateFlags flag) [0x00009] in <c055c80802d14a9db359fbdc91eb371c>:0 
  at GameInput.GetButtonDown (GameInput+Button action) [0x00000] in <c055c80802d14a9db359fbdc91eb371c>:0 
  at ShoulderFlashlightMod.ShoulderFlashlightController.HandleToggleInput () [0x00005] in <c653b02de2b04aef933b0671d2b3e246>:0 
  at ShoulderFlashlightMod.ShoulderFlashlightController.Update () [0x00000] in <c653b02de2b04aef933b0671d2b3e246>:0 
 
(Filename: <c055c80802d14a9db359fbdc91eb371c> Line: 0)

NullReferenceException: Object reference not set to an instance of an object
  at GameInput.HasFlag (GameInput+Button action, GameInput+InputStateFlags flag) [0x00009] in <c055c80802d14a9db359fbdc91eb371c>:0 
  at GameInput.GetButtonDown (GameInput+Button action) [0x00000] in <c055c80802d14a9db359fbdc91eb371c>:0 
  at ShoulderFlashlightMod.ShoulderFlashlightController.HandleToggleInput () [0x00005] in <c653b02de2b04aef933b0671d2b3e246>:0 
  at ShoulderFlashlightMod.ShoulderFlashlightController.Update () [0x00000] in <c653b02de2b04aef933b0671d2b3e246>:0 
 
(Filename: <c055c80802d14a9db359fbdc91eb371c> Line: 0)

[Info   :FindMyUpdates] AchievementUnlocker is up-to date. You are using 5.0.0 and the latest available version is 5.0.0
NullReferenceException: Object reference not set to an instance of an object
  at GameInput.HasFlag (GameInput+Button action, GameInput+InputStateFlags flag) [0x00009] in <c055c80802d14a9db359fbdc91eb371c>:0 
  at GameInput.GetButtonDown (GameInput+Button action) [0x00000] in <c055c80802d14a9db359fbdc91eb371c>:0 
  at ShoulderFlashlightMod.ShoulderFlashlightController.HandleToggleInput () [0x00005] in <c653b02de2b04aef933b0671d2b3e246>:0 
  at ShoulderFlashlightMod.ShoulderFlashlightController.Update () [0x00000] in <c653b02de2b04aef933b0671d2b3e246>:0 
 
(Filename: <c055c80802d14a9db359fbdc91eb371c> Line: 0)

NullReferenceException: Object reference not set to an instance of an object
  at GameInput.HasFlag (GameInput+Button action, GameInput+InputStateFlags flag) [0x00009] in <c055c80802d14a9db359fbdc91eb371c>:0 
  at GameInput.GetButtonDown (GameInput+Button action) [0x00000] in <c055c80802d14a9db359fbdc91eb371c>:0 
  at ShoulderFlashlightMod.ShoulderFlashlightController.HandleToggleInput () [0x00005] in <c653b02de2b04aef933b0671d2b3e246>:0 
  at ShoulderFlashlightMod.ShoulderFlashlightController.Update () [0x00000] in <c653b02de2b04aef933b0671d2b3e246>:0 
 
(Filename: <c055c80802d14a9db359fbdc91eb371c> Line: 0)

NullReferenceException: Object reference not set to an instance of an object
  at GameInput.HasFlag (GameInput+Button action, GameInput+InputStateFlags flag) [0x00009] in <c055c80802d14a9db359fbdc91eb371c>:0 
  at GameInput.GetButtonDown (GameInput+Button action) [0x00000] in <c055c80802d14a9db359fbdc91eb371c>:0 
  at ShoulderFlashlightMod.ShoulderFlashlightController.HandleToggleInput () [0x00005] in <c653b02de2b04aef933b0671d2b3e246>:0 
  at ShoulderFlashlightMod.ShoulderFlashlightController.Update () [0x00000] in <c653b02de2b04aef933b0671d2b3e246>:0 
 
(Filename: <c055c80802d14a9db359fbdc91eb371c> Line: 0)

NullReferenceException: Object reference not set to an instance of an object
  at GameInput.HasFlag (GameInput+Button action, GameInput+InputStateFlags flag) [0x00009] in <c055c80802d14a9db359fbdc91eb371c>:0 
  at GameInput.GetButtonDown (GameInput+Button action) [0x00000] in <c055c80802d14a9db359fbdc91eb371c>:0 
  at ShoulderFlashlightMod.ShoulderFlashlightController.HandleToggleInput () [0x00005] in <c653b02de2b04aef933b0671d2b3e246>:0 
  at ShoulderFlashlightMod.ShoulderFlashlightController.Update () [0x00000] in <c653b02de2b04aef933b0671d2b3e246>:0 
 
(Filename: <c055c80802d14a9db359fbdc91eb371c> Line: 0)

NullReferenceException: Object reference not set to an instance of an object
  at GameInput.HasFlag (GameInput+Button action, GameInput+InputStateFlags flag) [0x00009] in <c055c80802d14a9db359fbdc91eb371c>:0 
  at GameInput.GetButtonDown (GameInput+Button action) [0x00000] in <c055c80802d14a9db359fbdc91eb371c>:0 
  at ShoulderFlashlightMod.ShoulderFlashlightController.HandleToggleInput () [0x00005] in <c653b02de2b04aef933b0671d2b3e246>:0 
  at ShoulderFlashlightMod.ShoulderFlashlightController.Update () [0x00000] in <c653b02de2b04aef933b0671d2b3e246>:0 
 
(Filename: <c055c80802d14a9db359fbdc91eb371c> Line: 0)

NullReferenceException: Object reference not set to an instance of an object
  at GameInput.HasFlag (GameInput+Button action, GameInput+InputStateFlags flag) [0x00009] in <c055c80802d14a9db359fbdc91eb371c>:0 
  at GameInput.GetButtonDown (GameInput+Button action) [0x00000] in <c055c80802d14a9db359fbdc91eb371c>:0 
  at ShoulderFlashlightMod.ShoulderFlashlightController.HandleToggleInput () [0x00005] in <c653b02de2b04aef933b0671d2b3e246>:0 
  at ShoulderFlashlightMod.ShoulderFlashlightController.Update () [0x00000] in <c653b02de2b04aef933b0671d2b3e246>:0 
 
(Filename: <c055c80802d14a9db359fbdc91eb371c> Line: 0)

NullReferenceException: Object reference not set to an instance of an object
  at GameInput.HasFlag (GameInput+Button action, GameInput+InputStateFlags flag) [0x00009] in <c055c80802d14a9db359fbdc91eb371c>:0 
  at GameInput.GetButtonDown (GameInput+Button action) [0x00000] in <c055c80802d14a9db359fbdc91eb371c>:0 
  at ShoulderFlashlightMod.ShoulderFlashlightController.HandleToggleInput () [0x00005] in <c653b02de2b04aef933b0671d2b3e246>:0 
  at ShoulderFlashlightMod.ShoulderFlashlightController.Update () [0x00000] in <c653b02de2b04aef933b0671d2b3e246>:0 
 
(Filename: <c055c80802d14a9db359fbdc91eb371c> Line: 0)

NullReferenceException: Object reference not set to an instance of an object
  at GameInput.HasFlag (GameInput+Button action, GameInput+InputStateFlags flag) [0x00009] in <c055c80802d14a9db359fbdc91eb371c>:0 
  at GameInput.GetButtonDown (GameInput+Button action) [0x00000] in <c055c80802d14a9db359fbdc91eb371c>:0 
  at ShoulderFlashlightMod.ShoulderFlashlightController.HandleToggleInput () [0x00005] in <c653b02de2b04aef933b0671d2b3e246>:0 
  at ShoulderFlashlightMod.ShoulderFlashlightController.Update () [0x00000] in <c653b02de2b04aef933b0671d2b3e246>:0 
 
(Filename: <c055c80802d14a9db359fbdc91eb371c> Line: 0)

NullReferenceException: Object reference not set to an instance of an object
  at GameInput.HasFlag (GameInput+Button action, GameInput+InputStateFlags flag) [0x00009] in <c055c80802d14a9db359fbdc91eb371c>:0 
  at GameInput.GetButtonDown (GameInput+Button action) [0x00000] in <c055c80802d14a9db359fbdc91eb371c>:0 
  at ShoulderFlashlightMod.ShoulderFlashlightController.HandleToggleInput () [0x00005] in <c653b02de2b04aef933b0671d2b3e246>:0 
  at ShoulderFlashlightMod.ShoulderFlashlightController.Update () [0x00000] in <c653b02de2b04aef933b0671d2b3e246>:0 
 
(Filename: <c055c80802d14a9db359fbdc91eb371c> Line: 0)

NullReferenceException: Object reference not set to an instance of an object
  at GameInput.HasFlag (GameInput+Button action, GameInput+InputStateFlags flag) [0x00009] in <c055c80802d14a9db359fbdc91eb371c>:0 
  at GameInput.GetButtonDown (GameInput+Button action) [0x00000] in <c055c80802d14a9db359fbdc91eb371c>:0 
  at ShoulderFlashlightMod.ShoulderFlashlightController.HandleToggleInput () [0x00005] in <c653b02de2b04aef933b0671d2b3e246>:0 
  at ShoulderFlashlightMod.ShoulderFlashlightController.Update () [0x00000] in <c653b02de2b04aef933b0671d2b3e246>:0 
 
(Filename: <c055c80802d14a9db359fbdc91eb371c> Line: 0)

NullReferenceException: Object reference not set to an instance of an object
  at GameInput.HasFlag (GameInput+Button action, GameInput+InputStateFlags flag) [0x00009] in <c055c80802d14a9db359fbdc91eb371c>:0 
  at GameInput.GetButtonDown (GameInput+Button action) [0x00000] in <c055c80802d14a9db359fbdc91eb371c>:0 
  at ShoulderFlashlightMod.ShoulderFlashlightController.HandleToggleInput () [0x00005] in <c653b02de2b04aef933b0671d2b3e246>:0 
  at ShoulderFlashlightMod.ShoulderFlashlightController.Update () [0x00000] in <c653b02de2b04aef933b0671d2b3e246>:0 
 
(Filename: <c055c80802d14a9db359fbdc91eb371c> Line: 0)

NullReferenceException: Object reference not set to an instance of an object
  at GameInput.HasFlag (GameInput+Button action, GameInput+InputStateFlags flag) [0x00009] in <c055c80802d14a9db359fbdc91eb371c>:0 
  at GameInput.GetButtonDown (GameInput+Button action) [0x00000] in <c055c80802d14a9db359fbdc91eb371c>:0 
  at ShoulderFlashlightMod.ShoulderFlashlightController.HandleToggleInput () [0x00005] in <c653b02de2b04aef933b0671d2b3e246>:0 
  at ShoulderFlashlightMod.ShoulderFlashlightController.Update () [0x00000] in <c653b02de2b04aef933b0671d2b3e246>:0 
 
(Filename: <c055c80802d14a9db359fbdc91eb371c> Line: 0)

NullReferenceException: Object reference not set to an instance of an object
  at GameInput.HasFlag (GameInput+Button action, GameInput+InputStateFlags flag) [0x00009] in <c055c80802d14a9db359fbdc91eb371c>:0 
  at GameInput.GetButtonDown (GameInput+Button action) [0x00000] in <c055c80802d14a9db359fbdc91eb371c>:0 
  at ShoulderFlashlightMod.ShoulderFlashlightController.HandleToggleInput () [0x00005] in <c653b02de2b04aef933b0671d2b3e246>:0 
  at ShoulderFlashlightMod.ShoulderFlashlightController.Update () [0x00000] in <c653b02de2b04aef933b0671d2b3e246>:0 
 
(Filename: <c055c80802d14a9db359fbdc91eb371c> Line: 0)

NullReferenceException: Object reference not set to an instance of an object
  at GameInput.HasFlag (GameInput+Button action, GameInput+InputStateFlags flag) [0x00009] in <c055c80802d14a9db359fbdc91eb371c>:0 
  at GameInput.GetButtonDown (GameInput+Button action) [0x00000] in <c055c80802d14a9db359fbdc91eb371c>:0 
  at ShoulderFlashlightMod.ShoulderFlashlightController.HandleToggleInput () [0x00005] in <c653b02de2b04aef933b0671d2b3e246>:0 
  at ShoulderFlashlightMod.ShoulderFlashlightController.Update () [0x00000] in <c653b02de2b04aef933b0671d2b3e246>:0 
 
(Filename: <c055c80802d14a9db359fbdc91eb371c> Line: 0)

NullReferenceException: Object reference not set to an instance of an object
  at GameInput.HasFlag (GameInput+Button action, GameInput+InputStateFlags flag) [0x00009] in <c055c80802d14a9db359fbdc91eb371c>:0 
  at GameInput.GetButtonDown (GameInput+Button action) [0x00000] in <c055c80802d14a9db359fbdc91eb371c>:0 
  at ShoulderFlashlightMod.ShoulderFlashlightController.HandleToggleInput () [0x00005] in <c653b02de2b04aef933b0671d2b3e246>:0 
  at ShoulderFlashlightMod.ShoulderFlashlightController.Update () [0x00000] in <c653b02de2b04aef933b0671d2b3e246>:0 
 
(Filename: <c055c80802d14a9db359fbdc91eb371c> Line: 0)

NullReferenceException: Object reference not set to an instance of an object
  at GameInput.HasFlag (GameInput+Button action, GameInput+InputStateFlags flag) [0x00009] in <c055c80802d14a9db359fbdc91eb371c>:0 
  at GameInput.GetButtonDown (GameInput+Button action) [0x00000] in <c055c80802d14a9db359fbdc91eb371c>:0 
  at ShoulderFlashlightMod.ShoulderFlashlightController.HandleToggleInput () [0x00005] in <c653b02de2b04aef933b0671d2b3e246>:0 
  at ShoulderFlashlightMod.ShoulderFlashlightController.Update () [0x00000] in <c653b02de2b04aef933b0671d2b3e246>:0 
 
(Filename: <c055c80802d14a9db359fbdc91eb371c> Line: 0)

NullReferenceException: Object reference not set to an instance of an object
  at GameInput.HasFlag (GameInput+Button action, GameInput+InputStateFlags flag) [0x00009] in <c055c80802d14a9db359fbdc91eb371c>:0 
  at GameInput.GetButtonDown (GameInput+Button action) [0x00000] in <c055c80802d14a9db359fbdc91eb371c>:0 
  at ShoulderFlashlightMod.ShoulderFlashlightController.HandleToggleInput () [0x00005] in <c653b02de2b04aef933b0671d2b3e246>:0 
  at ShoulderFlashlightMod.ShoulderFlashlightController.Update () [0x00000] in <c653b02de2b04aef933b0671d2b3e246>:0 
 
(Filename: <c055c80802d14a9db359fbdc91eb371c> Line: 0)

NullReferenceException: Object reference not set to an instance of an object
  at GameInput.HasFlag (GameInput+Button action, GameInput+InputStateFlags flag) [0x00009] in <c055c80802d14a9db359fbdc91eb371c>:0 
  at GameInput.GetButtonDown (GameInput+Button action) [0x00000] in <c055c80802d14a9db359fbdc91eb371c>:0 
  at ShoulderFlashlightMod.ShoulderFlashlightController.HandleToggleInput () [0x00005] in <c653b02de2b04aef933b0671d2b3e246>:0 
  at ShoulderFlashlightMod.ShoulderFlashlightController.Update () [0x00000] in <c653b02de2b04aef933b0671d2b3e246>:0 
 
(Filename: <c055c80802d14a9db359fbdc91eb371c> Line: 0)

NullReferenceException: Object reference not set to an instance of an object
  at GameInput.HasFlag (GameInput+Button action, GameInput+InputStateFlags flag) [0x00009] in <c055c80802d14a9db359fbdc91eb371c>:0 
  at GameInput.GetButtonDown (GameInput+Button action) [0x00000] in <c055c80802d14a9db359fbdc91eb371c>:0 
  at ShoulderFlashlightMod.ShoulderFlashlightController.HandleToggleInput () [0x00005] in <c653b02de2b04aef933b0671d2b3e246>:0 
  at ShoulderFlashlightMod.ShoulderFlashlightController.Update () [0x00000] in <c653b02de2b04aef933b0671d2b3e246>:0 
 
(Filename: <c055c80802d14a9db359fbdc91eb371c> Line: 0)

NullReferenceException: Object reference not set to an instance of an object
  at GameInput.HasFlag (GameInput+Button action, GameInput+InputStateFlags flag) [0x00009] in <c055c80802d14a9db359fbdc91eb371c>:0 
  at GameInput.GetButtonDown (GameInput+Button action) [0x00000] in <c055c80802d14a9db359fbdc91eb371c>:0 
  at ShoulderFlashlightMod.ShoulderFlashlightController.HandleToggleInput () [0x00005] in <c653b02de2b04aef933b0671d2b3e246>:0 
  at ShoulderFlashlightMod.ShoulderFlashlightController.Update () [0x00000] in <c653b02de2b04aef933b0671d2b3e246>:0 
 
(Filename: <c055c80802d14a9db359fbdc91eb371c> Line: 0)

NullReferenceException: Object reference not set to an instance of an object
  at GameInput.HasFlag (GameInput+Button action, GameInput+InputStateFlags flag) [0x00009] in <c055c80802d14a9db359fbdc91eb371c>:0 
  at GameInput.GetButtonDown (GameInput+Button action) [0x00000] in <c055c80802d14a9db359fbdc91eb371c>:0 
  at ShoulderFlashlightMod.ShoulderFlashlightController.HandleToggleInput () [0x00005] in <c653b02de2b04aef933b0671d2b3e246>:0 
  at ShoulderFlashlightMod.ShoulderFlashlightController.Update () [0x00000] in <c653b02de2b04aef933b0671d2b3e246>:0 
 
(Filename: <c055c80802d14a9db359fbdc91eb371c> Line: 0)

NullReferenceException: Object reference not set to an instance of an object
  at GameInput.HasFlag (GameInput+Button action, GameInput+InputStateFlags flag) [0x00009] in <c055c80802d14a9db359fbdc91eb371c>:0 
  at GameInput.GetButtonDown (GameInput+Button action) [0x00000] in <c055c80802d14a9db359fbdc91eb371c>:0 
  at ShoulderFlashlightMod.ShoulderFlashlightController.HandleToggleInput () [0x00005] in <c653b02de2b04aef933b0671d2b3e246>:0 
  at ShoulderFlashlightMod.ShoulderFlashlightController.Update () [0x00000] in <c653b02de2b04aef933b0671d2b3e246>:0 
 
(Filename: <c055c80802d14a9db359fbdc91eb371c> Line: 0)

NullReferenceException: Object reference not set to an instance of an object
  at GameInput.HasFlag (GameInput+Button action, GameInput+InputStateFlags flag) [0x00009] in <c055c80802d14a9db359fbdc91eb371c>:0 
  at GameInput.GetButtonDown (GameInput+Button action) [0x00000] in <c055c80802d14a9db359fbdc91eb371c>:0 
  at ShoulderFlashlightMod.ShoulderFlashlightController.HandleToggleInput () [0x00005] in <c653b02de2b04aef933b0671d2b3e246>:0 
  at ShoulderFlashlightMod.ShoulderFlashlightController.Update () [0x00000] in <c653b02de2b04aef933b0671d2b3e246>:0 
 
(Filename: <c055c80802d14a9db359fbdc91eb371c> Line: 0)

NullReferenceException: Object reference not set to an instance of an object
  at GameInput.HasFlag (GameInput+Button action, GameInput+InputStateFlags flag) [0x00009] in <c055c80802d14a9db359fbdc91eb371c>:0 
  at GameInput.GetButtonDown (GameInput+Button action) [0x00000] in <c055c80802d14a9db359fbdc91eb371c>:0 
  at ShoulderFlashlightMod.ShoulderFlashlightController.HandleToggleInput () [0x00005] in <c653b02de2b04aef933b0671d2b3e246>:0 
  at ShoulderFlashlightMod.ShoulderFlashlightController.Update () [0x00000] in <c653b02de2b04aef933b0671d2b3e246>:0 
 
(Filename: <c055c80802d14a9db359fbdc91eb371c> Line: 0)

NullReferenceException: Object reference not set to an instance of an object
  at GameInput.HasFlag (GameInput+Button action, GameInput+InputStateFlags flag) [0x00009] in <c055c80802d14a9db359fbdc91eb371c>:0 
  at GameInput.GetButtonDown (GameInput+Button action) [0x00000] in <c055c80802d14a9db359fbdc91eb371c>:0 
  at ShoulderFlashlightMod.ShoulderFlashlightController.HandleToggleInput () [0x00005] in <c653b02de2b04aef933b0671d2b3e246>:0 
  at ShoulderFlashlightMod.ShoulderFlashlightController.Update () [0x00000] in <c653b02de2b04aef933b0671d2b3e246>:0 
 
(Filename: <c055c80802d14a9db359fbdc91eb371c> Line: 0)

NullReferenceException: Object reference not set to an instance of an object
  at GameInput.HasFlag (GameInput+Button action, GameInput+InputStateFlags flag) [0x00009] in <c055c80802d14a9db359fbdc91eb371c>:0 
  at GameInput.GetButtonDown (GameInput+Button action) [0x00000] in <c055c80802d14a9db359fbdc91eb371c>:0 
  at ShoulderFlashlightMod.ShoulderFlashlightController.HandleToggleInput () [0x00005] in <c653b02de2b04aef933b0671d2b3e246>:0 
  at ShoulderFlashlightMod.ShoulderFlashlightController.Update () [0x00000] in <c653b02de2b04aef933b0671d2b3e246>:0 
 
(Filename: <c055c80802d14a9db359fbdc91eb371c> Line: 0)

NullReferenceException: Object reference not set to an instance of an object
  at GameInput.HasFlag (GameInput+Button action, GameInput+InputStateFlags flag) [0x00009] in <c055c80802d14a9db359fbdc91eb371c>:0 
  at GameInput.GetButtonDown (GameInput+Button action) [0x00000] in <c055c80802d14a9db359fbdc91eb371c>:0 
  at ShoulderFlashlightMod.ShoulderFlashlightController.HandleToggleInput () [0x00005] in <c653b02de2b04aef933b0671d2b3e246>:0 
  at ShoulderFlashlightMod.ShoulderFlashlightController.Update () [0x00000] in <c653b02de2b04aef933b0671d2b3e246>:0 
 
(Filename: <c055c80802d14a9db359fbdc91eb371c> Line: 0)

NullReferenceException: Object reference not set to an instance of an object
  at GameInput.HasFlag (GameInput+Button action, GameInput+InputStateFlags flag) [0x00009] in <c055c80802d14a9db359fbdc91eb371c>:0 
  at GameInput.GetButtonDown (GameInput+Button action) [0x00000] in <c055c80802d14a9db359fbdc91eb371c>:0 
  at ShoulderFlashlightMod.ShoulderFlashlightController.HandleToggleInput () [0x00005] in <c653b02de2b04aef933b0671d2b3e246>:0 
  at ShoulderFlashlightMod.ShoulderFlashlightController.Update () [0x00000] in <c653b02de2b04aef933b0671d2b3e246>:0 
 
(Filename: <c055c80802d14a9db359fbdc91eb371c> Line: 0)

NullReferenceException: Object reference not set to an instance of an object
  at GameInput.HasFlag (GameInput+Button action, GameInput+InputStateFlags flag) [0x00009] in <c055c80802d14a9db359fbdc91eb371c>:0 
  at GameInput.GetButtonDown (GameInput+Button action) [0x00000] in <c055c80802d14a9db359fbdc91eb371c>:0 
  at ShoulderFlashlightMod.ShoulderFlashlightController.HandleToggleInput () [0x00005] in <c653b02de2b04aef933b0671d2b3e246>:0 
  at ShoulderFlashlightMod.ShoulderFlashlightController.Update () [0x00000] in <c653b02de2b04aef933b0671d2b3e246>:0 
 
(Filename: <c055c80802d14a9db359fbdc91eb371c> Line: 0)

NullReferenceException: Object reference not set to an instance of an object
  at GameInput.HasFlag (GameInput+Button action, GameInput+InputStateFlags flag) [0x00009] in <c055c80802d14a9db359fbdc91eb371c>:0 
  at GameInput.GetButtonDown (GameInput+Button action) [0x00000] in <c055c80802d14a9db359fbdc91eb371c>:0 
  at ShoulderFlashlightMod.ShoulderFlashlightController.HandleToggleInput () [0x00005] in <c653b02de2b04aef933b0671d2b3e246>:0 
  at ShoulderFlashlightMod.ShoulderFlashlightController.Update () [0x00000] in <c653b02de2b04aef933b0671d2b3e246>:0 
 
(Filename: <c055c80802d14a9db359fbdc91eb371c> Line: 0)

NullReferenceException: Object reference not set to an instance of an object
  at GameInput.HasFlag (GameInput+Button action, GameInput+InputStateFlags flag) [0x00009] in <c055c80802d14a9db359fbdc91eb371c>:0 
  at GameInput.GetButtonDown (GameInput+Button action) [0x00000] in <c055c80802d14a9db359fbdc91eb371c>:0 
  at ShoulderFlashlightMod.ShoulderFlashlightController.HandleToggleInput () [0x00005] in <c653b02de2b04aef933b0671d2b3e246>:0 
  at ShoulderFlashlightMod.ShoulderFlashlightController.Update () [0x00000] in <c653b02de2b04aef933b0671d2b3e246>:0 
 
(Filename: <c055c80802d14a9db359fbdc91eb371c> Line: 0)

NullReferenceException: Object reference not set to an instance of an object
  at GameInput.HasFlag (GameInput+Button action, GameInput+InputStateFlags flag) [0x00009] in <c055c80802d14a9db359fbdc91eb371c>:0 
  at GameInput.GetButtonDown (GameInput+Button action) [0x00000] in <c055c80802d14a9db359fbdc91eb371c>:0 
  at ShoulderFlashlightMod.ShoulderFlashlightController.HandleToggleInput () [0x00005] in <c653b02de2b04aef933b0671d2b3e246>:0 
  at ShoulderFlashlightMod.ShoulderFlashlightController.Update () [0x00000] in <c653b02de2b04aef933b0671d2b3e246>:0 
 
(Filename: <c055c80802d14a9db359fbdc91eb371c> Line: 0)

NullReferenceException: Object reference not set to an instance of an object
  at GameInput.HasFlag (GameInput+Button action, GameInput+InputStateFlags flag) [0x00009] in <c055c80802d14a9db359fbdc91eb371c>:0 
  at GameInput.GetButtonDown (GameInput+Button action) [0x00000] in <c055c80802d14a9db359fbdc91eb371c>:0 
  at ShoulderFlashlightMod.ShoulderFlashlightController.HandleToggleInput () [0x00005] in <c653b02de2b04aef933b0671d2b3e246>:0 
  at ShoulderFlashlightMod.ShoulderFlashlightController.Update () [0x00000] in <c653b02de2b04aef933b0671d2b3e246>:0 
 
(Filename: <c055c80802d14a9db359fbdc91eb371c> Line: 0)

NullReferenceException: Object reference not set to an instance of an object
  at GameInput.HasFlag (GameInput+Button action, GameInput+InputStateFlags flag) [0x00009] in <c055c80802d14a9db359fbdc91eb371c>:0 
  at GameInput.GetButtonDown (GameInput+Button action) [0x00000] in <c055c80802d14a9db359fbdc91eb371c>:0 
  at ShoulderFlashlightMod.ShoulderFlashlightController.HandleToggleInput () [0x00005] in <c653b02de2b04aef933b0671d2b3e246>:0 
  at ShoulderFlashlightMod.ShoulderFlashlightController.Update () [0x00000] in <c653b02de2b04aef933b0671d2b3e246>:0 
 
(Filename: <c055c80802d14a9db359fbdc91eb371c> Line: 0)

NullReferenceException: Object reference not set to an instance of an object
  at GameInput.HasFlag (GameInput+Button action, GameInput+InputStateFlags flag) [0x00009] in <c055c80802d14a9db359fbdc91eb371c>:0 
  at GameInput.GetButtonDown (GameInput+Button action) [0x00000] in <c055c80802d14a9db359fbdc91eb371c>:0 
  at ShoulderFlashlightMod.ShoulderFlashlightController.HandleToggleInput () [0x00005] in <c653b02de2b04aef933b0671d2b3e246>:0 
  at ShoulderFlashlightMod.ShoulderFlashlightController.Update () [0x00000] in <c653b02de2b04aef933b0671d2b3e246>:0 
 
(Filename: <c055c80802d14a9db359fbdc91eb371c> Line: 0)

NullReferenceException: Object reference not set to an instance of an object
  at GameInput.HasFlag (GameInput+Button action, GameInput+InputStateFlags flag) [0x00009] in <c055c80802d14a9db359fbdc91eb371c>:0 
  at GameInput.GetButtonDown (GameInput+Button action) [0x00000] in <c055c80802d14a9db359fbdc91eb371c>:0 
  at ShoulderFlashlightMod.ShoulderFlashlightController.HandleToggleInput () [0x00005] in <c653b02de2b04aef933b0671d2b3e246>:0 
  at ShoulderFlashlightMod.ShoulderFlashlightController.Update () [0x00000] in <c653b02de2b04aef933b0671d2b3e246>:0 
 
(Filename: <c055c80802d14a9db359fbdc91eb371c> Line: 0)

NullReferenceException: Object reference not set to an instance of an object
  at GameInput.HasFlag (GameInput+Button action, GameInput+InputStateFlags flag) [0x00009] in <c055c80802d14a9db359fbdc91eb371c>:0 
  at GameInput.GetButtonDown (GameInput+Button action) [0x00000] in <c055c80802d14a9db359fbdc91eb371c>:0 
  at ShoulderFlashlightMod.ShoulderFlashlightController.HandleToggleInput () [0x00005] in <c653b02de2b04aef933b0671d2b3e246>:0 
  at ShoulderFlashlightMod.ShoulderFlashlightController.Update () [0x00000] in <c653b02de2b04aef933b0671d2b3e246>:0 
 
(Filename: <c055c80802d14a9db359fbdc91eb371c> Line: 0)

NullReferenceException: Object reference not set to an instance of an object
  at GameInput.HasFlag (GameInput+Button action, GameInput+InputStateFlags flag) [0x00009] in <c055c80802d14a9db359fbdc91eb371c>:0 
  at GameInput.GetButtonDown (GameInput+Button action) [0x00000] in <c055c80802d14a9db359fbdc91eb371c>:0 
  at ShoulderFlashlightMod.ShoulderFlashlightController.HandleToggleInput () [0x00005] in <c653b02de2b04aef933b0671d2b3e246>:0 
  at ShoulderFlashlightMod.ShoulderFlashlightController.Update () [0x00000] in <c653b02de2b04aef933b0671d2b3e246>:0 
 
(Filename: <c055c80802d14a9db359fbdc91eb371c> Line: 0)

NullReferenceException: Object reference not set to an instance of an object
  at GameInput.HasFlag (GameInput+Button action, GameInput+InputStateFlags flag) [0x00009] in <c055c80802d14a9db359fbdc91eb371c>:0 
  at GameInput.GetButtonDown (GameInput+Button action) [0x00000] in <c055c80802d14a9db359fbdc91eb371c>:0 
  at ShoulderFlashlightMod.ShoulderFlashlightController.HandleToggleInput () [0x00005] in <c653b02de2b04aef933b0671d2b3e246>:0 
  at ShoulderFlashlightMod.ShoulderFlashlightController.Update () [0x00000] in <c653b02de2b04aef933b0671d2b3e246>:0 
 
(Filename: <c055c80802d14a9db359fbdc91eb371c> Line: 0)

NullReferenceException: Object reference not set to an instance of an object
  at GameInput.HasFlag (GameInput+Button action, GameInput+InputStateFlags flag) [0x00009] in <c055c80802d14a9db359fbdc91eb371c>:0 
  at GameInput.GetButtonDown (GameInput+Button action) [0x00000] in <c055c80802d14a9db359fbdc91eb371c>:0 
  at ShoulderFlashlightMod.ShoulderFlashlightController.HandleToggleInput () [0x00005] in <c653b02de2b04aef933b0671d2b3e246>:0 
  at ShoulderFlashlightMod.ShoulderFlashlightController.Update () [0x00000] in <c653b02de2b04aef933b0671d2b3e246>:0 
 
(Filename: <c055c80802d14a9db359fbdc91eb371c> Line: 0)

NullReferenceException: Object reference not set to an instance of an object
  at GameInput.HasFlag (GameInput+Button action, GameInput+InputStateFlags flag) [0x00009] in <c055c80802d14a9db359fbdc91eb371c>:0 
  at GameInput.GetButtonDown (GameInput+Button action) [0x00000] in <c055c80802d14a9db359fbdc91eb371c>:0 
  at ShoulderFlashlightMod.ShoulderFlashlightController.HandleToggleInput () [0x00005] in <c653b02de2b04aef933b0671d2b3e246>:0 
  at ShoulderFlashlightMod.ShoulderFlashlightController.Update () [0x00000] in <c653b02de2b04aef933b0671d2b3e246>:0 
 
(Filename: <c055c80802d14a9db359fbdc91eb371c> Line: 0)

NullReferenceException: Object reference not set to an instance of an object
  at GameInput.HasFlag (GameInput+Button action, GameInput+InputStateFlags flag) [0x00009] in <c055c80802d14a9db359fbdc91eb371c>:0 
  at GameInput.GetButtonDown (GameInput+Button action) [0x00000] in <c055c80802d14a9db359fbdc91eb371c>:0 
  at ShoulderFlashlightMod.ShoulderFlashlightController.HandleToggleInput () [0x00005] in <c653b02de2b04aef933b0671d2b3e246>:0 
  at ShoulderFlashlightMod.ShoulderFlashlightController.Update () [0x00000] in <c653b02de2b04aef933b0671d2b3e246>:0 
 
(Filename: <c055c80802d14a9db359fbdc91eb371c> Line: 0)

NullReferenceException: Object reference not set to an instance of an object
  at GameInput.HasFlag (GameInput+Button action, GameInput+InputStateFlags flag) [0x00009] in <c055c80802d14a9db359fbdc91eb371c>:0 
  at GameInput.GetButtonDown (GameInput+Button action) [0x00000] in <c055c80802d14a9db359fbdc91eb371c>:0 
  at ShoulderFlashlightMod.ShoulderFlashlightController.HandleToggleInput () [0x00005] in <c653b02de2b04aef933b0671d2b3e246>:0 
  at ShoulderFlashlightMod.ShoulderFlashlightController.Update () [0x00000] in <c653b02de2b04aef933b0671d2b3e246>:0 
 
(Filename: <c055c80802d14a9db359fbdc91eb371c> Line: 0)

NullReferenceException: Object reference not set to an instance of an object
  at GameInput.HasFlag (GameInput+Button action, GameInput+InputStateFlags flag) [0x00009] in <c055c80802d14a9db359fbdc91eb371c>:0 
  at GameInput.GetButtonDown (GameInput+Button action) [0x00000] in <c055c80802d14a9db359fbdc91eb371c>:0 
  at ShoulderFlashlightMod.ShoulderFlashlightController.HandleToggleInput () [0x00005] in <c653b02de2b04aef933b0671d2b3e246>:0 
  at ShoulderFlashlightMod.ShoulderFlashlightController.Update () [0x00000] in <c653b02de2b04aef933b0671d2b3e246>:0 
 
(Filename: <c055c80802d14a9db359fbdc91eb371c> Line: 0)

NullReferenceException: Object reference not set to an instance of an object
  at GameInput.HasFlag (GameInput+Button action, GameInput+InputStateFlags flag) [0x00009] in <c055c80802d14a9db359fbdc91eb371c>:0 
  at GameInput.GetButtonDown (GameInput+Button action) [0x00000] in <c055c80802d14a9db359fbdc91eb371c>:0 
  at ShoulderFlashlightMod.ShoulderFlashlightController.HandleToggleInput () [0x00005] in <c653b02de2b04aef933b0671d2b3e246>:0 
  at ShoulderFlashlightMod.ShoulderFlashlightController.Update () [0x00000] in <c653b02de2b04aef933b0671d2b3e246>:0 
 
(Filename: <c055c80802d14a9db359fbdc91eb371c> Line: 0)

NullReferenceException: Object reference not set to an instance of an object
  at GameInput.HasFlag (GameInput+Button action, GameInput+InputStateFlags flag) [0x00009] in <c055c80802d14a9db359fbdc91eb371c>:0 
  at GameInput.GetButtonDown (GameInput+Button action) [0x00000] in <c055c80802d14a9db359fbdc91eb371c>:0 
  at ShoulderFlashlightMod.ShoulderFlashlightController.HandleToggleInput () [0x00005] in <c653b02de2b04aef933b0671d2b3e246>:0 
  at ShoulderFlashlightMod.ShoulderFlashlightController.Update () [0x00000] in <c653b02de2b04aef933b0671d2b3e246>:0 
 
(Filename: <c055c80802d14a9db359fbdc91eb371c> Line: 0)

NullReferenceException: Object reference not set to an instance of an object
  at GameInput.HasFlag (GameInput+Button action, GameInput+InputStateFlags flag) [0x00009] in <c055c80802d14a9db359fbdc91eb371c>:0 
  at GameInput.GetButtonDown (GameInput+Button action) [0x00000] in <c055c80802d14a9db359fbdc91eb371c>:0 
  at ShoulderFlashlightMod.ShoulderFlashlightController.HandleToggleInput () [0x00005] in <c653b02de2b04aef933b0671d2b3e246>:0 
  at ShoulderFlashlightMod.ShoulderFlashlightController.Update () [0x00000] in <c653b02de2b04aef933b0671d2b3e246>:0 
 
(Filename: <c055c80802d14a9db359fbdc91eb371c> Line: 0)

NullReferenceException: Object reference not set to an instance of an object
  at GameInput.HasFlag (GameInput+Button action, GameInput+InputStateFlags flag) [0x00009] in <c055c80802d14a9db359fbdc91eb371c>:0 
  at GameInput.GetButtonDown (GameInput+Button action) [0x00000] in <c055c80802d14a9db359fbdc91eb371c>:0 
  at ShoulderFlashlightMod.ShoulderFlashlightController.HandleToggleInput () [0x00005] in <c653b02de2b04aef933b0671d2b3e246>:0 
  at ShoulderFlashlightMod.ShoulderFlashlightController.Update () [0x00000] in <c653b02de2b04aef933b0671d2b3e246>:0 
 
(Filename: <c055c80802d14a9db359fbdc91eb371c> Line: 0)

NullReferenceException: Object reference not set to an instance of an object
  at GameInput.HasFlag (GameInput+Button action, GameInput+InputStateFlags flag) [0x00009] in <c055c80802d14a9db359fbdc91eb371c>:0 
  at GameInput.GetButtonDown (GameInput+Button action) [0x00000] in <c055c80802d14a9db359fbdc91eb371c>:0 
  at ShoulderFlashlightMod.ShoulderFlashlightController.HandleToggleInput () [0x00005] in <c653b02de2b04aef933b0671d2b3e246>:0 
  at ShoulderFlashlightMod.ShoulderFlashlightController.Update () [0x00000] in <c653b02de2b04aef933b0671d2b3e246>:0 
 
(Filename: <c055c80802d14a9db359fbdc91eb371c> Line: 0)

NullReferenceException: Object reference not set to an instance of an object
  at GameInput.HasFlag (GameInput+Button action, GameInput+InputStateFlags flag) [0x00009] in <c055c80802d14a9db359fbdc91eb371c>:0 
  at GameInput.GetButtonDown (GameInput+Button action) [0x00000] in <c055c80802d14a9db359fbdc91eb371c>:0 
  at ShoulderFlashlightMod.ShoulderFlashlightController.HandleToggleInput () [0x00005] in <c653b02de2b04aef933b0671d2b3e246>:0 
  at ShoulderFlashlightMod.ShoulderFlashlightController.Update () [0x00000] in <c653b02de2b04aef933b0671d2b3e246>:0 
 
(Filename: <c055c80802d14a9db359fbdc91eb371c> Line: 0)

NullReferenceException: Object reference not set to an instance of an object
  at GameInput.HasFlag (GameInput+Button action, GameInput+InputStateFlags flag) [0x00009] in <c055c80802d14a9db359fbdc91eb371c>:0 
  at GameInput.GetButtonDown (GameInput+Button action) [0x00000] in <c055c80802d14a9db359fbdc91eb371c>:0 
  at ShoulderFlashlightMod.ShoulderFlashlightController.HandleToggleInput () [0x00005] in <c653b02de2b04aef933b0671d2b3e246>:0 
  at ShoulderFlashlightMod.ShoulderFlashlightController.Update () [0x00000] in <c653b02de2b04aef933b0671d2b3e246>:0 
 
(Filename: <c055c80802d14a9db359fbdc91eb371c> Line: 0)

NullReferenceException: Object reference not set to an instance of an object
  at GameInput.HasFlag (GameInput+Button action, GameInput+InputStateFlags flag) [0x00009] in <c055c80802d14a9db359fbdc91eb371c>:0 
  at GameInput.GetButtonDown (GameInput+Button action) [0x00000] in <c055c80802d14a9db359fbdc91eb371c>:0 
  at ShoulderFlashlightMod.ShoulderFlashlightController.HandleToggleInput () [0x00005] in <c653b02de2b04aef933b0671d2b3e246>:0 
  at ShoulderFlashlightMod.ShoulderFlashlightController.Update () [0x00000] in <c653b02de2b04aef933b0671d2b3e246>:0 
 
(Filename: <c055c80802d14a9db359fbdc91eb371c> Line: 0)

NullReferenceException: Object reference not set to an instance of an object
  at GameInput.HasFlag (GameInput+Button action, GameInput+InputStateFlags flag) [0x00009] in <c055c80802d14a9db359fbdc91eb371c>:0 
  at GameInput.GetButtonDown (GameInput+Button action) [0x00000] in <c055c80802d14a9db359fbdc91eb371c>:0 
  at ShoulderFlashlightMod.ShoulderFlashlightController.HandleToggleInput () [0x00005] in <c653b02de2b04aef933b0671d2b3e246>:0 
  at ShoulderFlashlightMod.ShoulderFlashlightController.Update () [0x00000] in <c653b02de2b04aef933b0671d2b3e246>:0 
 
(Filename: <c055c80802d14a9db359fbdc91eb371c> Line: 0)

NullReferenceException: Object reference not set to an instance of an object
  at GameInput.HasFlag (GameInput+Button action, GameInput+InputStateFlags flag) [0x00009] in <c055c80802d14a9db359fbdc91eb371c>:0 
  at GameInput.GetButtonDown (GameInput+Button action) [0x00000] in <c055c80802d14a9db359fbdc91eb371c>:0 
  at ShoulderFlashlightMod.ShoulderFlashlightController.HandleToggleInput () [0x00005] in <c653b02de2b04aef933b0671d2b3e246>:0 
  at ShoulderFlashlightMod.ShoulderFlashlightController.Update () [0x00000] in <c653b02de2b04aef933b0671d2b3e246>:0 
 
(Filename: <c055c80802d14a9db359fbdc91eb371c> Line: 0)

NullReferenceException: Object reference not set to an instance of an object
  at GameInput.HasFlag (GameInput+Button action, GameInput+InputStateFlags flag) [0x00009] in <c055c80802d14a9db359fbdc91eb371c>:0 
  at GameInput.GetButtonDown (GameInput+Button action) [0x00000] in <c055c80802d14a9db359fbdc91eb371c>:0 
  at ShoulderFlashlightMod.ShoulderFlashlightController.HandleToggleInput () [0x00005] in <c653b02de2b04aef933b0671d2b3e246>:0 
  at ShoulderFlashlightMod.ShoulderFlashlightController.Update () [0x00000] in <c653b02de2b04aef933b0671d2b3e246>:0 
 
(Filename: <c055c80802d14a9db359fbdc91eb371c> Line: 0)

NullReferenceException: Object reference not set to an instance of an object
  at GameInput.HasFlag (GameInput+Button action, GameInput+InputStateFlags flag) [0x00009] in <c055c80802d14a9db359fbdc91eb371c>:0 
  at GameInput.GetButtonDown (GameInput+Button action) [0x00000] in <c055c80802d14a9db359fbdc91eb371c>:0 
  at ShoulderFlashlightMod.ShoulderFlashlightController.HandleToggleInput () [0x00005] in <c653b02de2b04aef933b0671d2b3e246>:0 
  at ShoulderFlashlightMod.ShoulderFlashlightController.Update () [0x00000] in <c653b02de2b04aef933b0671d2b3e246>:0 
 
(Filename: <c055c80802d14a9db359fbdc91eb371c> Line: 0)

NullReferenceException: Object reference not set to an instance of an object
  at GameInput.HasFlag (GameInput+Button action, GameInput+InputStateFlags flag) [0x00009] in <c055c80802d14a9db359fbdc91eb371c>:0 
  at GameInput.GetButtonDown (GameInput+Button action) [0x00000] in <c055c80802d14a9db359fbdc91eb371c>:0 
  at ShoulderFlashlightMod.ShoulderFlashlightController.HandleToggleInput () [0x00005] in <c653b02de2b04aef933b0671d2b3e246>:0 
  at ShoulderFlashlightMod.ShoulderFlashlightController.Update () [0x00000] in <c653b02de2b04aef933b0671d2b3e246>:0 
 
(Filename: <c055c80802d14a9db359fbdc91eb371c> Line: 0)

NullReferenceException: Object reference not set to an instance of an object
  at GameInput.HasFlag (GameInput+Button action, GameInput+InputStateFlags flag) [0x00009] in <c055c80802d14a9db359fbdc91eb371c>:0 
  at GameInput.GetButtonDown (GameInput+Button action) [0x00000] in <c055c80802d14a9db359fbdc91eb371c>:0 
  at ShoulderFlashlightMod.ShoulderFlashlightController.HandleToggleInput () [0x00005] in <c653b02de2b04aef933b0671d2b3e246>:0 
  at ShoulderFlashlightMod.ShoulderFlashlightController.Update () [0x00000] in <c653b02de2b04aef933b0671d2b3e246>:0 
 
(Filename: <c055c80802d14a9db359fbdc91eb371c> Line: 0)

NullReferenceException: Object reference not set to an instance of an object
  at GameInput.HasFlag (GameInput+Button action, GameInput+InputStateFlags flag) [0x00009] in <c055c80802d14a9db359fbdc91eb371c>:0 
  at GameInput.GetButtonDown (GameInput+Button action) [0x00000] in <c055c80802d14a9db359fbdc91eb371c>:0 
  at ShoulderFlashlightMod.ShoulderFlashlightController.HandleToggleInput () [0x00005] in <c653b02de2b04aef933b0671d2b3e246>:0 
  at ShoulderFlashlightMod.ShoulderFlashlightController.Update () [0x00000] in <c653b02de2b04aef933b0671d2b3e246>:0 
 
(Filename: <c055c80802d14a9db359fbdc91eb371c> Line: 0)

NullReferenceException: Object reference not set to an instance of an object
  at GameInput.HasFlag (GameInput+Button action, GameInput+InputStateFlags flag) [0x00009] in <c055c80802d14a9db359fbdc91eb371c>:0 
  at GameInput.GetButtonDown (GameInput+Button action) [0x00000] in <c055c80802d14a9db359fbdc91eb371c>:0 
  at ShoulderFlashlightMod.ShoulderFlashlightController.HandleToggleInput () [0x00005] in <c653b02de2b04aef933b0671d2b3e246>:0 
  at ShoulderFlashlightMod.ShoulderFlashlightController.Update () [0x00000] in <c653b02de2b04aef933b0671d2b3e246>:0 
 
(Filename: <c055c80802d14a9db359fbdc91eb371c> Line: 0)

NullReferenceException: Object reference not set to an instance of an object
  at GameInput.HasFlag (GameInput+Button action, GameInput+InputStateFlags flag) [0x00009] in <c055c80802d14a9db359fbdc91eb371c>:0 
  at GameInput.GetButtonDown (GameInput+Button action) [0x00000] in <c055c80802d14a9db359fbdc91eb371c>:0 
  at ShoulderFlashlightMod.ShoulderFlashlightController.HandleToggleInput () [0x00005] in <c653b02de2b04aef933b0671d2b3e246>:0 
  at ShoulderFlashlightMod.ShoulderFlashlightController.Update () [0x00000] in <c653b02de2b04aef933b0671d2b3e246>:0 
 
(Filename: <c055c80802d14a9db359fbdc91eb371c> Line: 0)

NullReferenceException: Object reference not set to an instance of an object
  at GameInput.HasFlag (GameInput+Button action, GameInput+InputStateFlags flag) [0x00009] in <c055c80802d14a9db359fbdc91eb371c>:0 
  at GameInput.GetButtonDown (GameInput+Button action) [0x00000] in <c055c80802d14a9db359fbdc91eb371c>:0 
  at ShoulderFlashlightMod.ShoulderFlashlightController.HandleToggleInput () [0x00005] in <c653b02de2b04aef933b0671d2b3e246>:0 
  at ShoulderFlashlightMod.ShoulderFlashlightController.Update () [0x00000] in <c653b02de2b04aef933b0671d2b3e246>:0 
 
(Filename: <c055c80802d14a9db359fbdc91eb371c> Line: 0)

NullReferenceException: Object reference not set to an instance of an object
  at GameInput.HasFlag (GameInput+Button action, GameInput+InputStateFlags flag) [0x00009] in <c055c80802d14a9db359fbdc91eb371c>:0 
  at GameInput.GetButtonDown (GameInput+Button action) [0x00000] in <c055c80802d14a9db359fbdc91eb371c>:0 
  at ShoulderFlashlightMod.ShoulderFlashlightController.HandleToggleInput () [0x00005] in <c653b02de2b04aef933b0671d2b3e246>:0 
  at ShoulderFlashlightMod.ShoulderFlashlightController.Update () [0x00000] in <c653b02de2b04aef933b0671d2b3e246>:0 
 
(Filename: <c055c80802d14a9db359fbdc91eb371c> Line: 0)

NullReferenceException: Object reference not set to an instance of an object
  at GameInput.HasFlag (GameInput+Button action, GameInput+InputStateFlags flag) [0x00009] in <c055c80802d14a9db359fbdc91eb371c>:0 
  at GameInput.GetButtonDown (GameInput+Button action) [0x00000] in <c055c80802d14a9db359fbdc91eb371c>:0 
  at ShoulderFlashlightMod.ShoulderFlashlightController.HandleToggleInput () [0x00005] in <c653b02de2b04aef933b0671d2b3e246>:0 
  at ShoulderFlashlightMod.ShoulderFlashlightController.Update () [0x00000] in <c653b02de2b04aef933b0671d2b3e246>:0 
 
(Filename: <c055c80802d14a9db359fbdc91eb371c> Line: 0)

NullReferenceException: Object reference not set to an instance of an object
  at GameInput.HasFlag (GameInput+Button action, GameInput+InputStateFlags flag) [0x00009] in <c055c80802d14a9db359fbdc91eb371c>:0 
  at GameInput.GetButtonDown (GameInput+Button action) [0x00000] in <c055c80802d14a9db359fbdc91eb371c>:0 
  at ShoulderFlashlightMod.ShoulderFlashlightController.HandleToggleInput () [0x00005] in <c653b02de2b04aef933b0671d2b3e246>:0 
  at ShoulderFlashlightMod.ShoulderFlashlightController.Update () [0x00000] in <c653b02de2b04aef933b0671d2b3e246>:0 
 
(Filename: <c055c80802d14a9db359fbdc91eb371c> Line: 0)

NullReferenceException: Object reference not set to an instance of an object
  at GameInput.HasFlag (GameInput+Button action, GameInput+InputStateFlags flag) [0x00009] in <c055c80802d14a9db359fbdc91eb371c>:0 
  at GameInput.GetButtonDown (GameInput+Button action) [0x00000] in <c055c80802d14a9db359fbdc91eb371c>:0 
  at ShoulderFlashlightMod.ShoulderFlashlightController.HandleToggleInput () [0x00005] in <c653b02de2b04aef933b0671d2b3e246>:0 
  at ShoulderFlashlightMod.ShoulderFlashlightController.Update () [0x00000] in <c653b02de2b04aef933b0671d2b3e246>:0 
 
(Filename: <c055c80802d14a9db359fbdc91eb371c> Line: 0)

NullReferenceException: Object reference not set to an instance of an object
  at GameInput.HasFlag (GameInput+Button action, GameInput+InputStateFlags flag) [0x00009] in <c055c80802d14a9db359fbdc91eb371c>:0 
  at GameInput.GetButtonDown (GameInput+Button action) [0x00000] in <c055c80802d14a9db359fbdc91eb371c>:0 
  at ShoulderFlashlightMod.ShoulderFlashlightController.HandleToggleInput () [0x00005] in <c653b02de2b04aef933b0671d2b3e246>:0 
  at ShoulderFlashlightMod.ShoulderFlashlightController.Update () [0x00000] in <c653b02de2b04aef933b0671d2b3e246>:0 
 
(Filename: <c055c80802d14a9db359fbdc91eb371c> Line: 0)

NullReferenceException: Object reference not set to an instance of an object
  at GameInput.HasFlag (GameInput+Button action, GameInput+InputStateFlags flag) [0x00009] in <c055c80802d14a9db359fbdc91eb371c>:0 
  at GameInput.GetButtonDown (GameInput+Button action) [0x00000] in <c055c80802d14a9db359fbdc91eb371c>:0 
  at ShoulderFlashlightMod.ShoulderFlashlightController.HandleToggleInput () [0x00005] in <c653b02de2b04aef933b0671d2b3e246>:0 
  at ShoulderFlashlightMod.ShoulderFlashlightController.Update () [0x00000] in <c653b02de2b04aef933b0671d2b3e246>:0 
 
(Filename: <c055c80802d14a9db359fbdc91eb371c> Line: 0)

NullReferenceException: Object reference not set to an instance of an object
  at GameInput.HasFlag (GameInput+Button action, GameInput+InputStateFlags flag) [0x00009] in <c055c80802d14a9db359fbdc91eb371c>:0 
  at GameInput.GetButtonDown (GameInput+Button action) [0x00000] in <c055c80802d14a9db359fbdc91eb371c>:0 
  at ShoulderFlashlightMod.ShoulderFlashlightController.HandleToggleInput () [0x00005] in <c653b02de2b04aef933b0671d2b3e246>:0 
  at ShoulderFlashlightMod.ShoulderFlashlightController.Update () [0x00000] in <c653b02de2b04aef933b0671d2b3e246>:0 
 
(Filename: <c055c80802d14a9db359fbdc91eb371c> Line: 0)

NullReferenceException: Object reference not set to an instance of an object
  at GameInput.HasFlag (GameInput+Button action, GameInput+InputStateFlags flag) [0x00009] in <c055c80802d14a9db359fbdc91eb371c>:0 
  at GameInput.GetButtonDown (GameInput+Button action) [0x00000] in <c055c80802d14a9db359fbdc91eb371c>:0 
  at ShoulderFlashlightMod.ShoulderFlashlightController.HandleToggleInput () [0x00005] in <c653b02de2b04aef933b0671d2b3e246>:0 
  at ShoulderFlashlightMod.ShoulderFlashlightController.Update () [0x00000] in <c653b02de2b04aef933b0671d2b3e246>:0 
 
(Filename: <c055c80802d14a9db359fbdc91eb371c> Line: 0)

NullReferenceException: Object reference not set to an instance of an object
  at GameInput.HasFlag (GameInput+Button action, GameInput+InputStateFlags flag) [0x00009] in <c055c80802d14a9db359fbdc91eb371c>:0 
  at GameInput.GetButtonDown (GameInput+Button action) [0x00000] in <c055c80802d14a9db359fbdc91eb371c>:0 
  at ShoulderFlashlightMod.ShoulderFlashlightController.HandleToggleInput () [0x00005] in <c653b02de2b04aef933b0671d2b3e246>:0 
  at ShoulderFlashlightMod.ShoulderFlashlightController.Update () [0x00000] in <c653b02de2b04aef933b0671d2b3e246>:0 
 
(Filename: <c055c80802d14a9db359fbdc91eb371c> Line: 0)

NullReferenceException: Object reference not set to an instance of an object
  at GameInput.HasFlag (GameInput+Button action, GameInput+InputStateFlags flag) [0x00009] in <c055c80802d14a9db359fbdc91eb371c>:0 
  at GameInput.GetButtonDown (GameInput+Button action) [0x00000] in <c055c80802d14a9db359fbdc91eb371c>:0 
  at ShoulderFlashlightMod.ShoulderFlashlightController.HandleToggleInput () [0x00005] in <c653b02de2b04aef933b0671d2b3e246>:0 
  at ShoulderFlashlightMod.ShoulderFlashlightController.Update () [0x00000] in <c653b02de2b04aef933b0671d2b3e246>:0 
 
(Filename: <c055c80802d14a9db359fbdc91eb371c> Line: 0)

NullReferenceException: Object reference not set to an instance of an object
  at GameInput.HasFlag (GameInput+Button action, GameInput+InputStateFlags flag) [0x00009] in <c055c80802d14a9db359fbdc91eb371c>:0 
  at GameInput.GetButtonDown (GameInput+Button action) [0x00000] in <c055c80802d14a9db359fbdc91eb371c>:0 
  at ShoulderFlashlightMod.ShoulderFlashlightController.HandleToggleInput () [0x00005] in <c653b02de2b04aef933b0671d2b3e246>:0 
  at ShoulderFlashlightMod.ShoulderFlashlightController.Update () [0x00000] in <c653b02de2b04aef933b0671d2b3e246>:0 
 
(Filename: <c055c80802d14a9db359fbdc91eb371c> Line: 0)

NullReferenceException: Object reference not set to an instance of an object
  at GameInput.HasFlag (GameInput+Button action, GameInput+InputStateFlags flag) [0x00009] in <c055c80802d14a9db359fbdc91eb371c>:0 
  at GameInput.GetButtonDown (GameInput+Button action) [0x00000] in <c055c80802d14a9db359fbdc91eb371c>:0 
  at ShoulderFlashlightMod.ShoulderFlashlightController.HandleToggleInput () [0x00005] in <c653b02de2b04aef933b0671d2b3e246>:0 
  at ShoulderFlashlightMod.ShoulderFlashlightController.Update () [0x00000] in <c653b02de2b04aef933b0671d2b3e246>:0 
 
(Filename: <c055c80802d14a9db359fbdc91eb371c> Line: 0)

NullReferenceException: Object reference not set to an instance of an object
  at GameInput.HasFlag (GameInput+Button action, GameInput+InputStateFlags flag) [0x00009] in <c055c80802d14a9db359fbdc91eb371c>:0 
  at GameInput.GetButtonDown (GameInput+Button action) [0x00000] in <c055c80802d14a9db359fbdc91eb371c>:0 
  at ShoulderFlashlightMod.ShoulderFlashlightController.HandleToggleInput () [0x00005] in <c653b02de2b04aef933b0671d2b3e246>:0 
  at ShoulderFlashlightMod.ShoulderFlashlightController.Update () [0x00000] in <c653b02de2b04aef933b0671d2b3e246>:0 
 
(Filename: <c055c80802d14a9db359fbdc91eb371c> Line: 0)

NullReferenceException: Object reference not set to an instance of an object
  at GameInput.HasFlag (GameInput+Button action, GameInput+InputStateFlags flag) [0x00009] in <c055c80802d14a9db359fbdc91eb371c>:0 
  at GameInput.GetButtonDown (GameInput+Button action) [0x00000] in <c055c80802d14a9db359fbdc91eb371c>:0 
  at ShoulderFlashlightMod.ShoulderFlashlightController.HandleToggleInput () [0x00005] in <c653b02de2b04aef933b0671d2b3e246>:0 
  at ShoulderFlashlightMod.ShoulderFlashlightController.Update () [0x00000] in <c653b02de2b04aef933b0671d2b3e246>:0 
 
(Filename: <c055c80802d14a9db359fbdc91eb371c> Line: 0)

NullReferenceException: Object reference not set to an instance of an object
  at GameInput.HasFlag (GameInput+Button action, GameInput+InputStateFlags flag) [0x00009] in <c055c80802d14a9db359fbdc91eb371c>:0 
  at GameInput.GetButtonDown (GameInput+Button action) [0x00000] in <c055c80802d14a9db359fbdc91eb371c>:0 
  at ShoulderFlashlightMod.ShoulderFlashlightController.HandleToggleInput () [0x00005] in <c653b02de2b04aef933b0671d2b3e246>:0 
  at ShoulderFlashlightMod.ShoulderFlashlightController.Update () [0x00000] in <c653b02de2b04aef933b0671d2b3e246>:0 
 
(Filename: <c055c80802d14a9db359fbdc91eb371c> Line: 0)

NullReferenceException: Object reference not set to an instance of an object
  at GameInput.HasFlag (GameInput+Button action, GameInput+InputStateFlags flag) [0x00009] in <c055c80802d14a9db359fbdc91eb371c>:0 
  at GameInput.GetButtonDown (GameInput+Button action) [0x00000] in <c055c80802d14a9db359fbdc91eb371c>:0 
  at ShoulderFlashlightMod.ShoulderFlashlightController.HandleToggleInput () [0x00005] in <c653b02de2b04aef933b0671d2b3e246>:0 
  at ShoulderFlashlightMod.ShoulderFlashlightController.Update () [0x00000] in <c653b02de2b04aef933b0671d2b3e246>:0 
 
(Filename: <c055c80802d14a9db359fbdc91eb371c> Line: 0)

NullReferenceException: Object reference not set to an instance of an object
  at GameInput.HasFlag (GameInput+Button action, GameInput+InputStateFlags flag) [0x00009] in <c055c80802d14a9db359fbdc91eb371c>:0 
  at GameInput.GetButtonDown (GameInput+Button action) [0x00000] in <c055c80802d14a9db359fbdc91eb371c>:0 
  at ShoulderFlashlightMod.ShoulderFlashlightController.HandleToggleInput () [0x00005] in <c653b02de2b04aef933b0671d2b3e246>:0 
  at ShoulderFlashlightMod.ShoulderFlashlightController.Update () [0x00000] in <c653b02de2b04aef933b0671d2b3e246>:0 
 
(Filename: <c055c80802d14a9db359fbdc91eb371c> Line: 0)

NullReferenceException: Object reference not set to an instance of an object
  at GameInput.HasFlag (GameInput+Button action, GameInput+InputStateFlags flag) [0x00009] in <c055c80802d14a9db359fbdc91eb371c>:0 
  at GameInput.GetButtonDown (GameInput+Button action) [0x00000] in <c055c80802d14a9db359fbdc91eb371c>:0 
  at ShoulderFlashlightMod.ShoulderFlashlightController.HandleToggleInput () [0x00005] in <c653b02de2b04aef933b0671d2b3e246>:0 
  at ShoulderFlashlightMod.ShoulderFlashlightController.Update () [0x00000] in <c653b02de2b04aef933b0671d2b3e246>:0 
 
(Filename: <c055c80802d14a9db359fbdc91eb371c> Line: 0)

NullReferenceException: Object reference not set to an instance of an object
  at GameInput.HasFlag (GameInput+Button action, GameInput+InputStateFlags flag) [0x00009] in <c055c80802d14a9db359fbdc91eb371c>:0 
  at GameInput.GetButtonDown (GameInput+Button action) [0x00000] in <c055c80802d14a9db359fbdc91eb371c>:0 
  at ShoulderFlashlightMod.ShoulderFlashlightController.HandleToggleInput () [0x00005] in <c653b02de2b04aef933b0671d2b3e246>:0 
  at ShoulderFlashlightMod.ShoulderFlashlightController.Update () [0x00000] in <c653b02de2b04aef933b0671d2b3e246>:0 
 
(Filename: <c055c80802d14a9db359fbdc91eb371c> Line: 0)

NullReferenceException: Object reference not set to an instance of an object
  at GameInput.HasFlag (GameInput+Button action, GameInput+InputStateFlags flag) [0x00009] in <c055c80802d14a9db359fbdc91eb371c>:0 
  at GameInput.GetButtonDown (GameInput+Button action) [0x00000] in <c055c80802d14a9db359fbdc91eb371c>:0 
  at ShoulderFlashlightMod.ShoulderFlashlightController.HandleToggleInput () [0x00005] in <c653b02de2b04aef933b0671d2b3e246>:0 
  at ShoulderFlashlightMod.ShoulderFlashlightController.Update () [0x00000] in <c653b02de2b04aef933b0671d2b3e246>:0 
 
(Filename: <c055c80802d14a9db359fbdc91eb371c> Line: 0)

NullReferenceException: Object reference not set to an instance of an object
  at GameInput.HasFlag (GameInput+Button action, GameInput+InputStateFlags flag) [0x00009] in <c055c80802d14a9db359fbdc91eb371c>:0 
  at GameInput.GetButtonDown (GameInput+Button action) [0x00000] in <c055c80802d14a9db359fbdc91eb371c>:0 
  at ShoulderFlashlightMod.ShoulderFlashlightController.HandleToggleInput () [0x00005] in <c653b02de2b04aef933b0671d2b3e246>:0 
  at ShoulderFlashlightMod.ShoulderFlashlightController.Update () [0x00000] in <c653b02de2b04aef933b0671d2b3e246>:0 
 
(Filename: <c055c80802d14a9db359fbdc91eb371c> Line: 0)

NullReferenceException: Object reference not set to an instance of an object
  at GameInput.HasFlag (GameInput+Button action, GameInput+InputStateFlags flag) [0x00009] in <c055c80802d14a9db359fbdc91eb371c>:0 
  at GameInput.GetButtonDown (GameInput+Button action) [0x00000] in <c055c80802d14a9db359fbdc91eb371c>:0 
  at ShoulderFlashlightMod.ShoulderFlashlightController.HandleToggleInput () [0x00005] in <c653b02de2b04aef933b0671d2b3e246>:0 
  at ShoulderFlashlightMod.ShoulderFlashlightController.Update () [0x00000] in <c653b02de2b04aef933b0671d2b3e246>:0 
 
(Filename: <c055c80802d14a9db359fbdc91eb371c> Line: 0)

NullReferenceException: Object reference not set to an instance of an object
  at GameInput.HasFlag (GameInput+Button action, GameInput+InputStateFlags flag) [0x00009] in <c055c80802d14a9db359fbdc91eb371c>:0 
  at GameInput.GetButtonDown (GameInput+Button action) [0x00000] in <c055c80802d14a9db359fbdc91eb371c>:0 
  at ShoulderFlashlightMod.ShoulderFlashlightController.HandleToggleInput () [0x00005] in <c653b02de2b04aef933b0671d2b3e246>:0 
  at ShoulderFlashlightMod.ShoulderFlashlightController.Update () [0x00000] in <c653b02de2b04aef933b0671d2b3e246>:0 
 
(Filename: <c055c80802d14a9db359fbdc91eb371c> Line: 0)

NullReferenceException: Object reference not set to an instance of an object
  at GameInput.HasFlag (GameInput+Button action, GameInput+InputStateFlags flag) [0x00009] in <c055c80802d14a9db359fbdc91eb371c>:0 
  at GameInput.GetButtonDown (GameInput+Button action) [0x00000] in <c055c80802d14a9db359fbdc91eb371c>:0 
  at ShoulderFlashlightMod.ShoulderFlashlightController.HandleToggleInput () [0x00005] in <c653b02de2b04aef933b0671d2b3e246>:0 
  at ShoulderFlashlightMod.ShoulderFlashlightController.Update () [0x00000] in <c653b02de2b04aef933b0671d2b3e246>:0 
 
(Filename: <c055c80802d14a9db359fbdc91eb371c> Line: 0)

NullReferenceException: Object reference not set to an instance of an object
  at GameInput.HasFlag (GameInput+Button action, GameInput+InputStateFlags flag) [0x00009] in <c055c80802d14a9db359fbdc91eb371c>:0 
  at GameInput.GetButtonDown (GameInput+Button action) [0x00000] in <c055c80802d14a9db359fbdc91eb371c>:0 
  at ShoulderFlashlightMod.ShoulderFlashlightController.HandleToggleInput () [0x00005] in <c653b02de2b04aef933b0671d2b3e246>:0 
  at ShoulderFlashlightMod.ShoulderFlashlightController.Update () [0x00000] in <c653b02de2b04aef933b0671d2b3e246>:0 
 
(Filename: <c055c80802d14a9db359fbdc91eb371c> Line: 0)

NullReferenceException: Object reference not set to an instance of an object
  at GameInput.HasFlag (GameInput+Button action, GameInput+InputStateFlags flag) [0x00009] in <c055c80802d14a9db359fbdc91eb371c>:0 
  at GameInput.GetButtonDown (GameInput+Button action) [0x00000] in <c055c80802d14a9db359fbdc91eb371c>:0 
  at ShoulderFlashlightMod.ShoulderFlashlightController.HandleToggleInput () [0x00005] in <c653b02de2b04aef933b0671d2b3e246>:0 
  at ShoulderFlashlightMod.ShoulderFlashlightController.Update () [0x00000] in <c653b02de2b04aef933b0671d2b3e246>:0 
 
(Filename: <c055c80802d14a9db359fbdc91eb371c> Line: 0)

NullReferenceException: Object reference not set to an instance of an object
  at GameInput.HasFlag (GameInput+Button action, GameInput+InputStateFlags flag) [0x00009] in <c055c80802d14a9db359fbdc91eb371c>:0 
  at GameInput.GetButtonDown (GameInput+Button action) [0x00000] in <c055c80802d14a9db359fbdc91eb371c>:0 
  at ShoulderFlashlightMod.ShoulderFlashlightController.HandleToggleInput () [0x00005] in <c653b02de2b04aef933b0671d2b3e246>:0 
  at ShoulderFlashlightMod.ShoulderFlashlightController.Update () [0x00000] in <c653b02de2b04aef933b0671d2b3e246>:0 
 
(Filename: <c055c80802d14a9db359fbdc91eb371c> Line: 0)

NullReferenceException: Object reference not set to an instance of an object
  at GameInput.HasFlag (GameInput+Button action, GameInput+InputStateFlags flag) [0x00009] in <c055c80802d14a9db359fbdc91eb371c>:0 
  at GameInput.GetButtonDown (GameInput+Button action) [0x00000] in <c055c80802d14a9db359fbdc91eb371c>:0 
  at ShoulderFlashlightMod.ShoulderFlashlightController.HandleToggleInput () [0x00005] in <c653b02de2b04aef933b0671d2b3e246>:0 
  at ShoulderFlashlightMod.ShoulderFlashlightController.Update () [0x00000] in <c653b02de2b04aef933b0671d2b3e246>:0 
 
(Filename: <c055c80802d14a9db359fbdc91eb371c> Line: 0)

NullReferenceException: Object reference not set to an instance of an object
  at GameInput.HasFlag (GameInput+Button action, GameInput+InputStateFlags flag) [0x00009] in <c055c80802d14a9db359fbdc91eb371c>:0 
  at GameInput.GetButtonDown (GameInput+Button action) [0x00000] in <c055c80802d14a9db359fbdc91eb371c>:0 
  at ShoulderFlashlightMod.ShoulderFlashlightController.HandleToggleInput () [0x00005] in <c653b02de2b04aef933b0671d2b3e246>:0 
  at ShoulderFlashlightMod.ShoulderFlashlightController.Update () [0x00000] in <c653b02de2b04aef933b0671d2b3e246>:0 
 
(Filename: <c055c80802d14a9db359fbdc91eb371c> Line: 0)

NullReferenceException: Object reference not set to an instance of an object
  at GameInput.HasFlag (GameInput+Button action, GameInput+InputStateFlags flag) [0x00009] in <c055c80802d14a9db359fbdc91eb371c>:0 
  at GameInput.GetButtonDown (GameInput+Button action) [0x00000] in <c055c80802d14a9db359fbdc91eb371c>:0 
  at ShoulderFlashlightMod.ShoulderFlashlightController.HandleToggleInput () [0x00005] in <c653b02de2b04aef933b0671d2b3e246>:0 
  at ShoulderFlashlightMod.ShoulderFlashlightController.Update () [0x00000] in <c653b02de2b04aef933b0671d2b3e246>:0 
 
(Filename: <c055c80802d14a9db359fbdc91eb371c> Line: 0)

NullReferenceException: Object reference not set to an instance of an object
  at GameInput.HasFlag (GameInput+Button action, GameInput+InputStateFlags flag) [0x00009] in <c055c80802d14a9db359fbdc91eb371c>:0 
  at GameInput.GetButtonDown (GameInput+Button action) [0x00000] in <c055c80802d14a9db359fbdc91eb371c>:0 
  at ShoulderFlashlightMod.ShoulderFlashlightController.HandleToggleInput () [0x00005] in <c653b02de2b04aef933b0671d2b3e246>:0 
  at ShoulderFlashlightMod.ShoulderFlashlightController.Update () [0x00000] in <c653b02de2b04aef933b0671d2b3e246>:0 
 
(Filename: <c055c80802d14a9db359fbdc91eb371c> Line: 0)

NullReferenceException: Object reference not set to an instance of an object
  at GameInput.HasFlag (GameInput+Button action, GameInput+InputStateFlags flag) [0x00009] in <c055c80802d14a9db359fbdc91eb371c>:0 
  at GameInput.GetButtonDown (GameInput+Button action) [0x00000] in <c055c80802d14a9db359fbdc91eb371c>:0 
  at ShoulderFlashlightMod.ShoulderFlashlightController.HandleToggleInput () [0x00005] in <c653b02de2b04aef933b0671d2b3e246>:0 
  at ShoulderFlashlightMod.ShoulderFlashlightController.Update () [0x00000] in <c653b02de2b04aef933b0671d2b3e246>:0 
 
(Filename: <c055c80802d14a9db359fbdc91eb371c> Line: 0)

NullReferenceException: Object reference not set to an instance of an object
  at GameInput.HasFlag (GameInput+Button action, GameInput+InputStateFlags flag) [0x00009] in <c055c80802d14a9db359fbdc91eb371c>:0 
  at GameInput.GetButtonDown (GameInput+Button action) [0x00000] in <c055c80802d14a9db359fbdc91eb371c>:0 
  at ShoulderFlashlightMod.ShoulderFlashlightController.HandleToggleInput () [0x00005] in <c653b02de2b04aef933b0671d2b3e246>:0 
  at ShoulderFlashlightMod.ShoulderFlashlightController.Update () [0x00000] in <c653b02de2b04aef933b0671d2b3e246>:0 
 
(Filename: <c055c80802d14a9db359fbdc91eb371c> Line: 0)

NullReferenceException: Object reference not set to an instance of an object
  at GameInput.HasFlag (GameInput+Button action, GameInput+InputStateFlags flag) [0x00009] in <c055c80802d14a9db359fbdc91eb371c>:0 
  at GameInput.GetButtonDown (GameInput+Button action) [0x00000] in <c055c80802d14a9db359fbdc91eb371c>:0 
  at ShoulderFlashlightMod.ShoulderFlashlightController.HandleToggleInput () [0x00005] in <c653b02de2b04aef933b0671d2b3e246>:0 
  at ShoulderFlashlightMod.ShoulderFlashlightController.Update () [0x00000] in <c653b02de2b04aef933b0671d2b3e246>:0 
 
(Filename: <c055c80802d14a9db359fbdc91eb371c> Line: 0)

NullReferenceException: Object reference not set to an instance of an object
  at GameInput.HasFlag (GameInput+Button action, GameInput+InputStateFlags flag) [0x00009] in <c055c80802d14a9db359fbdc91eb371c>:0 
  at GameInput.GetButtonDown (GameInput+Button action) [0x00000] in <c055c80802d14a9db359fbdc91eb371c>:0 
  at ShoulderFlashlightMod.ShoulderFlashlightController.HandleToggleInput () [0x00005] in <c653b02de2b04aef933b0671d2b3e246>:0 
  at ShoulderFlashlightMod.ShoulderFlashlightController.Update () [0x00000] in <c653b02de2b04aef933b0671d2b3e246>:0 
 
(Filename: <c055c80802d14a9db359fbdc91eb371c> Line: 0)

NullReferenceException: Object reference not set to an instance of an object
  at GameInput.HasFlag (GameInput+Button action, GameInput+InputStateFlags flag) [0x00009] in <c055c80802d14a9db359fbdc91eb371c>:0 
  at GameInput.GetButtonDown (GameInput+Button action) [0x00000] in <c055c80802d14a9db359fbdc91eb371c>:0 
  at ShoulderFlashlightMod.ShoulderFlashlightController.HandleToggleInput () [0x00005] in <c653b02de2b04aef933b0671d2b3e246>:0 
  at ShoulderFlashlightMod.ShoulderFlashlightController.Update () [0x00000] in <c653b02de2b04aef933b0671d2b3e246>:0 
 
(Filename: <c055c80802d14a9db359fbdc91eb371c> Line: 0)

NullReferenceException: Object reference not set to an instance of an object
  at GameInput.HasFlag (GameInput+Button action, GameInput+InputStateFlags flag) [0x00009] in <c055c80802d14a9db359fbdc91eb371c>:0 
  at GameInput.GetButtonDown (GameInput+Button action) [0x00000] in <c055c80802d14a9db359fbdc91eb371c>:0 
  at ShoulderFlashlightMod.ShoulderFlashlightController.HandleToggleInput () [0x00005] in <c653b02de2b04aef933b0671d2b3e246>:0 
  at ShoulderFlashlightMod.ShoulderFlashlightController.Update () [0x00000] in <c653b02de2b04aef933b0671d2b3e246>:0 
 
(Filename: <c055c80802d14a9db359fbdc91eb371c> Line: 0)

NullReferenceException: Object reference not set to an instance of an object
  at GameInput.HasFlag (GameInput+Button action, GameInput+InputStateFlags flag) [0x00009] in <c055c80802d14a9db359fbdc91eb371c>:0 
  at GameInput.GetButtonDown (GameInput+Button action) [0x00000] in <c055c80802d14a9db359fbdc91eb371c>:0 
  at ShoulderFlashlightMod.ShoulderFlashlightController.HandleToggleInput () [0x00005] in <c653b02de2b04aef933b0671d2b3e246>:0 
  at ShoulderFlashlightMod.ShoulderFlashlightController.Update () [0x00000] in <c653b02de2b04aef933b0671d2b3e246>:0 
 
(Filename: <c055c80802d14a9db359fbdc91eb371c> Line: 0)

NullReferenceException: Object reference not set to an instance of an object
  at GameInput.HasFlag (GameInput+Button action, GameInput+InputStateFlags flag) [0x00009] in <c055c80802d14a9db359fbdc91eb371c>:0 
  at GameInput.GetButtonDown (GameInput+Button action) [0x00000] in <c055c80802d14a9db359fbdc91eb371c>:0 
  at ShoulderFlashlightMod.ShoulderFlashlightController.HandleToggleInput () [0x00005] in <c653b02de2b04aef933b0671d2b3e246>:0 
  at ShoulderFlashlightMod.ShoulderFlashlightController.Update () [0x00000] in <c653b02de2b04aef933b0671d2b3e246>:0 
 
(Filename: <c055c80802d14a9db359fbdc91eb371c> Line: 0)

NullReferenceException: Object reference not set to an instance of an object
  at GameInput.HasFlag (GameInput+Button action, GameInput+InputStateFlags flag) [0x00009] in <c055c80802d14a9db359fbdc91eb371c>:0 
  at GameInput.GetButtonDown (GameInput+Button action) [0x00000] in <c055c80802d14a9db359fbdc91eb371c>:0 
  at ShoulderFlashlightMod.ShoulderFlashlightController.HandleToggleInput () [0x00005] in <c653b02de2b04aef933b0671d2b3e246>:0 
  at ShoulderFlashlightMod.ShoulderFlashlightController.Update () [0x00000] in <c653b02de2b04aef933b0671d2b3e246>:0 
 
(Filename: <c055c80802d14a9db359fbdc91eb371c> Line: 0)

NullReferenceException: Object reference not set to an instance of an object
  at GameInput.HasFlag (GameInput+Button action, GameInput+InputStateFlags flag) [0x00009] in <c055c80802d14a9db359fbdc91eb371c>:0 
  at GameInput.GetButtonDown (GameInput+Button action) [0x00000] in <c055c80802d14a9db359fbdc91eb371c>:0 
  at ShoulderFlashlightMod.ShoulderFlashlightController.HandleToggleInput () [0x00005] in <c653b02de2b04aef933b0671d2b3e246>:0 
  at ShoulderFlashlightMod.ShoulderFlashlightController.Update () [0x00000] in <c653b02de2b04aef933b0671d2b3e246>:0 
 
(Filename: <c055c80802d14a9db359fbdc91eb371c> Line: 0)

NullReferenceException: Object reference not set to an instance of an object
  at GameInput.HasFlag (GameInput+Button action, GameInput+InputStateFlags flag) [0x00009] in <c055c80802d14a9db359fbdc91eb371c>:0 
  at GameInput.GetButtonDown (GameInput+Button action) [0x00000] in <c055c80802d14a9db359fbdc91eb371c>:0 
  at ShoulderFlashlightMod.ShoulderFlashlightController.HandleToggleInput () [0x00005] in <c653b02de2b04aef933b0671d2b3e246>:0 
  at ShoulderFlashlightMod.ShoulderFlashlightController.Update () [0x00000] in <c653b02de2b04aef933b0671d2b3e246>:0 
 
(Filename: <c055c80802d14a9db359fbdc91eb371c> Line: 0)

NullReferenceException: Object reference not set to an instance of an object
  at GameInput.HasFlag (GameInput+Button action, GameInput+InputStateFlags flag) [0x00009] in <c055c80802d14a9db359fbdc91eb371c>:0 
  at GameInput.GetButtonDown (GameInput+Button action) [0x00000] in <c055c80802d14a9db359fbdc91eb371c>:0 
  at ShoulderFlashlightMod.ShoulderFlashlightController.HandleToggleInput () [0x00005] in <c653b02de2b04aef933b0671d2b3e246>:0 
  at ShoulderFlashlightMod.ShoulderFlashlightController.Update () [0x00000] in <c653b02de2b04aef933b0671d2b3e246>:0 
 
(Filename: <c055c80802d14a9db359fbdc91eb371c> Line: 0)

NullReferenceException: Object reference not set to an instance of an object
  at GameInput.HasFlag (GameInput+Button action, GameInput+InputStateFlags flag) [0x00009] in <c055c80802d14a9db359fbdc91eb371c>:0 
  at GameInput.GetButtonDown (GameInput+Button action) [0x00000] in <c055c80802d14a9db359fbdc91eb371c>:0 
  at ShoulderFlashlightMod.ShoulderFlashlightController.HandleToggleInput () [0x00005] in <c653b02de2b04aef933b0671d2b3e246>:0 
  at ShoulderFlashlightMod.ShoulderFlashlightController.Update () [0x00000] in <c653b02de2b04aef933b0671d2b3e246>:0 
 
(Filename: <c055c80802d14a9db359fbdc91eb371c> Line: 0)

NullReferenceException: Object reference not set to an instance of an object
  at GameInput.HasFlag (GameInput+Button action, GameInput+InputStateFlags flag) [0x00009] in <c055c80802d14a9db359fbdc91eb371c>:0 
  at GameInput.GetButtonDown (GameInput+Button action) [0x00000] in <c055c80802d14a9db359fbdc91eb371c>:0 
  at ShoulderFlashlightMod.ShoulderFlashlightController.HandleToggleInput () [0x00005] in <c653b02de2b04aef933b0671d2b3e246>:0 
  at ShoulderFlashlightMod.ShoulderFlashlightController.Update () [0x00000] in <c653b02de2b04aef933b0671d2b3e246>:0 
 
(Filename: <c055c80802d14a9db359fbdc91eb371c> Line: 0)

NullReferenceException: Object reference not set to an instance of an object
  at GameInput.HasFlag (GameInput+Button action, GameInput+InputStateFlags flag) [0x00009] in <c055c80802d14a9db359fbdc91eb371c>:0 
  at GameInput.GetButtonDown (GameInput+Button action) [0x00000] in <c055c80802d14a9db359fbdc91eb371c>:0 
  at ShoulderFlashlightMod.ShoulderFlashlightController.HandleToggleInput () [0x00005] in <c653b02de2b04aef933b0671d2b3e246>:0 
  at ShoulderFlashlightMod.ShoulderFlashlightController.Update () [0x00000] in <c653b02de2b04aef933b0671d2b3e246>:0 
 
(Filename: <c055c80802d14a9db359fbdc91eb371c> Line: 0)

NullReferenceException: Object reference not set to an instance of an object
  at GameInput.HasFlag (GameInput+Button action, GameInput+InputStateFlags flag) [0x00009] in <c055c80802d14a9db359fbdc91eb371c>:0 
  at GameInput.GetButtonDown (GameInput+Button action) [0x00000] in <c055c80802d14a9db359fbdc91eb371c>:0 
  at ShoulderFlashlightMod.ShoulderFlashlightController.HandleToggleInput () [0x00005] in <c653b02de2b04aef933b0671d2b3e246>:0 
  at ShoulderFlashlightMod.ShoulderFlashlightController.Update () [0x00000] in <c653b02de2b04aef933b0671d2b3e246>:0 
 
(Filename: <c055c80802d14a9db359fbdc91eb371c> Line: 0)

NullReferenceException: Object reference not set to an instance of an object
  at GameInput.HasFlag (GameInput+Button action, GameInput+InputStateFlags flag) [0x00009] in <c055c80802d14a9db359fbdc91eb371c>:0 
  at GameInput.GetButtonDown (GameInput+Button action) [0x00000] in <c055c80802d14a9db359fbdc91eb371c>:0 
  at ShoulderFlashlightMod.ShoulderFlashlightController.HandleToggleInput () [0x00005] in <c653b02de2b04aef933b0671d2b3e246>:0 
  at ShoulderFlashlightMod.ShoulderFlashlightController.Update () [0x00000] in <c653b02de2b04aef933b0671d2b3e246>:0 
 
(Filename: <c055c80802d14a9db359fbdc91eb371c> Line: 0)

NullReferenceException: Object reference not set to an instance of an object
  at GameInput.HasFlag (GameInput+Button action, GameInput+InputStateFlags flag) [0x00009] in <c055c80802d14a9db359fbdc91eb371c>:0 
  at GameInput.GetButtonDown (GameInput+Button action) [0x00000] in <c055c80802d14a9db359fbdc91eb371c>:0 
  at ShoulderFlashlightMod.ShoulderFlashlightController.HandleToggleInput () [0x00005] in <c653b02de2b04aef933b0671d2b3e246>:0 
  at ShoulderFlashlightMod.ShoulderFlashlightController.Update () [0x00000] in <c653b02de2b04aef933b0671d2b3e246>:0 
 
(Filename: <c055c80802d14a9db359fbdc91eb371c> Line: 0)

NullReferenceException: Object reference not set to an instance of an object
  at GameInput.HasFlag (GameInput+Button action, GameInput+InputStateFlags flag) [0x00009] in <c055c80802d14a9db359fbdc91eb371c>:0 
  at GameInput.GetButtonDown (GameInput+Button action) [0x00000] in <c055c80802d14a9db359fbdc91eb371c>:0 
  at ShoulderFlashlightMod.ShoulderFlashlightController.HandleToggleInput () [0x00005] in <c653b02de2b04aef933b0671d2b3e246>:0 
  at ShoulderFlashlightMod.ShoulderFlashlightController.Update () [0x00000] in <c653b02de2b04aef933b0671d2b3e246>:0 
 
(Filename: <c055c80802d14a9db359fbdc91eb371c> Line: 0)

NullReferenceException: Object reference not set to an instance of an object
  at GameInput.HasFlag (GameInput+Button action, GameInput+InputStateFlags flag) [0x00009] in <c055c80802d14a9db359fbdc91eb371c>:0 
  at GameInput.GetButtonDown (GameInput+Button action) [0x00000] in <c055c80802d14a9db359fbdc91eb371c>:0 
  at ShoulderFlashlightMod.ShoulderFlashlightController.HandleToggleInput () [0x00005] in <c653b02de2b04aef933b0671d2b3e246>:0 
  at ShoulderFlashlightMod.ShoulderFlashlightController.Update () [0x00000] in <c653b02de2b04aef933b0671d2b3e246>:0 
 
(Filename: <c055c80802d14a9db359fbdc91eb371c> Line: 0)

NullReferenceException: Object reference not set to an instance of an object
  at GameInput.HasFlag (GameInput+Button action, GameInput+InputStateFlags flag) [0x00009] in <c055c80802d14a9db359fbdc91eb371c>:0 
  at GameInput.GetButtonDown (GameInput+Button action) [0x00000] in <c055c80802d14a9db359fbdc91eb371c>:0 
  at ShoulderFlashlightMod.ShoulderFlashlightController.HandleToggleInput () [0x00005] in <c653b02de2b04aef933b0671d2b3e246>:0 
  at ShoulderFlashlightMod.ShoulderFlashlightController.Update () [0x00000] in <c653b02de2b04aef933b0671d2b3e246>:0 
 
(Filename: <c055c80802d14a9db359fbdc91eb371c> Line: 0)

NullReferenceException: Object reference not set to an instance of an object
  at GameInput.HasFlag (GameInput+Button action, GameInput+InputStateFlags flag) [0x00009] in <c055c80802d14a9db359fbdc91eb371c>:0 
  at GameInput.GetButtonDown (GameInput+Button action) [0x00000] in <c055c80802d14a9db359fbdc91eb371c>:0 
  at ShoulderFlashlightMod.ShoulderFlashlightController.HandleToggleInput () [0x00005] in <c653b02de2b04aef933b0671d2b3e246>:0 
  at ShoulderFlashlightMod.ShoulderFlashlightController.Update () [0x00000] in <c653b02de2b04aef933b0671d2b3e246>:0 
 
(Filename: <c055c80802d14a9db359fbdc91eb371c> Line: 0)

NullReferenceException: Object reference not set to an instance of an object
  at GameInput.HasFlag (GameInput+Button action, GameInput+InputStateFlags flag) [0x00009] in <c055c80802d14a9db359fbdc91eb371c>:0 
  at GameInput.GetButtonDown (GameInput+Button action) [0x00000] in <c055c80802d14a9db359fbdc91eb371c>:0 
  at ShoulderFlashlightMod.ShoulderFlashlightController.HandleToggleInput () [0x00005] in <c653b02de2b04aef933b0671d2b3e246>:0 
  at ShoulderFlashlightMod.ShoulderFlashlightController.Update () [0x00000] in <c653b02de2b04aef933b0671d2b3e246>:0 
 
(Filename: <c055c80802d14a9db359fbdc91eb371c> Line: 0)

NullReferenceException: Object reference not set to an instance of an object
  at GameInput.HasFlag (GameInput+Button action, GameInput+InputStateFlags flag) [0x00009] in <c055c80802d14a9db359fbdc91eb371c>:0 
  at GameInput.GetButtonDown (GameInput+Button action) [0x00000] in <c055c80802d14a9db359fbdc91eb371c>:0 
  at ShoulderFlashlightMod.ShoulderFlashlightController.HandleToggleInput () [0x00005] in <c653b02de2b04aef933b0671d2b3e246>:0 
  at ShoulderFlashlightMod.ShoulderFlashlightController.Update () [0x00000] in <c653b02de2b04aef933b0671d2b3e246>:0 
 
(Filename: <c055c80802d14a9db359fbdc91eb371c> Line: 0)

NullReferenceException: Object reference not set to an instance of an object
  at GameInput.HasFlag (GameInput+Button action, GameInput+InputStateFlags flag) [0x00009] in <c055c80802d14a9db359fbdc91eb371c>:0 
  at GameInput.GetButtonDown (GameInput+Button action) [0x00000] in <c055c80802d14a9db359fbdc91eb371c>:0 
  at ShoulderFlashlightMod.ShoulderFlashlightController.HandleToggleInput () [0x00005] in <c653b02de2b04aef933b0671d2b3e246>:0 
  at ShoulderFlashlightMod.ShoulderFlashlightController.Update () [0x00000] in <c653b02de2b04aef933b0671d2b3e246>:0 
 
(Filename: <c055c80802d14a9db359fbdc91eb371c> Line: 0)

NullReferenceException: Object reference not set to an instance of an object
  at GameInput.HasFlag (GameInput+Button action, GameInput+InputStateFlags flag) [0x00009] in <c055c80802d14a9db359fbdc91eb371c>:0 
  at GameInput.GetButtonDown (GameInput+Button action) [0x00000] in <c055c80802d14a9db359fbdc91eb371c>:0 
  at ShoulderFlashlightMod.ShoulderFlashlightController.HandleToggleInput () [0x00005] in <c653b02de2b04aef933b0671d2b3e246>:0 
  at ShoulderFlashlightMod.ShoulderFlashlightController.Update () [0x00000] in <c653b02de2b04aef933b0671d2b3e246>:0 
 
(Filename: <c055c80802d14a9db359fbdc91eb371c> Line: 0)

NullReferenceException: Object reference not set to an instance of an object
  at GameInput.HasFlag (GameInput+Button action, GameInput+InputStateFlags flag) [0x00009] in <c055c80802d14a9db359fbdc91eb371c>:0 
  at GameInput.GetButtonDown (GameInput+Button action) [0x00000] in <c055c80802d14a9db359fbdc91eb371c>:0 
  at ShoulderFlashlightMod.ShoulderFlashlightController.HandleToggleInput () [0x00005] in <c653b02de2b04aef933b0671d2b3e246>:0 
  at ShoulderFlashlightMod.ShoulderFlashlightController.Update () [0x00000] in <c653b02de2b04aef933b0671d2b3e246>:0 
 
(Filename: <c055c80802d14a9db359fbdc91eb371c> Line: 0)

NullReferenceException: Object reference not set to an instance of an object
  at GameInput.HasFlag (GameInput+Button action, GameInput+InputStateFlags flag) [0x00009] in <c055c80802d14a9db359fbdc91eb371c>:0 
  at GameInput.GetButtonDown (GameInput+Button action) [0x00000] in <c055c80802d14a9db359fbdc91eb371c>:0 
  at ShoulderFlashlightMod.ShoulderFlashlightController.HandleToggleInput () [0x00005] in <c653b02de2b04aef933b0671d2b3e246>:0 
  at ShoulderFlashlightMod.ShoulderFlashlightController.Update () [0x00000] in <c653b02de2b04aef933b0671d2b3e246>:0 
 
(Filename: <c055c80802d14a9db359fbdc91eb371c> Line: 0)

NullReferenceException: Object reference not set to an instance of an object
  at GameInput.HasFlag (GameInput+Button action, GameInput+InputStateFlags flag) [0x00009] in <c055c80802d14a9db359fbdc91eb371c>:0 
  at GameInput.GetButtonDown (GameInput+Button action) [0x00000] in <c055c80802d14a9db359fbdc91eb371c>:0 
  at ShoulderFlashlightMod.ShoulderFlashlightController.HandleToggleInput () [0x00005] in <c653b02de2b04aef933b0671d2b3e246>:0 
  at ShoulderFlashlightMod.ShoulderFlashlightController.Update () [0x00000] in <c653b02de2b04aef933b0671d2b3e246>:0 
 
(Filename: <c055c80802d14a9db359fbdc91eb371c> Line: 0)

NullReferenceException: Object reference not set to an instance of an object
  at GameInput.HasFlag (GameInput+Button action, GameInput+InputStateFlags flag) [0x00009] in <c055c80802d14a9db359fbdc91eb371c>:0 
  at GameInput.GetButtonDown (GameInput+Button action) [0x00000] in <c055c80802d14a9db359fbdc91eb371c>:0 
  at ShoulderFlashlightMod.ShoulderFlashlightController.HandleToggleInput () [0x00005] in <c653b02de2b04aef933b0671d2b3e246>:0 
  at ShoulderFlashlightMod.ShoulderFlashlightController.Update () [0x00000] in <c653b02de2b04aef933b0671d2b3e246>:0 
 
(Filename: <c055c80802d14a9db359fbdc91eb371c> Line: 0)

NullReferenceException: Object reference not set to an instance of an object
  at GameInput.HasFlag (GameInput+Button action, GameInput+InputStateFlags flag) [0x00009] in <c055c80802d14a9db359fbdc91eb371c>:0 
  at GameInput.GetButtonDown (GameInput+Button action) [0x00000] in <c055c80802d14a9db359fbdc91eb371c>:0 
  at ShoulderFlashlightMod.ShoulderFlashlightController.HandleToggleInput () [0x00005] in <c653b02de2b04aef933b0671d2b3e246>:0 
  at ShoulderFlashlightMod.ShoulderFlashlightController.Update () [0x00000] in <c653b02de2b04aef933b0671d2b3e246>:0 
 
(Filename: <c055c80802d14a9db359fbdc91eb371c> Line: 0)

NullReferenceException: Object reference not set to an instance of an object
  at GameInput.HasFlag (GameInput+Button action, GameInput+InputStateFlags flag) [0x00009] in <c055c80802d14a9db359fbdc91eb371c>:0 
  at GameInput.GetButtonDown (GameInput+Button action) [0x00000] in <c055c80802d14a9db359fbdc91eb371c>:0 
  at ShoulderFlashlightMod.ShoulderFlashlightController.HandleToggleInput () [0x00005] in <c653b02de2b04aef933b0671d2b3e246>:0 
  at ShoulderFlashlightMod.ShoulderFlashlightController.Update () [0x00000] in <c653b02de2b04aef933b0671d2b3e246>:0 
 
(Filename: <c055c80802d14a9db359fbdc91eb371c> Line: 0)

NullReferenceException: Object reference not set to an instance of an object
  at GameInput.HasFlag (GameInput+Button action, GameInput+InputStateFlags flag) [0x00009] in <c055c80802d14a9db359fbdc91eb371c>:0 
  at GameInput.GetButtonDown (GameInput+Button action) [0x00000] in <c055c80802d14a9db359fbdc91eb371c>:0 
  at ShoulderFlashlightMod.ShoulderFlashlightController.HandleToggleInput () [0x00005] in <c653b02de2b04aef933b0671d2b3e246>:0 
  at ShoulderFlashlightMod.ShoulderFlashlightController.Update () [0x00000] in <c653b02de2b04aef933b0671d2b3e246>:0 
 
(Filename: <c055c80802d14a9db359fbdc91eb371c> Line: 0)

NullReferenceException: Object reference not set to an instance of an object
  at GameInput.HasFlag (GameInput+Button action, GameInput+InputStateFlags flag) [0x00009] in <c055c80802d14a9db359fbdc91eb371c>:0 
  at GameInput.GetButtonDown (GameInput+Button action) [0x00000] in <c055c80802d14a9db359fbdc91eb371c>:0 
  at ShoulderFlashlightMod.ShoulderFlashlightController.HandleToggleInput () [0x00005] in <c653b02de2b04aef933b0671d2b3e246>:0 
  at ShoulderFlashlightMod.ShoulderFlashlightController.Update () [0x00000] in <c653b02de2b04aef933b0671d2b3e246>:0 
 
(Filename: <c055c80802d14a9db359fbdc91eb371c> Line: 0)

NullReferenceException: Object reference not set to an instance of an object
  at GameInput.HasFlag (GameInput+Button action, GameInput+InputStateFlags flag) [0x00009] in <c055c80802d14a9db359fbdc91eb371c>:0 
  at GameInput.GetButtonDown (GameInput+Button action) [0x00000] in <c055c80802d14a9db359fbdc91eb371c>:0 
  at ShoulderFlashlightMod.ShoulderFlashlightController.HandleToggleInput () [0x00005] in <c653b02de2b04aef933b0671d2b3e246>:0 
  at ShoulderFlashlightMod.ShoulderFlashlightController.Update () [0x00000] in <c653b02de2b04aef933b0671d2b3e246>:0 
 
(Filename: <c055c80802d14a9db359fbdc91eb371c> Line: 0)

NullReferenceException: Object reference not set to an instance of an object
  at GameInput.HasFlag (GameInput+Button action, GameInput+InputStateFlags flag) [0x00009] in <c055c80802d14a9db359fbdc91eb371c>:0 
  at GameInput.GetButtonDown (GameInput+Button action) [0x00000] in <c055c80802d14a9db359fbdc91eb371c>:0 
  at ShoulderFlashlightMod.ShoulderFlashlightController.HandleToggleInput () [0x00005] in <c653b02de2b04aef933b0671d2b3e246>:0 
  at ShoulderFlashlightMod.ShoulderFlashlightController.Update () [0x00000] in <c653b02de2b04aef933b0671d2b3e246>:0 
 
(Filename: <c055c80802d14a9db359fbdc91eb371c> Line: 0)

NullReferenceException: Object reference not set to an instance of an object
  at GameInput.HasFlag (GameInput+Button action, GameInput+InputStateFlags flag) [0x00009] in <c055c80802d14a9db359fbdc91eb371c>:0 
  at GameInput.GetButtonDown (GameInput+Button action) [0x00000] in <c055c80802d14a9db359fbdc91eb371c>:0 
  at ShoulderFlashlightMod.ShoulderFlashlightController.HandleToggleInput () [0x00005] in <c653b02de2b04aef933b0671d2b3e246>:0 
  at ShoulderFlashlightMod.ShoulderFlashlightController.Update () [0x00000] in <c653b02de2b04aef933b0671d2b3e246>:0 
 
(Filename: <c055c80802d14a9db359fbdc91eb371c> Line: 0)

NullReferenceException: Object reference not set to an instance of an object
  at GameInput.HasFlag (GameInput+Button action, GameInput+InputStateFlags flag) [0x00009] in <c055c80802d14a9db359fbdc91eb371c>:0 
  at GameInput.GetButtonDown (GameInput+Button action) [0x00000] in <c055c80802d14a9db359fbdc91eb371c>:0 
  at ShoulderFlashlightMod.ShoulderFlashlightController.HandleToggleInput () [0x00005] in <c653b02de2b04aef933b0671d2b3e246>:0 
  at ShoulderFlashlightMod.ShoulderFlashlightController.Update () [0x00000] in <c653b02de2b04aef933b0671d2b3e246>:0 
 
(Filename: <c055c80802d14a9db359fbdc91eb371c> Line: 0)

NullReferenceException: Object reference not set to an instance of an object
  at GameInput.HasFlag (GameInput+Button action, GameInput+InputStateFlags flag) [0x00009] in <c055c80802d14a9db359fbdc91eb371c>:0 
  at GameInput.GetButtonDown (GameInput+Button action) [0x00000] in <c055c80802d14a9db359fbdc91eb371c>:0 
  at ShoulderFlashlightMod.ShoulderFlashlightController.HandleToggleInput () [0x00005] in <c653b02de2b04aef933b0671d2b3e246>:0 
  at ShoulderFlashlightMod.ShoulderFlashlightController.Update () [0x00000] in <c653b02de2b04aef933b0671d2b3e246>:0 
 
(Filename: <c055c80802d14a9db359fbdc91eb371c> Line: 0)

NullReferenceException: Object reference not set to an instance of an object
  at GameInput.HasFlag (GameInput+Button action, GameInput+InputStateFlags flag) [0x00009] in <c055c80802d14a9db359fbdc91eb371c>:0 
  at GameInput.GetButtonDown (GameInput+Button action) [0x00000] in <c055c80802d14a9db359fbdc91eb371c>:0 
  at ShoulderFlashlightMod.ShoulderFlashlightController.HandleToggleInput () [0x00005] in <c653b02de2b04aef933b0671d2b3e246>:0 
  at ShoulderFlashlightMod.ShoulderFlashlightController.Update () [0x00000] in <c653b02de2b04aef933b0671d2b3e246>:0 
 
(Filename: <c055c80802d14a9db359fbdc91eb371c> Line: 0)

NullReferenceException: Object reference not set to an instance of an object
  at GameInput.HasFlag (GameInput+Button action, GameInput+InputStateFlags flag) [0x00009] in <c055c80802d14a9db359fbdc91eb371c>:0 
  at GameInput.GetButtonDown (GameInput+Button action) [0x00000] in <c055c80802d14a9db359fbdc91eb371c>:0 
  at ShoulderFlashlightMod.ShoulderFlashlightController.HandleToggleInput () [0x00005] in <c653b02de2b04aef933b0671d2b3e246>:0 
  at ShoulderFlashlightMod.ShoulderFlashlightController.Update () [0x00000] in <c653b02de2b04aef933b0671d2b3e246>:0 
 
(Filename: <c055c80802d14a9db359fbdc91eb371c> Line: 0)

NullReferenceException: Object reference not set to an instance of an object
  at GameInput.HasFlag (GameInput+Button action, GameInput+InputStateFlags flag) [0x00009] in <c055c80802d14a9db359fbdc91eb371c>:0 
  at GameInput.GetButtonDown (GameInput+Button action) [0x00000] in <c055c80802d14a9db359fbdc91eb371c>:0 
  at ShoulderFlashlightMod.ShoulderFlashlightController.HandleToggleInput () [0x00005] in <c653b02de2b04aef933b0671d2b3e246>:0 
  at ShoulderFlashlightMod.ShoulderFlashlightController.Update () [0x00000] in <c653b02de2b04aef933b0671d2b3e246>:0 
 
(Filename: <c055c80802d14a9db359fbdc91eb371c> Line: 0)

NullReferenceException: Object reference not set to an instance of an object
  at GameInput.HasFlag (GameInput+Button action, GameInput+InputStateFlags flag) [0x00009] in <c055c80802d14a9db359fbdc91eb371c>:0 
  at GameInput.GetButtonDown (GameInput+Button action) [0x00000] in <c055c80802d14a9db359fbdc91eb371c>:0 
  at ShoulderFlashlightMod.ShoulderFlashlightController.HandleToggleInput () [0x00005] in <c653b02de2b04aef933b0671d2b3e246>:0 
  at ShoulderFlashlightMod.ShoulderFlashlightController.Update () [0x00000] in <c653b02de2b04aef933b0671d2b3e246>:0 
 
(Filename: <c055c80802d14a9db359fbdc91eb371c> Line: 0)

NullReferenceException: Object reference not set to an instance of an object
  at GameInput.HasFlag (GameInput+Button action, GameInput+InputStateFlags flag) [0x00009] in <c055c80802d14a9db359fbdc91eb371c>:0 
  at GameInput.GetButtonDown (GameInput+Button action) [0x00000] in <c055c80802d14a9db359fbdc91eb371c>:0 
  at ShoulderFlashlightMod.ShoulderFlashlightController.HandleToggleInput () [0x00005] in <c653b02de2b04aef933b0671d2b3e246>:0 
  at ShoulderFlashlightMod.ShoulderFlashlightController.Update () [0x00000] in <c653b02de2b04aef933b0671d2b3e246>:0 
 
(Filename: <c055c80802d14a9db359fbdc91eb371c> Line: 0)

NullReferenceException: Object reference not set to an instance of an object
  at GameInput.HasFlag (GameInput+Button action, GameInput+InputStateFlags flag) [0x00009] in <c055c80802d14a9db359fbdc91eb371c>:0 
  at GameInput.GetButtonDown (GameInput+Button action) [0x00000] in <c055c80802d14a9db359fbdc91eb371c>:0 
  at ShoulderFlashlightMod.ShoulderFlashlightController.HandleToggleInput () [0x00005] in <c653b02de2b04aef933b0671d2b3e246>:0 
  at ShoulderFlashlightMod.ShoulderFlashlightController.Update () [0x00000] in <c653b02de2b04aef933b0671d2b3e246>:0 
 
(Filename: <c055c80802d14a9db359fbdc91eb371c> Line: 0)

NullReferenceException: Object reference not set to an instance of an object
  at GameInput.HasFlag (GameInput+Button action, GameInput+InputStateFlags flag) [0x00009] in <c055c80802d14a9db359fbdc91eb371c>:0 
  at GameInput.GetButtonDown (GameInput+Button action) [0x00000] in <c055c80802d14a9db359fbdc91eb371c>:0 
  at ShoulderFlashlightMod.ShoulderFlashlightController.HandleToggleInput () [0x00005] in <c653b02de2b04aef933b0671d2b3e246>:0 
  at ShoulderFlashlightMod.ShoulderFlashlightController.Update () [0x00000] in <c653b02de2b04aef933b0671d2b3e246>:0 
 
(Filename: <c055c80802d14a9db359fbdc91eb371c> Line: 0)

NullReferenceException: Object reference not set to an instance of an object
  at GameInput.HasFlag (GameInput+Button action, GameInput+InputStateFlags flag) [0x00009] in <c055c80802d14a9db359fbdc91eb371c>:0 
  at GameInput.GetButtonDown (GameInput+Button action) [0x00000] in <c055c80802d14a9db359fbdc91eb371c>:0 
  at ShoulderFlashlightMod.ShoulderFlashlightController.HandleToggleInput () [0x00005] in <c653b02de2b04aef933b0671d2b3e246>:0 
  at ShoulderFlashlightMod.ShoulderFlashlightController.Update () [0x00000] in <c653b02de2b04aef933b0671d2b3e246>:0 
 
(Filename: <c055c80802d14a9db359fbdc91eb371c> Line: 0)

NullReferenceException: Object reference not set to an instance of an object
  at GameInput.HasFlag (GameInput+Button action, GameInput+InputStateFlags flag) [0x00009] in <c055c80802d14a9db359fbdc91eb371c>:0 
  at GameInput.GetButtonDown (GameInput+Button action) [0x00000] in <c055c80802d14a9db359fbdc91eb371c>:0 
  at ShoulderFlashlightMod.ShoulderFlashlightController.HandleToggleInput () [0x00005] in <c653b02de2b04aef933b0671d2b3e246>:0 
  at ShoulderFlashlightMod.ShoulderFlashlightController.Update () [0x00000] in <c653b02de2b04aef933b0671d2b3e246>:0 
 
(Filename: <c055c80802d14a9db359fbdc91eb371c> Line: 0)

NullReferenceException: Object reference not set to an instance of an object
  at GameInput.HasFlag (GameInput+Button action, GameInput+InputStateFlags flag) [0x00009] in <c055c80802d14a9db359fbdc91eb371c>:0 
  at GameInput.GetButtonDown (GameInput+Button action) [0x00000] in <c055c80802d14a9db359fbdc91eb371c>:0 
  at ShoulderFlashlightMod.ShoulderFlashlightController.HandleToggleInput () [0x00005] in <c653b02de2b04aef933b0671d2b3e246>:0 
  at ShoulderFlashlightMod.ShoulderFlashlightController.Update () [0x00000] in <c653b02de2b04aef933b0671d2b3e246>:0 
 
(Filename: <c055c80802d14a9db359fbdc91eb371c> Line: 0)

NullReferenceException: Object reference not set to an instance of an object
  at GameInput.HasFlag (GameInput+Button action, GameInput+InputStateFlags flag) [0x00009] in <c055c80802d14a9db359fbdc91eb371c>:0 
  at GameInput.GetButtonDown (GameInput+Button action) [0x00000] in <c055c80802d14a9db359fbdc91eb371c>:0 
  at ShoulderFlashlightMod.ShoulderFlashlightController.HandleToggleInput () [0x00005] in <c653b02de2b04aef933b0671d2b3e246>:0 
  at ShoulderFlashlightMod.ShoulderFlashlightController.Update () [0x00000] in <c653b02de2b04aef933b0671d2b3e246>:0 
 
(Filename: <c055c80802d14a9db359fbdc91eb371c> Line: 0)

NullReferenceException: Object reference not set to an instance of an object
  at GameInput.HasFlag (GameInput+Button action, GameInput+InputStateFlags flag) [0x00009] in <c055c80802d14a9db359fbdc91eb371c>:0 
  at GameInput.GetButtonDown (GameInput+Button action) [0x00000] in <c055c80802d14a9db359fbdc91eb371c>:0 
  at ShoulderFlashlightMod.ShoulderFlashlightController.HandleToggleInput () [0x00005] in <c653b02de2b04aef933b0671d2b3e246>:0 
  at ShoulderFlashlightMod.ShoulderFlashlightController.Update () [0x00000] in <c653b02de2b04aef933b0671d2b3e246>:0 
 
(Filename: <c055c80802d14a9db359fbdc91eb371c> Line: 0)

NullReferenceException: Object reference not set to an instance of an object
  at GameInput.HasFlag (GameInput+Button action, GameInput+InputStateFlags flag) [0x00009] in <c055c80802d14a9db359fbdc91eb371c>:0 
  at GameInput.GetButtonDown (GameInput+Button action) [0x00000] in <c055c80802d14a9db359fbdc91eb371c>:0 
  at ShoulderFlashlightMod.ShoulderFlashlightController.HandleToggleInput () [0x00005] in <c653b02de2b04aef933b0671d2b3e246>:0 
  at ShoulderFlashlightMod.ShoulderFlashlightController.Update () [0x00000] in <c653b02de2b04aef933b0671d2b3e246>:0 
 
(Filename: <c055c80802d14a9db359fbdc91eb371c> Line: 0)

NullReferenceException: Object reference not set to an instance of an object
  at GameInput.HasFlag (GameInput+Button action, GameInput+InputStateFlags flag) [0x00009] in <c055c80802d14a9db359fbdc91eb371c>:0 
  at GameInput.GetButtonDown (GameInput+Button action) [0x00000] in <c055c80802d14a9db359fbdc91eb371c>:0 
  at ShoulderFlashlightMod.ShoulderFlashlightController.HandleToggleInput () [0x00005] in <c653b02de2b04aef933b0671d2b3e246>:0 
  at ShoulderFlashlightMod.ShoulderFlashlightController.Update () [0x00000] in <c653b02de2b04aef933b0671d2b3e246>:0 
 
(Filename: <c055c80802d14a9db359fbdc91eb371c> Line: 0)

NullReferenceException: Object reference not set to an instance of an object
  at GameInput.HasFlag (GameInput+Button action, GameInput+InputStateFlags flag) [0x00009] in <c055c80802d14a9db359fbdc91eb371c>:0 
  at GameInput.GetButtonDown (GameInput+Button action) [0x00000] in <c055c80802d14a9db359fbdc91eb371c>:0 
  at ShoulderFlashlightMod.ShoulderFlashlightController.HandleToggleInput () [0x00005] in <c653b02de2b04aef933b0671d2b3e246>:0 
  at ShoulderFlashlightMod.ShoulderFlashlightController.Update () [0x00000] in <c653b02de2b04aef933b0671d2b3e246>:0 
 
(Filename: <c055c80802d14a9db359fbdc91eb371c> Line: 0)

NullReferenceException: Object reference not set to an instance of an object
  at GameInput.HasFlag (GameInput+Button action, GameInput+InputStateFlags flag) [0x00009] in <c055c80802d14a9db359fbdc91eb371c>:0 
  at GameInput.GetButtonDown (GameInput+Button action) [0x00000] in <c055c80802d14a9db359fbdc91eb371c>:0 
  at ShoulderFlashlightMod.ShoulderFlashlightController.HandleToggleInput () [0x00005] in <c653b02de2b04aef933b0671d2b3e246>:0 
  at ShoulderFlashlightMod.ShoulderFlashlightController.Update () [0x00000] in <c653b02de2b04aef933b0671d2b3e246>:0 
 
(Filename: <c055c80802d14a9db359fbdc91eb371c> Line: 0)

NullReferenceException: Object reference not set to an instance of an object
  at GameInput.HasFlag (GameInput+Button action, GameInput+InputStateFlags flag) [0x00009] in <c055c80802d14a9db359fbdc91eb371c>:0 
  at GameInput.GetButtonDown (GameInput+Button action) [0x00000] in <c055c80802d14a9db359fbdc91eb371c>:0 
  at ShoulderFlashlightMod.ShoulderFlashlightController.HandleToggleInput () [0x00005] in <c653b02de2b04aef933b0671d2b3e246>:0 
  at ShoulderFlashlightMod.ShoulderFlashlightController.Update () [0x00000] in <c653b02de2b04aef933b0671d2b3e246>:0 
 
(Filename: <c055c80802d14a9db359fbdc91eb371c> Line: 0)

NullReferenceException: Object reference not set to an instance of an object
  at GameInput.HasFlag (GameInput+Button action, GameInput+InputStateFlags flag) [0x00009] in <c055c80802d14a9db359fbdc91eb371c>:0 
  at GameInput.GetButtonDown (GameInput+Button action) [0x00000] in <c055c80802d14a9db359fbdc91eb371c>:0 
  at ShoulderFlashlightMod.ShoulderFlashlightController.HandleToggleInput () [0x00005] in <c653b02de2b04aef933b0671d2b3e246>:0 
  at ShoulderFlashlightMod.ShoulderFlashlightController.Update () [0x00000] in <c653b02de2b04aef933b0671d2b3e246>:0 
 
(Filename: <c055c80802d14a9db359fbdc91eb371c> Line: 0)

NullReferenceException: Object reference not set to an instance of an object
  at GameInput.HasFlag (GameInput+Button action, GameInput+InputStateFlags flag) [0x00009] in <c055c80802d14a9db359fbdc91eb371c>:0 
  at GameInput.GetButtonDown (GameInput+Button action) [0x00000] in <c055c80802d14a9db359fbdc91eb371c>:0 
  at ShoulderFlashlightMod.ShoulderFlashlightController.HandleToggleInput () [0x00005] in <c653b02de2b04aef933b0671d2b3e246>:0 
  at ShoulderFlashlightMod.ShoulderFlashlightController.Update () [0x00000] in <c653b02de2b04aef933b0671d2b3e246>:0 
 
(Filename: <c055c80802d14a9db359fbdc91eb371c> Line: 0)

NullReferenceException: Object reference not set to an instance of an object
  at GameInput.HasFlag (GameInput+Button action, GameInput+InputStateFlags flag) [0x00009] in <c055c80802d14a9db359fbdc91eb371c>:0 
  at GameInput.GetButtonDown (GameInput+Button action) [0x00000] in <c055c80802d14a9db359fbdc91eb371c>:0 
  at ShoulderFlashlightMod.ShoulderFlashlightController.HandleToggleInput () [0x00005] in <c653b02de2b04aef933b0671d2b3e246>:0 
  at ShoulderFlashlightMod.ShoulderFlashlightController.Update () [0x00000] in <c653b02de2b04aef933b0671d2b3e246>:0 
 
(Filename: <c055c80802d14a9db359fbdc91eb371c> Line: 0)

NullReferenceException: Object reference not set to an instance of an object
  at GameInput.HasFlag (GameInput+Button action, GameInput+InputStateFlags flag) [0x00009] in <c055c80802d14a9db359fbdc91eb371c>:0 
  at GameInput.GetButtonDown (GameInput+Button action) [0x00000] in <c055c80802d14a9db359fbdc91eb371c>:0 
  at ShoulderFlashlightMod.ShoulderFlashlightController.HandleToggleInput () [0x00005] in <c653b02de2b04aef933b0671d2b3e246>:0 
  at ShoulderFlashlightMod.ShoulderFlashlightController.Update () [0x00000] in <c653b02de2b04aef933b0671d2b3e246>:0 
 
(Filename: <c055c80802d14a9db359fbdc91eb371c> Line: 0)

NullReferenceException: Object reference not set to an instance of an object
  at GameInput.HasFlag (GameInput+Button action, GameInput+InputStateFlags flag) [0x00009] in <c055c80802d14a9db359fbdc91eb371c>:0 
  at GameInput.GetButtonDown (GameInput+Button action) [0x00000] in <c055c80802d14a9db359fbdc91eb371c>:0 
  at ShoulderFlashlightMod.ShoulderFlashlightController.HandleToggleInput () [0x00005] in <c653b02de2b04aef933b0671d2b3e246>:0 
  at ShoulderFlashlightMod.ShoulderFlashlightController.Update () [0x00000] in <c653b02de2b04aef933b0671d2b3e246>:0 
 
(Filename: <c055c80802d14a9db359fbdc91eb371c> Line: 0)

NullReferenceException: Object reference not set to an instance of an object
  at GameInput.HasFlag (GameInput+Button action, GameInput+InputStateFlags flag) [0x00009] in <c055c80802d14a9db359fbdc91eb371c>:0 
  at GameInput.GetButtonDown (GameInput+Button action) [0x00000] in <c055c80802d14a9db359fbdc91eb371c>:0 
  at ShoulderFlashlightMod.ShoulderFlashlightController.HandleToggleInput () [0x00005] in <c653b02de2b04aef933b0671d2b3e246>:0 
  at ShoulderFlashlightMod.ShoulderFlashlightController.Update () [0x00000] in <c653b02de2b04aef933b0671d2b3e246>:0 
 
(Filename: <c055c80802d14a9db359fbdc91eb371c> Line: 0)

NullReferenceException: Object reference not set to an instance of an object
  at GameInput.HasFlag (GameInput+Button action, GameInput+InputStateFlags flag) [0x00009] in <c055c80802d14a9db359fbdc91eb371c>:0 
  at GameInput.GetButtonDown (GameInput+Button action) [0x00000] in <c055c80802d14a9db359fbdc91eb371c>:0 
  at ShoulderFlashlightMod.ShoulderFlashlightController.HandleToggleInput () [0x00005] in <c653b02de2b04aef933b0671d2b3e246>:0 
  at ShoulderFlashlightMod.ShoulderFlashlightController.Update () [0x00000] in <c653b02de2b04aef933b0671d2b3e246>:0 
 
(Filename: <c055c80802d14a9db359fbdc91eb371c> Line: 0)

NullReferenceException: Object reference not set to an instance of an object
  at GameInput.HasFlag (GameInput+Button action, GameInput+InputStateFlags flag) [0x00009] in <c055c80802d14a9db359fbdc91eb371c>:0 
  at GameInput.GetButtonDown (GameInput+Button action) [0x00000] in <c055c80802d14a9db359fbdc91eb371c>:0 
  at ShoulderFlashlightMod.ShoulderFlashlightController.HandleToggleInput () [0x00005] in <c653b02de2b04aef933b0671d2b3e246>:0 
  at ShoulderFlashlightMod.ShoulderFlashlightController.Update () [0x00000] in <c653b02de2b04aef933b0671d2b3e246>:0 
 
(Filename: <c055c80802d14a9db359fbdc91eb371c> Line: 0)

NullReferenceException: Object reference not set to an instance of an object
  at GameInput.HasFlag (GameInput+Button action, GameInput+InputStateFlags flag) [0x00009] in <c055c80802d14a9db359fbdc91eb371c>:0 
  at GameInput.GetButtonDown (GameInput+Button action) [0x00000] in <c055c80802d14a9db359fbdc91eb371c>:0 
  at ShoulderFlashlightMod.ShoulderFlashlightController.HandleToggleInput () [0x00005] in <c653b02de2b04aef933b0671d2b3e246>:0 
  at ShoulderFlashlightMod.ShoulderFlashlightController.Update () [0x00000] in <c653b02de2b04aef933b0671d2b3e246>:0 
 
(Filename: <c055c80802d14a9db359fbdc91eb371c> Line: 0)

NullReferenceException: Object reference not set to an instance of an object
  at GameInput.HasFlag (GameInput+Button action, GameInput+InputStateFlags flag) [0x00009] in <c055c80802d14a9db359fbdc91eb371c>:0 
  at GameInput.GetButtonDown (GameInput+Button action) [0x00000] in <c055c80802d14a9db359fbdc91eb371c>:0 
  at ShoulderFlashlightMod.ShoulderFlashlightController.HandleToggleInput () [0x00005] in <c653b02de2b04aef933b0671d2b3e246>:0 
  at ShoulderFlashlightMod.ShoulderFlashlightController.Update () [0x00000] in <c653b02de2b04aef933b0671d2b3e246>:0 
 
(Filename: <c055c80802d14a9db359fbdc91eb371c> Line: 0)

NullReferenceException: Object reference not set to an instance of an object
  at GameInput.HasFlag (GameInput+Button action, GameInput+InputStateFlags flag) [0x00009] in <c055c80802d14a9db359fbdc91eb371c>:0 
  at GameInput.GetButtonDown (GameInput+Button action) [0x00000] in <c055c80802d14a9db359fbdc91eb371c>:0 
  at ShoulderFlashlightMod.ShoulderFlashlightController.HandleToggleInput () [0x00005] in <c653b02de2b04aef933b0671d2b3e246>:0 
  at ShoulderFlashlightMod.ShoulderFlashlightController.Update () [0x00000] in <c653b02de2b04aef933b0671d2b3e246>:0 
 
(Filename: <c055c80802d14a9db359fbdc91eb371c> Line: 0)

NullReferenceException: Object reference not set to an instance of an object
  at GameInput.HasFlag (GameInput+Button action, GameInput+InputStateFlags flag) [0x00009] in <c055c80802d14a9db359fbdc91eb371c>:0 
  at GameInput.GetButtonDown (GameInput+Button action) [0x00000] in <c055c80802d14a9db359fbdc91eb371c>:0 
  at ShoulderFlashlightMod.ShoulderFlashlightController.HandleToggleInput () [0x00005] in <c653b02de2b04aef933b0671d2b3e246>:0 
  at ShoulderFlashlightMod.ShoulderFlashlightController.Update () [0x00000] in <c653b02de2b04aef933b0671d2b3e246>:0 
 
(Filename: <c055c80802d14a9db359fbdc91eb371c> Line: 0)

NullReferenceException: Object reference not set to an instance of an object
  at GameInput.HasFlag (GameInput+Button action, GameInput+InputStateFlags flag) [0x00009] in <c055c80802d14a9db359fbdc91eb371c>:0 
  at GameInput.GetButtonDown (GameInput+Button action) [0x00000] in <c055c80802d14a9db359fbdc91eb371c>:0 
  at ShoulderFlashlightMod.ShoulderFlashlightController.HandleToggleInput () [0x00005] in <c653b02de2b04aef933b0671d2b3e246>:0 
  at ShoulderFlashlightMod.ShoulderFlashlightController.Update () [0x00000] in <c653b02de2b04aef933b0671d2b3e246>:0 
 
(Filename: <c055c80802d14a9db359fbdc91eb371c> Line: 0)

NullReferenceException: Object reference not set to an instance of an object
  at GameInput.HasFlag (GameInput+Button action, GameInput+InputStateFlags flag) [0x00009] in <c055c80802d14a9db359fbdc91eb371c>:0 
  at GameInput.GetButtonDown (GameInput+Button action) [0x00000] in <c055c80802d14a9db359fbdc91eb371c>:0 
  at ShoulderFlashlightMod.ShoulderFlashlightController.HandleToggleInput () [0x00005] in <c653b02de2b04aef933b0671d2b3e246>:0 
  at ShoulderFlashlightMod.ShoulderFlashlightController.Update () [0x00000] in <c653b02de2b04aef933b0671d2b3e246>:0 
 
(Filename: <c055c80802d14a9db359fbdc91eb371c> Line: 0)

NullReferenceException: Object reference not set to an instance of an object
  at GameInput.HasFlag (GameInput+Button action, GameInput+InputStateFlags flag) [0x00009] in <c055c80802d14a9db359fbdc91eb371c>:0 
  at GameInput.GetButtonDown (GameInput+Button action) [0x00000] in <c055c80802d14a9db359fbdc91eb371c>:0 
  at ShoulderFlashlightMod.ShoulderFlashlightController.HandleToggleInput () [0x00005] in <c653b02de2b04aef933b0671d2b3e246>:0 
  at ShoulderFlashlightMod.ShoulderFlashlightController.Update () [0x00000] in <c653b02de2b04aef933b0671d2b3e246>:0 
 
(Filename: <c055c80802d14a9db359fbdc91eb371c> Line: 0)

NullReferenceException: Object reference not set to an instance of an object
  at GameInput.HasFlag (GameInput+Button action, GameInput+InputStateFlags flag) [0x00009] in <c055c80802d14a9db359fbdc91eb371c>:0 
  at GameInput.GetButtonDown (GameInput+Button action) [0x00000] in <c055c80802d14a9db359fbdc91eb371c>:0 
  at ShoulderFlashlightMod.ShoulderFlashlightController.HandleToggleInput () [0x00005] in <c653b02de2b04aef933b0671d2b3e246>:0 
  at ShoulderFlashlightMod.ShoulderFlashlightController.Update () [0x00000] in <c653b02de2b04aef933b0671d2b3e246>:0 
 
(Filename: <c055c80802d14a9db359fbdc91eb371c> Line: 0)

NullReferenceException: Object reference not set to an instance of an object
  at GameInput.HasFlag (GameInput+Button action, GameInput+InputStateFlags flag) [0x00009] in <c055c80802d14a9db359fbdc91eb371c>:0 
  at GameInput.GetButtonDown (GameInput+Button action) [0x00000] in <c055c80802d14a9db359fbdc91eb371c>:0 
  at ShoulderFlashlightMod.ShoulderFlashlightController.HandleToggleInput () [0x00005] in <c653b02de2b04aef933b0671d2b3e246>:0 
  at ShoulderFlashlightMod.ShoulderFlashlightController.Update () [0x00000] in <c653b02de2b04aef933b0671d2b3e246>:0 
 
(Filename: <c055c80802d14a9db359fbdc91eb371c> Line: 0)

NullReferenceException: Object reference not set to an instance of an object
  at GameInput.HasFlag (GameInput+Button action, GameInput+InputStateFlags flag) [0x00009] in <c055c80802d14a9db359fbdc91eb371c>:0 
  at GameInput.GetButtonDown (GameInput+Button action) [0x00000] in <c055c80802d14a9db359fbdc91eb371c>:0 
  at ShoulderFlashlightMod.ShoulderFlashlightController.HandleToggleInput () [0x00005] in <c653b02de2b04aef933b0671d2b3e246>:0 
  at ShoulderFlashlightMod.ShoulderFlashlightController.Update () [0x00000] in <c653b02de2b04aef933b0671d2b3e246>:0 
 
(Filename: <c055c80802d14a9db359fbdc91eb371c> Line: 0)

NullReferenceException: Object reference not set to an instance of an object
  at GameInput.HasFlag (GameInput+Button action, GameInput+InputStateFlags flag) [0x00009] in <c055c80802d14a9db359fbdc91eb371c>:0 
  at GameInput.GetButtonDown (GameInput+Button action) [0x00000] in <c055c80802d14a9db359fbdc91eb371c>:0 
  at ShoulderFlashlightMod.ShoulderFlashlightController.HandleToggleInput () [0x00005] in <c653b02de2b04aef933b0671d2b3e246>:0 
  at ShoulderFlashlightMod.ShoulderFlashlightController.Update () [0x00000] in <c653b02de2b04aef933b0671d2b3e246>:0 
 
(Filename: <c055c80802d14a9db359fbdc91eb371c> Line: 0)

NullReferenceException: Object reference not set to an instance of an object
  at GameInput.HasFlag (GameInput+Button action, GameInput+InputStateFlags flag) [0x00009] in <c055c80802d14a9db359fbdc91eb371c>:0 
  at GameInput.GetButtonDown (GameInput+Button action) [0x00000] in <c055c80802d14a9db359fbdc91eb371c>:0 
  at ShoulderFlashlightMod.ShoulderFlashlightController.HandleToggleInput () [0x00005] in <c653b02de2b04aef933b0671d2b3e246>:0 
  at ShoulderFlashlightMod.ShoulderFlashlightController.Update () [0x00000] in <c653b02de2b04aef933b0671d2b3e246>:0 
 
(Filename: <c055c80802d14a9db359fbdc91eb371c> Line: 0)

NullReferenceException: Object reference not set to an instance of an object
  at GameInput.HasFlag (GameInput+Button action, GameInput+InputStateFlags flag) [0x00009] in <c055c80802d14a9db359fbdc91eb371c>:0 
  at GameInput.GetButtonDown (GameInput+Button action) [0x00000] in <c055c80802d14a9db359fbdc91eb371c>:0 
  at ShoulderFlashlightMod.ShoulderFlashlightController.HandleToggleInput () [0x00005] in <c653b02de2b04aef933b0671d2b3e246>:0 
  at ShoulderFlashlightMod.ShoulderFlashlightController.Update () [0x00000] in <c653b02de2b04aef933b0671d2b3e246>:0 
 
(Filename: <c055c80802d14a9db359fbdc91eb371c> Line: 0)

NullReferenceException: Object reference not set to an instance of an object
  at GameInput.HasFlag (GameInput+Button action, GameInput+InputStateFlags flag) [0x00009] in <c055c80802d14a9db359fbdc91eb371c>:0 
  at GameInput.GetButtonDown (GameInput+Button action) [0x00000] in <c055c80802d14a9db359fbdc91eb371c>:0 
  at ShoulderFlashlightMod.ShoulderFlashlightController.HandleToggleInput () [0x00005] in <c653b02de2b04aef933b0671d2b3e246>:0 
  at ShoulderFlashlightMod.ShoulderFlashlightController.Update () [0x00000] in <c653b02de2b04aef933b0671d2b3e246>:0 
 
(Filename: <c055c80802d14a9db359fbdc91eb371c> Line: 0)

NullReferenceException: Object reference not set to an instance of an object
  at GameInput.HasFlag (GameInput+Button action, GameInput+InputStateFlags flag) [0x00009] in <c055c80802d14a9db359fbdc91eb371c>:0 
  at GameInput.GetButtonDown (GameInput+Button action) [0x00000] in <c055c80802d14a9db359fbdc91eb371c>:0 
  at ShoulderFlashlightMod.ShoulderFlashlightController.HandleToggleInput () [0x00005] in <c653b02de2b04aef933b0671d2b3e246>:0 
  at ShoulderFlashlightMod.ShoulderFlashlightController.Update () [0x00000] in <c653b02de2b04aef933b0671d2b3e246>:0 
 
(Filename: <c055c80802d14a9db359fbdc91eb371c> Line: 0)

NullReferenceException: Object reference not set to an instance of an object
  at GameInput.HasFlag (GameInput+Button action, GameInput+InputStateFlags flag) [0x00009] in <c055c80802d14a9db359fbdc91eb371c>:0 
  at GameInput.GetButtonDown (GameInput+Button action) [0x00000] in <c055c80802d14a9db359fbdc91eb371c>:0 
  at ShoulderFlashlightMod.ShoulderFlashlightController.HandleToggleInput () [0x00005] in <c653b02de2b04aef933b0671d2b3e246>:0 
  at ShoulderFlashlightMod.ShoulderFlashlightController.Update () [0x00000] in <c653b02de2b04aef933b0671d2b3e246>:0 
 
(Filename: <c055c80802d14a9db359fbdc91eb371c> Line: 0)

NullReferenceException: Object reference not set to an instance of an object
  at GameInput.HasFlag (GameInput+Button action, GameInput+InputStateFlags flag) [0x00009] in <c055c80802d14a9db359fbdc91eb371c>:0 
  at GameInput.GetButtonDown (GameInput+Button action) [0x00000] in <c055c80802d14a9db359fbdc91eb371c>:0 
  at ShoulderFlashlightMod.ShoulderFlashlightController.HandleToggleInput () [0x00005] in <c653b02de2b04aef933b0671d2b3e246>:0 
  at ShoulderFlashlightMod.ShoulderFlashlightController.Update () [0x00000] in <c653b02de2b04aef933b0671d2b3e246>:0 
 
(Filename: <c055c80802d14a9db359fbdc91eb371c> Line: 0)

NullReferenceException: Object reference not set to an instance of an object
  at GameInput.HasFlag (GameInput+Button action, GameInput+InputStateFlags flag) [0x00009] in <c055c80802d14a9db359fbdc91eb371c>:0 
  at GameInput.GetButtonDown (GameInput+Button action) [0x00000] in <c055c80802d14a9db359fbdc91eb371c>:0 
  at ShoulderFlashlightMod.ShoulderFlashlightController.HandleToggleInput () [0x00005] in <c653b02de2b04aef933b0671d2b3e246>:0 
  at ShoulderFlashlightMod.ShoulderFlashlightController.Update () [0x00000] in <c653b02de2b04aef933b0671d2b3e246>:0 
 
(Filename: <c055c80802d14a9db359fbdc91eb371c> Line: 0)

NullReferenceException: Object reference not set to an instance of an object
  at GameInput.HasFlag (GameInput+Button action, GameInput+InputStateFlags flag) [0x00009] in <c055c80802d14a9db359fbdc91eb371c>:0 
  at GameInput.GetButtonDown (GameInput+Button action) [0x00000] in <c055c80802d14a9db359fbdc91eb371c>:0 
  at ShoulderFlashlightMod.ShoulderFlashlightController.HandleToggleInput () [0x00005] in <c653b02de2b04aef933b0671d2b3e246>:0 
  at ShoulderFlashlightMod.ShoulderFlashlightController.Update () [0x00000] in <c653b02de2b04aef933b0671d2b3e246>:0 
 
(Filename: <c055c80802d14a9db359fbdc91eb371c> Line: 0)

NullReferenceException: Object reference not set to an instance of an object
  at GameInput.HasFlag (GameInput+Button action, GameInput+InputStateFlags flag) [0x00009] in <c055c80802d14a9db359fbdc91eb371c>:0 
  at GameInput.GetButtonDown (GameInput+Button action) [0x00000] in <c055c80802d14a9db359fbdc91eb371c>:0 
  at ShoulderFlashlightMod.ShoulderFlashlightController.HandleToggleInput () [0x00005] in <c653b02de2b04aef933b0671d2b3e246>:0 
  at ShoulderFlashlightMod.ShoulderFlashlightController.Update () [0x00000] in <c653b02de2b04aef933b0671d2b3e246>:0 
 
(Filename: <c055c80802d14a9db359fbdc91eb371c> Line: 0)

NullReferenceException: Object reference not set to an instance of an object
  at GameInput.HasFlag (GameInput+Button action, GameInput+InputStateFlags flag) [0x00009] in <c055c80802d14a9db359fbdc91eb371c>:0 
  at GameInput.GetButtonDown (GameInput+Button action) [0x00000] in <c055c80802d14a9db359fbdc91eb371c>:0 
  at ShoulderFlashlightMod.ShoulderFlashlightController.HandleToggleInput () [0x00005] in <c653b02de2b04aef933b0671d2b3e246>:0 
  at ShoulderFlashlightMod.ShoulderFlashlightController.Update () [0x00000] in <c653b02de2b04aef933b0671d2b3e246>:0 
 
(Filename: <c055c80802d14a9db359fbdc91eb371c> Line: 0)

NullReferenceException: Object reference not set to an instance of an object
  at GameInput.HasFlag (GameInput+Button action, GameInput+InputStateFlags flag) [0x00009] in <c055c80802d14a9db359fbdc91eb371c>:0 
  at GameInput.GetButtonDown (GameInput+Button action) [0x00000] in <c055c80802d14a9db359fbdc91eb371c>:0 
  at ShoulderFlashlightMod.ShoulderFlashlightController.HandleToggleInput () [0x00005] in <c653b02de2b04aef933b0671d2b3e246>:0 
  at ShoulderFlashlightMod.ShoulderFlashlightController.Update () [0x00000] in <c653b02de2b04aef933b0671d2b3e246>:0 
 
(Filename: <c055c80802d14a9db359fbdc91eb371c> Line: 0)

NullReferenceException: Object reference not set to an instance of an object
  at GameInput.HasFlag (GameInput+Button action, GameInput+InputStateFlags flag) [0x00009] in <c055c80802d14a9db359fbdc91eb371c>:0 
  at GameInput.GetButtonDown (GameInput+Button action) [0x00000] in <c055c80802d14a9db359fbdc91eb371c>:0 
  at ShoulderFlashlightMod.ShoulderFlashlightController.HandleToggleInput () [0x00005] in <c653b02de2b04aef933b0671d2b3e246>:0 
  at ShoulderFlashlightMod.ShoulderFlashlightController.Update () [0x00000] in <c653b02de2b04aef933b0671d2b3e246>:0 
 
(Filename: <c055c80802d14a9db359fbdc91eb371c> Line: 0)

NullReferenceException: Object reference not set to an instance of an object
  at GameInput.HasFlag (GameInput+Button action, GameInput+InputStateFlags flag) [0x00009] in <c055c80802d14a9db359fbdc91eb371c>:0 
  at GameInput.GetButtonDown (GameInput+Button action) [0x00000] in <c055c80802d14a9db359fbdc91eb371c>:0 
  at ShoulderFlashlightMod.ShoulderFlashlightController.HandleToggleInput () [0x00005] in <c653b02de2b04aef933b0671d2b3e246>:0 
  at ShoulderFlashlightMod.ShoulderFlashlightController.Update () [0x00000] in <c653b02de2b04aef933b0671d2b3e246>:0 
 
(Filename: <c055c80802d14a9db359fbdc91eb371c> Line: 0)

NullReferenceException: Object reference not set to an instance of an object
  at GameInput.HasFlag (GameInput+Button action, GameInput+InputStateFlags flag) [0x00009] in <c055c80802d14a9db359fbdc91eb371c>:0 
  at GameInput.GetButtonDown (GameInput+Button action) [0x00000] in <c055c80802d14a9db359fbdc91eb371c>:0 
  at ShoulderFlashlightMod.ShoulderFlashlightController.HandleToggleInput () [0x00005] in <c653b02de2b04aef933b0671d2b3e246>:0 
  at ShoulderFlashlightMod.ShoulderFlashlightController.Update () [0x00000] in <c653b02de2b04aef933b0671d2b3e246>:0 
 
(Filename: <c055c80802d14a9db359fbdc91eb371c> Line: 0)

NullReferenceException: Object reference not set to an instance of an object
  at GameInput.HasFlag (GameInput+Button action, GameInput+InputStateFlags flag) [0x00009] in <c055c80802d14a9db359fbdc91eb371c>:0 
  at GameInput.GetButtonDown (GameInput+Button action) [0x00000] in <c055c80802d14a9db359fbdc91eb371c>:0 
  at ShoulderFlashlightMod.ShoulderFlashlightController.HandleToggleInput () [0x00005] in <c653b02de2b04aef933b0671d2b3e246>:0 
  at ShoulderFlashlightMod.ShoulderFlashlightController.Update () [0x00000] in <c653b02de2b04aef933b0671d2b3e246>:0 
 
(Filename: <c055c80802d14a9db359fbdc91eb371c> Line: 0)

NullReferenceException: Object reference not set to an instance of an object
  at GameInput.HasFlag (GameInput+Button action, GameInput+InputStateFlags flag) [0x00009] in <c055c80802d14a9db359fbdc91eb371c>:0 
  at GameInput.GetButtonDown (GameInput+Button action) [0x00000] in <c055c80802d14a9db359fbdc91eb371c>:0 
  at ShoulderFlashlightMod.ShoulderFlashlightController.HandleToggleInput () [0x00005] in <c653b02de2b04aef933b0671d2b3e246>:0 
  at ShoulderFlashlightMod.ShoulderFlashlightController.Update () [0x00000] in <c653b02de2b04aef933b0671d2b3e246>:0 
 
(Filename: <c055c80802d14a9db359fbdc91eb371c> Line: 0)

NullReferenceException: Object reference not set to an instance of an object
  at GameInput.HasFlag (GameInput+Button action, GameInput+InputStateFlags flag) [0x00009] in <c055c80802d14a9db359fbdc91eb371c>:0 
  at GameInput.GetButtonDown (GameInput+Button action) [0x00000] in <c055c80802d14a9db359fbdc91eb371c>:0 
  at ShoulderFlashlightMod.ShoulderFlashlightController.HandleToggleInput () [0x00005] in <c653b02de2b04aef933b0671d2b3e246>:0 
  at ShoulderFlashlightMod.ShoulderFlashlightController.Update () [0x00000] in <c653b02de2b04aef933b0671d2b3e246>:0 
 
(Filename: <c055c80802d14a9db359fbdc91eb371c> Line: 0)

NullReferenceException: Object reference not set to an instance of an object
  at GameInput.HasFlag (GameInput+Button action, GameInput+InputStateFlags flag) [0x00009] in <c055c80802d14a9db359fbdc91eb371c>:0 
  at GameInput.GetButtonDown (GameInput+Button action) [0x00000] in <c055c80802d14a9db359fbdc91eb371c>:0 
  at ShoulderFlashlightMod.ShoulderFlashlightController.HandleToggleInput () [0x00005] in <c653b02de2b04aef933b0671d2b3e246>:0 
  at ShoulderFlashlightMod.ShoulderFlashlightController.Update () [0x00000] in <c653b02de2b04aef933b0671d2b3e246>:0 
 
(Filename: <c055c80802d14a9db359fbdc91eb371c> Line: 0)

NullReferenceException: Object reference not set to an instance of an object
  at GameInput.HasFlag (GameInput+Button action, GameInput+InputStateFlags flag) [0x00009] in <c055c80802d14a9db359fbdc91eb371c>:0 
  at GameInput.GetButtonDown (GameInput+Button action) [0x00000] in <c055c80802d14a9db359fbdc91eb371c>:0 
  at ShoulderFlashlightMod.ShoulderFlashlightController.HandleToggleInput () [0x00005] in <c653b02de2b04aef933b0671d2b3e246>:0 
  at ShoulderFlashlightMod.ShoulderFlashlightController.Update () [0x00000] in <c653b02de2b04aef933b0671d2b3e246>:0 
 
(Filename: <c055c80802d14a9db359fbdc91eb371c> Line: 0)

NullReferenceException: Object reference not set to an instance of an object
  at GameInput.HasFlag (GameInput+Button action, GameInput+InputStateFlags flag) [0x00009] in <c055c80802d14a9db359fbdc91eb371c>:0 
  at GameInput.GetButtonDown (GameInput+Button action) [0x00000] in <c055c80802d14a9db359fbdc91eb371c>:0 
  at ShoulderFlashlightMod.ShoulderFlashlightController.HandleToggleInput () [0x00005] in <c653b02de2b04aef933b0671d2b3e246>:0 
  at ShoulderFlashlightMod.ShoulderFlashlightController.Update () [0x00000] in <c653b02de2b04aef933b0671d2b3e246>:0 
 
(Filename: <c055c80802d14a9db359fbdc91eb371c> Line: 0)

NullReferenceException: Object reference not set to an instance of an object
  at GameInput.HasFlag (GameInput+Button action, GameInput+InputStateFlags flag) [0x00009] in <c055c80802d14a9db359fbdc91eb371c>:0 
  at GameInput.GetButtonDown (GameInput+Button action) [0x00000] in <c055c80802d14a9db359fbdc91eb371c>:0 
  at ShoulderFlashlightMod.ShoulderFlashlightController.HandleToggleInput () [0x00005] in <c653b02de2b04aef933b0671d2b3e246>:0 
  at ShoulderFlashlightMod.ShoulderFlashlightController.Update () [0x00000] in <c653b02de2b04aef933b0671d2b3e246>:0 
 
(Filename: <c055c80802d14a9db359fbdc91eb371c> Line: 0)

NullReferenceException: Object reference not set to an instance of an object
  at GameInput.HasFlag (GameInput+Button action, GameInput+InputStateFlags flag) [0x00009] in <c055c80802d14a9db359fbdc91eb371c>:0 
  at GameInput.GetButtonDown (GameInput+Button action) [0x00000] in <c055c80802d14a9db359fbdc91eb371c>:0 
  at ShoulderFlashlightMod.ShoulderFlashlightController.HandleToggleInput () [0x00005] in <c653b02de2b04aef933b0671d2b3e246>:0 
  at ShoulderFlashlightMod.ShoulderFlashlightController.Update () [0x00000] in <c653b02de2b04aef933b0671d2b3e246>:0 
 
(Filename: <c055c80802d14a9db359fbdc91eb371c> Line: 0)

NullReferenceException: Object reference not set to an instance of an object
  at GameInput.HasFlag (GameInput+Button action, GameInput+InputStateFlags flag) [0x00009] in <c055c80802d14a9db359fbdc91eb371c>:0 
  at GameInput.GetButtonDown (GameInput+Button action) [0x00000] in <c055c80802d14a9db359fbdc91eb371c>:0 
  at ShoulderFlashlightMod.ShoulderFlashlightController.HandleToggleInput () [0x00005] in <c653b02de2b04aef933b0671d2b3e246>:0 
  at ShoulderFlashlightMod.ShoulderFlashlightController.Update () [0x00000] in <c653b02de2b04aef933b0671d2b3e246>:0 
 
(Filename: <c055c80802d14a9db359fbdc91eb371c> Line: 0)

NullReferenceException: Object reference not set to an instance of an object
  at GameInput.HasFlag (GameInput+Button action, GameInput+InputStateFlags flag) [0x00009] in <c055c80802d14a9db359fbdc91eb371c>:0 
  at GameInput.GetButtonDown (GameInput+Button action) [0x00000] in <c055c80802d14a9db359fbdc91eb371c>:0 
  at ShoulderFlashlightMod.ShoulderFlashlightController.HandleToggleInput () [0x00005] in <c653b02de2b04aef933b0671d2b3e246>:0 
  at ShoulderFlashlightMod.ShoulderFlashlightController.Update () [0x00000] in <c653b02de2b04aef933b0671d2b3e246>:0 
 
(Filename: <c055c80802d14a9db359fbdc91eb371c> Line: 0)

NullReferenceException: Object reference not set to an instance of an object
  at GameInput.HasFlag (GameInput+Button action, GameInput+InputStateFlags flag) [0x00009] in <c055c80802d14a9db359fbdc91eb371c>:0 
  at GameInput.GetButtonDown (GameInput+Button action) [0x00000] in <c055c80802d14a9db359fbdc91eb371c>:0 
  at ShoulderFlashlightMod.ShoulderFlashlightController.HandleToggleInput () [0x00005] in <c653b02de2b04aef933b0671d2b3e246>:0 
  at ShoulderFlashlightMod.ShoulderFlashlightController.Update () [0x00000] in <c653b02de2b04aef933b0671d2b3e246>:0 
 
(Filename: <c055c80802d14a9db359fbdc91eb371c> Line: 0)

[Info   :FindMyUpdates] DisableOptionsTabs is up-to date. You are using 5.0.0 and the latest available version is 5.0.0
NullReferenceException: Object reference not set to an instance of an object
  at GameInput.HasFlag (GameInput+Button action, GameInput+InputStateFlags flag) [0x00009] in <c055c80802d14a9db359fbdc91eb371c>:0 
  at GameInput.GetButtonDown (GameInput+Button action) [0x00000] in <c055c80802d14a9db359fbdc91eb371c>:0 
  at ShoulderFlashlightMod.ShoulderFlashlightController.HandleToggleInput () [0x00005] in <c653b02de2b04aef933b0671d2b3e246>:0 
  at ShoulderFlashlightMod.ShoulderFlashlightController.Update () [0x00000] in <c653b02de2b04aef933b0671d2b3e246>:0 
 
(Filename: <c055c80802d14a9db359fbdc91eb371c> Line: 0)

NullReferenceException: Object reference not set to an instance of an object
  at GameInput.HasFlag (GameInput+Button action, GameInput+InputStateFlags flag) [0x00009] in <c055c80802d14a9db359fbdc91eb371c>:0 
  at GameInput.GetButtonDown (GameInput+Button action) [0x00000] in <c055c80802d14a9db359fbdc91eb371c>:0 
  at ShoulderFlashlightMod.ShoulderFlashlightController.HandleToggleInput () [0x00005] in <c653b02de2b04aef933b0671d2b3e246>:0 
  at ShoulderFlashlightMod.ShoulderFlashlightController.Update () [0x00000] in <c653b02de2b04aef933b0671d2b3e246>:0 
 
(Filename: <c055c80802d14a9db359fbdc91eb371c> Line: 0)

NullReferenceException: Object reference not set to an instance of an object
  at GameInput.HasFlag (GameInput+Button action, GameInput+InputStateFlags flag) [0x00009] in <c055c80802d14a9db359fbdc91eb371c>:0 
  at GameInput.GetButtonDown (GameInput+Button action) [0x00000] in <c055c80802d14a9db359fbdc91eb371c>:0 
  at ShoulderFlashlightMod.ShoulderFlashlightController.HandleToggleInput () [0x00005] in <c653b02de2b04aef933b0671d2b3e246>:0 
  at ShoulderFlashlightMod.ShoulderFlashlightController.Update () [0x00000] in <c653b02de2b04aef933b0671d2b3e246>:0 
 
(Filename: <c055c80802d14a9db359fbdc91eb371c> Line: 0)

NullReferenceException: Object reference not set to an instance of an object
  at GameInput.HasFlag (GameInput+Button action, GameInput+InputStateFlags flag) [0x00009] in <c055c80802d14a9db359fbdc91eb371c>:0 
  at GameInput.GetButtonDown (GameInput+Button action) [0x00000] in <c055c80802d14a9db359fbdc91eb371c>:0 
  at ShoulderFlashlightMod.ShoulderFlashlightController.HandleToggleInput () [0x00005] in <c653b02de2b04aef933b0671d2b3e246>:0 
  at ShoulderFlashlightMod.ShoulderFlashlightController.Update () [0x00000] in <c653b02de2b04aef933b0671d2b3e246>:0 
 
(Filename: <c055c80802d14a9db359fbdc91eb371c> Line: 0)

NullReferenceException: Object reference not set to an instance of an object
  at GameInput.HasFlag (GameInput+Button action, GameInput+InputStateFlags flag) [0x00009] in <c055c80802d14a9db359fbdc91eb371c>:0 
  at GameInput.GetButtonDown (GameInput+Button action) [0x00000] in <c055c80802d14a9db359fbdc91eb371c>:0 
  at ShoulderFlashlightMod.ShoulderFlashlightController.HandleToggleInput () [0x00005] in <c653b02de2b04aef933b0671d2b3e246>:0 
  at ShoulderFlashlightMod.ShoulderFlashlightController.Update () [0x00000] in <c653b02de2b04aef933b0671d2b3e246>:0 
 
(Filename: <c055c80802d14a9db359fbdc91eb371c> Line: 0)

NullReferenceException: Object reference not set to an instance of an object
  at GameInput.HasFlag (GameInput+Button action, GameInput+InputStateFlags flag) [0x00009] in <c055c80802d14a9db359fbdc91eb371c>:0 
  at GameInput.GetButtonDown (GameInput+Button action) [0x00000] in <c055c80802d14a9db359fbdc91eb371c>:0 
  at ShoulderFlashlightMod.ShoulderFlashlightController.HandleToggleInput () [0x00005] in <c653b02de2b04aef933b0671d2b3e246>:0 
  at ShoulderFlashlightMod.ShoulderFlashlightController.Update () [0x00000] in <c653b02de2b04aef933b0671d2b3e246>:0 
 
(Filename: <c055c80802d14a9db359fbdc91eb371c> Line: 0)

NullReferenceException: Object reference not set to an instance of an object
  at GameInput.HasFlag (GameInput+Button action, GameInput+InputStateFlags flag) [0x00009] in <c055c80802d14a9db359fbdc91eb371c>:0 
  at GameInput.GetButtonDown (GameInput+Button action) [0x00000] in <c055c80802d14a9db359fbdc91eb371c>:0 
  at ShoulderFlashlightMod.ShoulderFlashlightController.HandleToggleInput () [0x00005] in <c653b02de2b04aef933b0671d2b3e246>:0 
  at ShoulderFlashlightMod.ShoulderFlashlightController.Update () [0x00000] in <c653b02de2b04aef933b0671d2b3e246>:0 
 
(Filename: <c055c80802d14a9db359fbdc91eb371c> Line: 0)

NullReferenceException: Object reference not set to an instance of an object
  at GameInput.HasFlag (GameInput+Button action, GameInput+InputStateFlags flag) [0x00009] in <c055c80802d14a9db359fbdc91eb371c>:0 
  at GameInput.GetButtonDown (GameInput+Button action) [0x00000] in <c055c80802d14a9db359fbdc91eb371c>:0 
  at ShoulderFlashlightMod.ShoulderFlashlightController.HandleToggleInput () [0x00005] in <c653b02de2b04aef933b0671d2b3e246>:0 
  at ShoulderFlashlightMod.ShoulderFlashlightController.Update () [0x00000] in <c653b02de2b04aef933b0671d2b3e246>:0 
 
(Filename: <c055c80802d14a9db359fbdc91eb371c> Line: 0)

NullReferenceException: Object reference not set to an instance of an object
  at GameInput.HasFlag (GameInput+Button action, GameInput+InputStateFlags flag) [0x00009] in <c055c80802d14a9db359fbdc91eb371c>:0 
  at GameInput.GetButtonDown (GameInput+Button action) [0x00000] in <c055c80802d14a9db359fbdc91eb371c>:0 
  at ShoulderFlashlightMod.ShoulderFlashlightController.HandleToggleInput () [0x00005] in <c653b02de2b04aef933b0671d2b3e246>:0 
  at ShoulderFlashlightMod.ShoulderFlashlightController.Update () [0x00000] in <c653b02de2b04aef933b0671d2b3e246>:0 
 
(Filename: <c055c80802d14a9db359fbdc91eb371c> Line: 0)

NullReferenceException: Object reference not set to an instance of an object
  at GameInput.HasFlag (GameInput+Button action, GameInput+InputStateFlags flag) [0x00009] in <c055c80802d14a9db359fbdc91eb371c>:0 
  at GameInput.GetButtonDown (GameInput+Button action) [0x00000] in <c055c80802d14a9db359fbdc91eb371c>:0 
  at ShoulderFlashlightMod.ShoulderFlashlightController.HandleToggleInput () [0x00005] in <c653b02de2b04aef933b0671d2b3e246>:0 
  at ShoulderFlashlightMod.ShoulderFlashlightController.Update () [0x00000] in <c653b02de2b04aef933b0671d2b3e246>:0 
 
(Filename: <c055c80802d14a9db359fbdc91eb371c> Line: 0)

NullReferenceException: Object reference not set to an instance of an object
  at GameInput.HasFlag (GameInput+Button action, GameInput+InputStateFlags flag) [0x00009] in <c055c80802d14a9db359fbdc91eb371c>:0 
  at GameInput.GetButtonDown (GameInput+Button action) [0x00000] in <c055c80802d14a9db359fbdc91eb371c>:0 
  at ShoulderFlashlightMod.ShoulderFlashlightController.HandleToggleInput () [0x00005] in <c653b02de2b04aef933b0671d2b3e246>:0 
  at ShoulderFlashlightMod.ShoulderFlashlightController.Update () [0x00000] in <c653b02de2b04aef933b0671d2b3e246>:0 
 
(Filename: <c055c80802d14a9db359fbdc91eb371c> Line: 0)

NullReferenceException: Object reference not set to an instance of an object
  at GameInput.HasFlag (GameInput+Button action, GameInput+InputStateFlags flag) [0x00009] in <c055c80802d14a9db359fbdc91eb371c>:0 
  at GameInput.GetButtonDown (GameInput+Button action) [0x00000] in <c055c80802d14a9db359fbdc91eb371c>:0 
  at ShoulderFlashlightMod.ShoulderFlashlightController.HandleToggleInput () [0x00005] in <c653b02de2b04aef933b0671d2b3e246>:0 
  at ShoulderFlashlightMod.ShoulderFlashlightController.Update () [0x00000] in <c653b02de2b04aef933b0671d2b3e246>:0 
 
(Filename: <c055c80802d14a9db359fbdc91eb371c> Line: 0)

NullReferenceException: Object reference not set to an instance of an object
  at GameInput.HasFlag (GameInput+Button action, GameInput+InputStateFlags flag) [0x00009] in <c055c80802d14a9db359fbdc91eb371c>:0 
  at GameInput.GetButtonDown (GameInput+Button action) [0x00000] in <c055c80802d14a9db359fbdc91eb371c>:0 
  at ShoulderFlashlightMod.ShoulderFlashlightController.HandleToggleInput () [0x00005] in <c653b02de2b04aef933b0671d2b3e246>:0 
  at ShoulderFlashlightMod.ShoulderFlashlightController.Update () [0x00000] in <c653b02de2b04aef933b0671d2b3e246>:0 
 
(Filename: <c055c80802d14a9db359fbdc91eb371c> Line: 0)

NullReferenceException: Object reference not set to an instance of an object
  at GameInput.HasFlag (GameInput+Button action, GameInput+InputStateFlags flag) [0x00009] in <c055c80802d14a9db359fbdc91eb371c>:0 
  at GameInput.GetButtonDown (GameInput+Button action) [0x00000] in <c055c80802d14a9db359fbdc91eb371c>:0 
  at ShoulderFlashlightMod.ShoulderFlashlightController.HandleToggleInput () [0x00005] in <c653b02de2b04aef933b0671d2b3e246>:0 
  at ShoulderFlashlightMod.ShoulderFlashlightController.Update () [0x00000] in <c653b02de2b04aef933b0671d2b3e246>:0 
 
(Filename: <c055c80802d14a9db359fbdc91eb371c> Line: 0)

NullReferenceException: Object reference not set to an instance of an object
  at GameInput.HasFlag (GameInput+Button action, GameInput+InputStateFlags flag) [0x00009] in <c055c80802d14a9db359fbdc91eb371c>:0 
  at GameInput.GetButtonDown (GameInput+Button action) [0x00000] in <c055c80802d14a9db359fbdc91eb371c>:0 
  at ShoulderFlashlightMod.ShoulderFlashlightController.HandleToggleInput () [0x00005] in <c653b02de2b04aef933b0671d2b3e246>:0 
  at ShoulderFlashlightMod.ShoulderFlashlightController.Update () [0x00000] in <c653b02de2b04aef933b0671d2b3e246>:0 
 
(Filename: <c055c80802d14a9db359fbdc91eb371c> Line: 0)

NullReferenceException: Object reference not set to an instance of an object
  at GameInput.HasFlag (GameInput+Button action, GameInput+InputStateFlags flag) [0x00009] in <c055c80802d14a9db359fbdc91eb371c>:0 
  at GameInput.GetButtonDown (GameInput+Button action) [0x00000] in <c055c80802d14a9db359fbdc91eb371c>:0 
  at ShoulderFlashlightMod.ShoulderFlashlightController.HandleToggleInput () [0x00005] in <c653b02de2b04aef933b0671d2b3e246>:0 
  at ShoulderFlashlightMod.ShoulderFlashlightController.Update () [0x00000] in <c653b02de2b04aef933b0671d2b3e246>:0 
 
(Filename: <c055c80802d14a9db359fbdc91eb371c> Line: 0)

NullReferenceException: Object reference not set to an instance of an object
  at GameInput.HasFlag (GameInput+Button action, GameInput+InputStateFlags flag) [0x00009] in <c055c80802d14a9db359fbdc91eb371c>:0 
  at GameInput.GetButtonDown (GameInput+Button action) [0x00000] in <c055c80802d14a9db359fbdc91eb371c>:0 
  at ShoulderFlashlightMod.ShoulderFlashlightController.HandleToggleInput () [0x00005] in <c653b02de2b04aef933b0671d2b3e246>:0 
  at ShoulderFlashlightMod.ShoulderFlashlightController.Update () [0x00000] in <c653b02de2b04aef933b0671d2b3e246>:0 
 
(Filename: <c055c80802d14a9db359fbdc91eb371c> Line: 0)

NullReferenceException: Object reference not set to an instance of an object
  at GameInput.HasFlag (GameInput+Button action, GameInput+InputStateFlags flag) [0x00009] in <c055c80802d14a9db359fbdc91eb371c>:0 
  at GameInput.GetButtonDown (GameInput+Button action) [0x00000] in <c055c80802d14a9db359fbdc91eb371c>:0 
  at ShoulderFlashlightMod.ShoulderFlashlightController.HandleToggleInput () [0x00005] in <c653b02de2b04aef933b0671d2b3e246>:0 
  at ShoulderFlashlightMod.ShoulderFlashlightController.Update () [0x00000] in <c653b02de2b04aef933b0671d2b3e246>:0 
 
(Filename: <c055c80802d14a9db359fbdc91eb371c> Line: 0)

NullReferenceException: Object reference not set to an instance of an object
  at GameInput.HasFlag (GameInput+Button action, GameInput+InputStateFlags flag) [0x00009] in <c055c80802d14a9db359fbdc91eb371c>:0 
  at GameInput.GetButtonDown (GameInput+Button action) [0x00000] in <c055c80802d14a9db359fbdc91eb371c>:0 
  at ShoulderFlashlightMod.ShoulderFlashlightController.HandleToggleInput () [0x00005] in <c653b02de2b04aef933b0671d2b3e246>:0 
  at ShoulderFlashlightMod.ShoulderFlashlightController.Update () [0x00000] in <c653b02de2b04aef933b0671d2b3e246>:0 
 
(Filename: <c055c80802d14a9db359fbdc91eb371c> Line: 0)

NullReferenceException: Object reference not set to an instance of an object
  at GameInput.HasFlag (GameInput+Button action, GameInput+InputStateFlags flag) [0x00009] in <c055c80802d14a9db359fbdc91eb371c>:0 
  at GameInput.GetButtonDown (GameInput+Button action) [0x00000] in <c055c80802d14a9db359fbdc91eb371c>:0 
  at ShoulderFlashlightMod.ShoulderFlashlightController.HandleToggleInput () [0x00005] in <c653b02de2b04aef933b0671d2b3e246>:0 
  at ShoulderFlashlightMod.ShoulderFlashlightController.Update () [0x00000] in <c653b02de2b04aef933b0671d2b3e246>:0 
 
(Filename: <c055c80802d14a9db359fbdc91eb371c> Line: 0)

NullReferenceException: Object reference not set to an instance of an object
  at GameInput.HasFlag (GameInput+Button action, GameInput+InputStateFlags flag) [0x00009] in <c055c80802d14a9db359fbdc91eb371c>:0 
  at GameInput.GetButtonDown (GameInput+Button action) [0x00000] in <c055c80802d14a9db359fbdc91eb371c>:0 
  at ShoulderFlashlightMod.ShoulderFlashlightController.HandleToggleInput () [0x00005] in <c653b02de2b04aef933b0671d2b3e246>:0 
  at ShoulderFlashlightMod.ShoulderFlashlightController.Update () [0x00000] in <c653b02de2b04aef933b0671d2b3e246>:0 
 
(Filename: <c055c80802d14a9db359fbdc91eb371c> Line: 0)

NullReferenceException: Object reference not set to an instance of an object
  at GameInput.HasFlag (GameInput+Button action, GameInput+InputStateFlags flag) [0x00009] in <c055c80802d14a9db359fbdc91eb371c>:0 
  at GameInput.GetButtonDown (GameInput+Button action) [0x00000] in <c055c80802d14a9db359fbdc91eb371c>:0 
  at ShoulderFlashlightMod.ShoulderFlashlightController.HandleToggleInput () [0x00005] in <c653b02de2b04aef933b0671d2b3e246>:0 
  at ShoulderFlashlightMod.ShoulderFlashlightController.Update () [0x00000] in <c653b02de2b04aef933b0671d2b3e246>:0 
 
(Filename: <c055c80802d14a9db359fbdc91eb371c> Line: 0)

NullReferenceException: Object reference not set to an instance of an object
  at GameInput.HasFlag (GameInput+Button action, GameInput+InputStateFlags flag) [0x00009] in <c055c80802d14a9db359fbdc91eb371c>:0 
  at GameInput.GetButtonDown (GameInput+Button action) [0x00000] in <c055c80802d14a9db359fbdc91eb371c>:0 
  at ShoulderFlashlightMod.ShoulderFlashlightController.HandleToggleInput () [0x00005] in <c653b02de2b04aef933b0671d2b3e246>:0 
  at ShoulderFlashlightMod.ShoulderFlashlightController.Update () [0x00000] in <c653b02de2b04aef933b0671d2b3e246>:0 
 
(Filename: <c055c80802d14a9db359fbdc91eb371c> Line: 0)

NullReferenceException: Object reference not set to an instance of an object
  at GameInput.HasFlag (GameInput+Button action, GameInput+InputStateFlags flag) [0x00009] in <c055c80802d14a9db359fbdc91eb371c>:0 
  at GameInput.GetButtonDown (GameInput+Button action) [0x00000] in <c055c80802d14a9db359fbdc91eb371c>:0 
  at ShoulderFlashlightMod.ShoulderFlashlightController.HandleToggleInput () [0x00005] in <c653b02de2b04aef933b0671d2b3e246>:0 
  at ShoulderFlashlightMod.ShoulderFlashlightController.Update () [0x00000] in <c653b02de2b04aef933b0671d2b3e246>:0 
 
(Filename: <c055c80802d14a9db359fbdc91eb371c> Line: 0)

NullReferenceException: Object reference not set to an instance of an object
  at GameInput.HasFlag (GameInput+Button action, GameInput+InputStateFlags flag) [0x00009] in <c055c80802d14a9db359fbdc91eb371c>:0 
  at GameInput.GetButtonDown (GameInput+Button action) [0x00000] in <c055c80802d14a9db359fbdc91eb371c>:0 
  at ShoulderFlashlightMod.ShoulderFlashlightController.HandleToggleInput () [0x00005] in <c653b02de2b04aef933b0671d2b3e246>:0 
  at ShoulderFlashlightMod.ShoulderFlashlightController.Update () [0x00000] in <c653b02de2b04aef933b0671d2b3e246>:0 
 
(Filename: <c055c80802d14a9db359fbdc91eb371c> Line: 0)

NullReferenceException: Object reference not set to an instance of an object
  at GameInput.HasFlag (GameInput+Button action, GameInput+InputStateFlags flag) [0x00009] in <c055c80802d14a9db359fbdc91eb371c>:0 
  at GameInput.GetButtonDown (GameInput+Button action) [0x00000] in <c055c80802d14a9db359fbdc91eb371c>:0 
  at ShoulderFlashlightMod.ShoulderFlashlightController.HandleToggleInput () [0x00005] in <c653b02de2b04aef933b0671d2b3e246>:0 
  at ShoulderFlashlightMod.ShoulderFlashlightController.Update () [0x00000] in <c653b02de2b04aef933b0671d2b3e246>:0 
 
(Filename: <c055c80802d14a9db359fbdc91eb371c> Line: 0)

NullReferenceException: Object reference not set to an instance of an object
  at GameInput.HasFlag (GameInput+Button action, GameInput+InputStateFlags flag) [0x00009] in <c055c80802d14a9db359fbdc91eb371c>:0 
  at GameInput.GetButtonDown (GameInput+Button action) [0x00000] in <c055c80802d14a9db359fbdc91eb371c>:0 
  at ShoulderFlashlightMod.ShoulderFlashlightController.HandleToggleInput () [0x00005] in <c653b02de2b04aef933b0671d2b3e246>:0 
  at ShoulderFlashlightMod.ShoulderFlashlightController.Update () [0x00000] in <c653b02de2b04aef933b0671d2b3e246>:0 
 
(Filename: <c055c80802d14a9db359fbdc91eb371c> Line: 0)

NullReferenceException: Object reference not set to an instance of an object
  at GameInput.HasFlag (GameInput+Button action, GameInput+InputStateFlags flag) [0x00009] in <c055c80802d14a9db359fbdc91eb371c>:0 
  at GameInput.GetButtonDown (GameInput+Button action) [0x00000] in <c055c80802d14a9db359fbdc91eb371c>:0 
  at ShoulderFlashlightMod.ShoulderFlashlightController.HandleToggleInput () [0x00005] in <c653b02de2b04aef933b0671d2b3e246>:0 
  at ShoulderFlashlightMod.ShoulderFlashlightController.Update () [0x00000] in <c653b02de2b04aef933b0671d2b3e246>:0 
 
(Filename: <c055c80802d14a9db359fbdc91eb371c> Line: 0)

NullReferenceException: Object reference not set to an instance of an object
  at GameInput.HasFlag (GameInput+Button action, GameInput+InputStateFlags flag) [0x00009] in <c055c80802d14a9db359fbdc91eb371c>:0 
  at GameInput.GetButtonDown (GameInput+Button action) [0x00000] in <c055c80802d14a9db359fbdc91eb371c>:0 
  at ShoulderFlashlightMod.ShoulderFlashlightController.HandleToggleInput () [0x00005] in <c653b02de2b04aef933b0671d2b3e246>:0 
  at ShoulderFlashlightMod.ShoulderFlashlightController.Update () [0x00000] in <c653b02de2b04aef933b0671d2b3e246>:0 
 
(Filename: <c055c80802d14a9db359fbdc91eb371c> Line: 0)

NullReferenceException: Object reference not set to an instance of an object
  at GameInput.HasFlag (GameInput+Button action, GameInput+InputStateFlags flag) [0x00009] in <c055c80802d14a9db359fbdc91eb371c>:0 
  at GameInput.GetButtonDown (GameInput+Button action) [0x00000] in <c055c80802d14a9db359fbdc91eb371c>:0 
  at ShoulderFlashlightMod.ShoulderFlashlightController.HandleToggleInput () [0x00005] in <c653b02de2b04aef933b0671d2b3e246>:0 
  at ShoulderFlashlightMod.ShoulderFlashlightController.Update () [0x00000] in <c653b02de2b04aef933b0671d2b3e246>:0 
 
(Filename: <c055c80802d14a9db359fbdc91eb371c> Line: 0)

NullReferenceException: Object reference not set to an instance of an object
  at GameInput.HasFlag (GameInput+Button action, GameInput+InputStateFlags flag) [0x00009] in <c055c80802d14a9db359fbdc91eb371c>:0 
  at GameInput.GetButtonDown (GameInput+Button action) [0x00000] in <c055c80802d14a9db359fbdc91eb371c>:0 
  at ShoulderFlashlightMod.ShoulderFlashlightController.HandleToggleInput () [0x00005] in <c653b02de2b04aef933b0671d2b3e246>:0 
  at ShoulderFlashlightMod.ShoulderFlashlightController.Update () [0x00000] in <c653b02de2b04aef933b0671d2b3e246>:0 
 
(Filename: <c055c80802d14a9db359fbdc91eb371c> Line: 0)

NullReferenceException: Object reference not set to an instance of an object
  at GameInput.HasFlag (GameInput+Button action, GameInput+InputStateFlags flag) [0x00009] in <c055c80802d14a9db359fbdc91eb371c>:0 
  at GameInput.GetButtonDown (GameInput+Button action) [0x00000] in <c055c80802d14a9db359fbdc91eb371c>:0 
  at ShoulderFlashlightMod.ShoulderFlashlightController.HandleToggleInput () [0x00005] in <c653b02de2b04aef933b0671d2b3e246>:0 
  at ShoulderFlashlightMod.ShoulderFlashlightController.Update () [0x00000] in <c653b02de2b04aef933b0671d2b3e246>:0 
 
(Filename: <c055c80802d14a9db359fbdc91eb371c> Line: 0)

NullReferenceException: Object reference not set to an instance of an object
  at GameInput.HasFlag (GameInput+Button action, GameInput+InputStateFlags flag) [0x00009] in <c055c80802d14a9db359fbdc91eb371c>:0 
  at GameInput.GetButtonDown (GameInput+Button action) [0x00000] in <c055c80802d14a9db359fbdc91eb371c>:0 
  at ShoulderFlashlightMod.ShoulderFlashlightController.HandleToggleInput () [0x00005] in <c653b02de2b04aef933b0671d2b3e246>:0 
  at ShoulderFlashlightMod.ShoulderFlashlightController.Update () [0x00000] in <c653b02de2b04aef933b0671d2b3e246>:0 
 
(Filename: <c055c80802d14a9db359fbdc91eb371c> Line: 0)

NullReferenceException: Object reference not set to an instance of an object
  at GameInput.HasFlag (GameInput+Button action, GameInput+InputStateFlags flag) [0x00009] in <c055c80802d14a9db359fbdc91eb371c>:0 
  at GameInput.GetButtonDown (GameInput+Button action) [0x00000] in <c055c80802d14a9db359fbdc91eb371c>:0 
  at ShoulderFlashlightMod.ShoulderFlashlightController.HandleToggleInput () [0x00005] in <c653b02de2b04aef933b0671d2b3e246>:0 
  at ShoulderFlashlightMod.ShoulderFlashlightController.Update () [0x00000] in <c653b02de2b04aef933b0671d2b3e246>:0 
 
(Filename: <c055c80802d14a9db359fbdc91eb371c> Line: 0)

NullReferenceException: Object reference not set to an instance of an object
  at GameInput.HasFlag (GameInput+Button action, GameInput+InputStateFlags flag) [0x00009] in <c055c80802d14a9db359fbdc91eb371c>:0 
  at GameInput.GetButtonDown (GameInput+Button action) [0x00000] in <c055c80802d14a9db359fbdc91eb371c>:0 
  at ShoulderFlashlightMod.ShoulderFlashlightController.HandleToggleInput () [0x00005] in <c653b02de2b04aef933b0671d2b3e246>:0 
  at ShoulderFlashlightMod.ShoulderFlashlightController.Update () [0x00000] in <c653b02de2b04aef933b0671d2b3e246>:0 
 
(Filename: <c055c80802d14a9db359fbdc91eb371c> Line: 0)

NullReferenceException: Object reference not set to an instance of an object
  at GameInput.HasFlag (GameInput+Button action, GameInput+InputStateFlags flag) [0x00009] in <c055c80802d14a9db359fbdc91eb371c>:0 
  at GameInput.GetButtonDown (GameInput+Button action) [0x00000] in <c055c80802d14a9db359fbdc91eb371c>:0 
  at ShoulderFlashlightMod.ShoulderFlashlightController.HandleToggleInput () [0x00005] in <c653b02de2b04aef933b0671d2b3e246>:0 
  at ShoulderFlashlightMod.ShoulderFlashlightController.Update () [0x00000] in <c653b02de2b04aef933b0671d2b3e246>:0 
 
(Filename: <c055c80802d14a9db359fbdc91eb371c> Line: 0)

NullReferenceException: Object reference not set to an instance of an object
  at GameInput.HasFlag (GameInput+Button action, GameInput+InputStateFlags flag) [0x00009] in <c055c80802d14a9db359fbdc91eb371c>:0 
  at GameInput.GetButtonDown (GameInput+Button action) [0x00000] in <c055c80802d14a9db359fbdc91eb371c>:0 
  at ShoulderFlashlightMod.ShoulderFlashlightController.HandleToggleInput () [0x00005] in <c653b02de2b04aef933b0671d2b3e246>:0 
  at ShoulderFlashlightMod.ShoulderFlashlightController.Update () [0x00000] in <c653b02de2b04aef933b0671d2b3e246>:0 
 
(Filename: <c055c80802d14a9db359fbdc91eb371c> Line: 0)

NullReferenceException: Object reference not set to an instance of an object
  at GameInput.HasFlag (GameInput+Button action, GameInput+InputStateFlags flag) [0x00009] in <c055c80802d14a9db359fbdc91eb371c>:0 
  at GameInput.GetButtonDown (GameInput+Button action) [0x00000] in <c055c80802d14a9db359fbdc91eb371c>:0 
  at ShoulderFlashlightMod.ShoulderFlashlightController.HandleToggleInput () [0x00005] in <c653b02de2b04aef933b0671d2b3e246>:0 
  at ShoulderFlashlightMod.ShoulderFlashlightController.Update () [0x00000] in <c653b02de2b04aef933b0671d2b3e246>:0 
 
(Filename: <c055c80802d14a9db359fbdc91eb371c> Line: 0)

NullReferenceException: Object reference not set to an instance of an object
  at GameInput.HasFlag (GameInput+Button action, GameInput+InputStateFlags flag) [0x00009] in <c055c80802d14a9db359fbdc91eb371c>:0 
  at GameInput.GetButtonDown (GameInput+Button action) [0x00000] in <c055c80802d14a9db359fbdc91eb371c>:0 
  at ShoulderFlashlightMod.ShoulderFlashlightController.HandleToggleInput () [0x00005] in <c653b02de2b04aef933b0671d2b3e246>:0 
  at ShoulderFlashlightMod.ShoulderFlashlightController.Update () [0x00000] in <c653b02de2b04aef933b0671d2b3e246>:0 
 
(Filename: <c055c80802d14a9db359fbdc91eb371c> Line: 0)

NullReferenceException: Object reference not set to an instance of an object
  at GameInput.HasFlag (GameInput+Button action, GameInput+InputStateFlags flag) [0x00009] in <c055c80802d14a9db359fbdc91eb371c>:0 
  at GameInput.GetButtonDown (GameInput+Button action) [0x00000] in <c055c80802d14a9db359fbdc91eb371c>:0 
  at ShoulderFlashlightMod.ShoulderFlashlightController.HandleToggleInput () [0x00005] in <c653b02de2b04aef933b0671d2b3e246>:0 
  at ShoulderFlashlightMod.ShoulderFlashlightController.Update () [0x00000] in <c653b02de2b04aef933b0671d2b3e246>:0 
 
(Filename: <c055c80802d14a9db359fbdc91eb371c> Line: 0)

NullReferenceException: Object reference not set to an instance of an object
  at GameInput.HasFlag (GameInput+Button action, GameInput+InputStateFlags flag) [0x00009] in <c055c80802d14a9db359fbdc91eb371c>:0 
  at GameInput.GetButtonDown (GameInput+Button action) [0x00000] in <c055c80802d14a9db359fbdc91eb371c>:0 
  at ShoulderFlashlightMod.ShoulderFlashlightController.HandleToggleInput () [0x00005] in <c653b02de2b04aef933b0671d2b3e246>:0 
  at ShoulderFlashlightMod.ShoulderFlashlightController.Update () [0x00000] in <c653b02de2b04aef933b0671d2b3e246>:0 
 
(Filename: <c055c80802d14a9db359fbdc91eb371c> Line: 0)

NullReferenceException: Object reference not set to an instance of an object
  at GameInput.HasFlag (GameInput+Button action, GameInput+InputStateFlags flag) [0x00009] in <c055c80802d14a9db359fbdc91eb371c>:0 
  at GameInput.GetButtonDown (GameInput+Button action) [0x00000] in <c055c80802d14a9db359fbdc91eb371c>:0 
  at ShoulderFlashlightMod.ShoulderFlashlightController.HandleToggleInput () [0x00005] in <c653b02de2b04aef933b0671d2b3e246>:0 
  at ShoulderFlashlightMod.ShoulderFlashlightController.Update () [0x00000] in <c653b02de2b04aef933b0671d2b3e246>:0 
 
(Filename: <c055c80802d14a9db359fbdc91eb371c> Line: 0)

NullReferenceException: Object reference not set to an instance of an object
  at GameInput.HasFlag (GameInput+Button action, GameInput+InputStateFlags flag) [0x00009] in <c055c80802d14a9db359fbdc91eb371c>:0 
  at GameInput.GetButtonDown (GameInput+Button action) [0x00000] in <c055c80802d14a9db359fbdc91eb371c>:0 
  at ShoulderFlashlightMod.ShoulderFlashlightController.HandleToggleInput () [0x00005] in <c653b02de2b04aef933b0671d2b3e246>:0 
  at ShoulderFlashlightMod.ShoulderFlashlightController.Update () [0x00000] in <c653b02de2b04aef933b0671d2b3e246>:0 
 
(Filename: <c055c80802d14a9db359fbdc91eb371c> Line: 0)

NullReferenceException: Object reference not set to an instance of an object
  at GameInput.HasFlag (GameInput+Button action, GameInput+InputStateFlags flag) [0x00009] in <c055c80802d14a9db359fbdc91eb371c>:0 
  at GameInput.GetButtonDown (GameInput+Button action) [0x00000] in <c055c80802d14a9db359fbdc91eb371c>:0 
  at ShoulderFlashlightMod.ShoulderFlashlightController.HandleToggleInput () [0x00005] in <c653b02de2b04aef933b0671d2b3e246>:0 
  at ShoulderFlashlightMod.ShoulderFlashlightController.Update () [0x00000] in <c653b02de2b04aef933b0671d2b3e246>:0 
 
(Filename: <c055c80802d14a9db359fbdc91eb371c> Line: 0)

NullReferenceException: Object reference not set to an instance of an object
  at GameInput.HasFlag (GameInput+Button action, GameInput+InputStateFlags flag) [0x00009] in <c055c80802d14a9db359fbdc91eb371c>:0 
  at GameInput.GetButtonDown (GameInput+Button action) [0x00000] in <c055c80802d14a9db359fbdc91eb371c>:0 
  at ShoulderFlashlightMod.ShoulderFlashlightController.HandleToggleInput () [0x00005] in <c653b02de2b04aef933b0671d2b3e246>:0 
  at ShoulderFlashlightMod.ShoulderFlashlightController.Update () [0x00000] in <c653b02de2b04aef933b0671d2b3e246>:0 
 
(Filename: <c055c80802d14a9db359fbdc91eb371c> Line: 0)

NullReferenceException: Object reference not set to an instance of an object
  at GameInput.HasFlag (GameInput+Button action, GameInput+InputStateFlags flag) [0x00009] in <c055c80802d14a9db359fbdc91eb371c>:0 
  at GameInput.GetButtonDown (GameInput+Button action) [0x00000] in <c055c80802d14a9db359fbdc91eb371c>:0 
  at ShoulderFlashlightMod.ShoulderFlashlightController.HandleToggleInput () [0x00005] in <c653b02de2b04aef933b0671d2b3e246>:0 
  at ShoulderFlashlightMod.ShoulderFlashlightController.Update () [0x00000] in <c653b02de2b04aef933b0671d2b3e246>:0 
 
(Filename: <c055c80802d14a9db359fbdc91eb371c> Line: 0)

NullReferenceException: Object reference not set to an instance of an object
  at GameInput.HasFlag (GameInput+Button action, GameInput+InputStateFlags flag) [0x00009] in <c055c80802d14a9db359fbdc91eb371c>:0 
  at GameInput.GetButtonDown (GameInput+Button action) [0x00000] in <c055c80802d14a9db359fbdc91eb371c>:0 
  at ShoulderFlashlightMod.ShoulderFlashlightController.HandleToggleInput () [0x00005] in <c653b02de2b04aef933b0671d2b3e246>:0 
  at ShoulderFlashlightMod.ShoulderFlashlightController.Update () [0x00000] in <c653b02de2b04aef933b0671d2b3e246>:0 
 
(Filename: <c055c80802d14a9db359fbdc91eb371c> Line: 0)

NullReferenceException: Object reference not set to an instance of an object
  at GameInput.HasFlag (GameInput+Button action, GameInput+InputStateFlags flag) [0x00009] in <c055c80802d14a9db359fbdc91eb371c>:0 
  at GameInput.GetButtonDown (GameInput+Button action) [0x00000] in <c055c80802d14a9db359fbdc91eb371c>:0 
  at ShoulderFlashlightMod.ShoulderFlashlightController.HandleToggleInput () [0x00005] in <c653b02de2b04aef933b0671d2b3e246>:0 
  at ShoulderFlashlightMod.ShoulderFlashlightController.Update () [0x00000] in <c653b02de2b04aef933b0671d2b3e246>:0 
 
(Filename: <c055c80802d14a9db359fbdc91eb371c> Line: 0)

NullReferenceException: Object reference not set to an instance of an object
  at GameInput.HasFlag (GameInput+Button action, GameInput+InputStateFlags flag) [0x00009] in <c055c80802d14a9db359fbdc91eb371c>:0 
  at GameInput.GetButtonDown (GameInput+Button action) [0x00000] in <c055c80802d14a9db359fbdc91eb371c>:0 
  at ShoulderFlashlightMod.ShoulderFlashlightController.HandleToggleInput () [0x00005] in <c653b02de2b04aef933b0671d2b3e246>:0 
  at ShoulderFlashlightMod.ShoulderFlashlightController.Update () [0x00000] in <c653b02de2b04aef933b0671d2b3e246>:0 
 
(Filename: <c055c80802d14a9db359fbdc91eb371c> Line: 0)

NullReferenceException: Object reference not set to an instance of an object
  at GameInput.HasFlag (GameInput+Button action, GameInput+InputStateFlags flag) [0x00009] in <c055c80802d14a9db359fbdc91eb371c>:0 
  at GameInput.GetButtonDown (GameInput+Button action) [0x00000] in <c055c80802d14a9db359fbdc91eb371c>:0 
  at ShoulderFlashlightMod.ShoulderFlashlightController.HandleToggleInput () [0x00005] in <c653b02de2b04aef933b0671d2b3e246>:0 
  at ShoulderFlashlightMod.ShoulderFlashlightController.Update () [0x00000] in <c653b02de2b04aef933b0671d2b3e246>:0 
 
(Filename: <c055c80802d14a9db359fbdc91eb371c> Line: 0)

NullReferenceException: Object reference not set to an instance of an object
  at GameInput.HasFlag (GameInput+Button action, GameInput+InputStateFlags flag) [0x00009] in <c055c80802d14a9db359fbdc91eb371c>:0 
  at GameInput.GetButtonDown (GameInput+Button action) [0x00000] in <c055c80802d14a9db359fbdc91eb371c>:0 
  at ShoulderFlashlightMod.ShoulderFlashlightController.HandleToggleInput () [0x00005] in <c653b02de2b04aef933b0671d2b3e246>:0 
  at ShoulderFlashlightMod.ShoulderFlashlightController.Update () [0x00000] in <c653b02de2b04aef933b0671d2b3e246>:0 
 
(Filename: <c055c80802d14a9db359fbdc91eb371c> Line: 0)

NullReferenceException: Object reference not set to an instance of an object
  at GameInput.HasFlag (GameInput+Button action, GameInput+InputStateFlags flag) [0x00009] in <c055c80802d14a9db359fbdc91eb371c>:0 
  at GameInput.GetButtonDown (GameInput+Button action) [0x00000] in <c055c80802d14a9db359fbdc91eb371c>:0 
  at ShoulderFlashlightMod.ShoulderFlashlightController.HandleToggleInput () [0x00005] in <c653b02de2b04aef933b0671d2b3e246>:0 
  at ShoulderFlashlightMod.ShoulderFlashlightController.Update () [0x00000] in <c653b02de2b04aef933b0671d2b3e246>:0 
 
(Filename: <c055c80802d14a9db359fbdc91eb371c> Line: 0)

NullReferenceException: Object reference not set to an instance of an object
  at GameInput.HasFlag (GameInput+Button action, GameInput+InputStateFlags flag) [0x00009] in <c055c80802d14a9db359fbdc91eb371c>:0 
  at GameInput.GetButtonDown (GameInput+Button action) [0x00000] in <c055c80802d14a9db359fbdc91eb371c>:0 
  at ShoulderFlashlightMod.ShoulderFlashlightController.HandleToggleInput () [0x00005] in <c653b02de2b04aef933b0671d2b3e246>:0 
  at ShoulderFlashlightMod.ShoulderFlashlightController.Update () [0x00000] in <c653b02de2b04aef933b0671d2b3e246>:0 
 
(Filename: <c055c80802d14a9db359fbdc91eb371c> Line: 0)

NullReferenceException: Object reference not set to an instance of an object
  at GameInput.HasFlag (GameInput+Button action, GameInput+InputStateFlags flag) [0x00009] in <c055c80802d14a9db359fbdc91eb371c>:0 
  at GameInput.GetButtonDown (GameInput+Button action) [0x00000] in <c055c80802d14a9db359fbdc91eb371c>:0 
  at ShoulderFlashlightMod.ShoulderFlashlightController.HandleToggleInput () [0x00005] in <c653b02de2b04aef933b0671d2b3e246>:0 
  at ShoulderFlashlightMod.ShoulderFlashlightController.Update () [0x00000] in <c653b02de2b04aef933b0671d2b3e246>:0 
 
(Filename: <c055c80802d14a9db359fbdc91eb371c> Line: 0)

NullReferenceException: Object reference not set to an instance of an object
  at GameInput.HasFlag (GameInput+Button action, GameInput+InputStateFlags flag) [0x00009] in <c055c80802d14a9db359fbdc91eb371c>:0 
  at GameInput.GetButtonDown (GameInput+Button action) [0x00000] in <c055c80802d14a9db359fbdc91eb371c>:0 
  at ShoulderFlashlightMod.ShoulderFlashlightController.HandleToggleInput () [0x00005] in <c653b02de2b04aef933b0671d2b3e246>:0 
  at ShoulderFlashlightMod.ShoulderFlashlightController.Update () [0x00000] in <c653b02de2b04aef933b0671d2b3e246>:0 
 
(Filename: <c055c80802d14a9db359fbdc91eb371c> Line: 0)

NullReferenceException: Object reference not set to an instance of an object
  at GameInput.HasFlag (GameInput+Button action, GameInput+InputStateFlags flag) [0x00009] in <c055c80802d14a9db359fbdc91eb371c>:0 
  at GameInput.GetButtonDown (GameInput+Button action) [0x00000] in <c055c80802d14a9db359fbdc91eb371c>:0 
  at ShoulderFlashlightMod.ShoulderFlashlightController.HandleToggleInput () [0x00005] in <c653b02de2b04aef933b0671d2b3e246>:0 
  at ShoulderFlashlightMod.ShoulderFlashlightController.Update () [0x00000] in <c653b02de2b04aef933b0671d2b3e246>:0 
 
(Filename: <c055c80802d14a9db359fbdc91eb371c> Line: 0)

NullReferenceException: Object reference not set to an instance of an object
  at GameInput.HasFlag (GameInput+Button action, GameInput+InputStateFlags flag) [0x00009] in <c055c80802d14a9db359fbdc91eb371c>:0 
  at GameInput.GetButtonDown (GameInput+Button action) [0x00000] in <c055c80802d14a9db359fbdc91eb371c>:0 
  at ShoulderFlashlightMod.ShoulderFlashlightController.HandleToggleInput () [0x00005] in <c653b02de2b04aef933b0671d2b3e246>:0 
  at ShoulderFlashlightMod.ShoulderFlashlightController.Update () [0x00000] in <c653b02de2b04aef933b0671d2b3e246>:0 
 
(Filename: <c055c80802d14a9db359fbdc91eb371c> Line: 0)

NullReferenceException: Object reference not set to an instance of an object
  at GameInput.HasFlag (GameInput+Button action, GameInput+InputStateFlags flag) [0x00009] in <c055c80802d14a9db359fbdc91eb371c>:0 
  at GameInput.GetButtonDown (GameInput+Button action) [0x00000] in <c055c80802d14a9db359fbdc91eb371c>:0 
  at ShoulderFlashlightMod.ShoulderFlashlightController.HandleToggleInput () [0x00005] in <c653b02de2b04aef933b0671d2b3e246>:0 
  at ShoulderFlashlightMod.ShoulderFlashlightController.Update () [0x00000] in <c653b02de2b04aef933b0671d2b3e246>:0 
 
(Filename: <c055c80802d14a9db359fbdc91eb371c> Line: 0)

NullReferenceException: Object reference not set to an instance of an object
  at GameInput.HasFlag (GameInput+Button action, GameInput+InputStateFlags flag) [0x00009] in <c055c80802d14a9db359fbdc91eb371c>:0 
  at GameInput.GetButtonDown (GameInput+Button action) [0x00000] in <c055c80802d14a9db359fbdc91eb371c>:0 
  at ShoulderFlashlightMod.ShoulderFlashlightController.HandleToggleInput () [0x00005] in <c653b02de2b04aef933b0671d2b3e246>:0 
  at ShoulderFlashlightMod.ShoulderFlashlightController.Update () [0x00000] in <c653b02de2b04aef933b0671d2b3e246>:0 
 
(Filename: <c055c80802d14a9db359fbdc91eb371c> Line: 0)

NullReferenceException: Object reference not set to an instance of an object
  at GameInput.HasFlag (GameInput+Button action, GameInput+InputStateFlags flag) [0x00009] in <c055c80802d14a9db359fbdc91eb371c>:0 
  at GameInput.GetButtonDown (GameInput+Button action) [0x00000] in <c055c80802d14a9db359fbdc91eb371c>:0 
  at ShoulderFlashlightMod.ShoulderFlashlightController.HandleToggleInput () [0x00005] in <c653b02de2b04aef933b0671d2b3e246>:0 
  at ShoulderFlashlightMod.ShoulderFlashlightController.Update () [0x00000] in <c653b02de2b04aef933b0671d2b3e246>:0 
 
(Filename: <c055c80802d14a9db359fbdc91eb371c> Line: 0)

NullReferenceException: Object reference not set to an instance of an object
  at GameInput.HasFlag (GameInput+Button action, GameInput+InputStateFlags flag) [0x00009] in <c055c80802d14a9db359fbdc91eb371c>:0 
  at GameInput.GetButtonDown (GameInput+Button action) [0x00000] in <c055c80802d14a9db359fbdc91eb371c>:0 
  at ShoulderFlashlightMod.ShoulderFlashlightController.HandleToggleInput () [0x00005] in <c653b02de2b04aef933b0671d2b3e246>:0 
  at ShoulderFlashlightMod.ShoulderFlashlightController.Update () [0x00000] in <c653b02de2b04aef933b0671d2b3e246>:0 
 
(Filename: <c055c80802d14a9db359fbdc91eb371c> Line: 0)

NullReferenceException: Object reference not set to an instance of an object
  at GameInput.HasFlag (GameInput+Button action, GameInput+InputStateFlags flag) [0x00009] in <c055c80802d14a9db359fbdc91eb371c>:0 
  at GameInput.GetButtonDown (GameInput+Button action) [0x00000] in <c055c80802d14a9db359fbdc91eb371c>:0 
  at ShoulderFlashlightMod.ShoulderFlashlightController.HandleToggleInput () [0x00005] in <c653b02de2b04aef933b0671d2b3e246>:0 
  at ShoulderFlashlightMod.ShoulderFlashlightController.Update () [0x00000] in <c653b02de2b04aef933b0671d2b3e246>:0 
 
(Filename: <c055c80802d14a9db359fbdc91eb371c> Line: 0)

NullReferenceException: Object reference not set to an instance of an object
  at GameInput.HasFlag (GameInput+Button action, GameInput+InputStateFlags flag) [0x00009] in <c055c80802d14a9db359fbdc91eb371c>:0 
  at GameInput.GetButtonDown (GameInput+Button action) [0x00000] in <c055c80802d14a9db359fbdc91eb371c>:0 
  at ShoulderFlashlightMod.ShoulderFlashlightController.HandleToggleInput () [0x00005] in <c653b02de2b04aef933b0671d2b3e246>:0 
  at ShoulderFlashlightMod.ShoulderFlashlightController.Update () [0x00000] in <c653b02de2b04aef933b0671d2b3e246>:0 
 
(Filename: <c055c80802d14a9db359fbdc91eb371c> Line: 0)

NullReferenceException: Object reference not set to an instance of an object
  at GameInput.HasFlag (GameInput+Button action, GameInput+InputStateFlags flag) [0x00009] in <c055c80802d14a9db359fbdc91eb371c>:0 
  at GameInput.GetButtonDown (GameInput+Button action) [0x00000] in <c055c80802d14a9db359fbdc91eb371c>:0 
  at ShoulderFlashlightMod.ShoulderFlashlightController.HandleToggleInput () [0x00005] in <c653b02de2b04aef933b0671d2b3e246>:0 
  at ShoulderFlashlightMod.ShoulderFlashlightController.Update () [0x00000] in <c653b02de2b04aef933b0671d2b3e246>:0 
 
(Filename: <c055c80802d14a9db359fbdc91eb371c> Line: 0)

NullReferenceException: Object reference not set to an instance of an object
  at GameInput.HasFlag (GameInput+Button action, GameInput+InputStateFlags flag) [0x00009] in <c055c80802d14a9db359fbdc91eb371c>:0 
  at GameInput.GetButtonDown (GameInput+Button action) [0x00000] in <c055c80802d14a9db359fbdc91eb371c>:0 
  at ShoulderFlashlightMod.ShoulderFlashlightController.HandleToggleInput () [0x00005] in <c653b02de2b04aef933b0671d2b3e246>:0 
  at ShoulderFlashlightMod.ShoulderFlashlightController.Update () [0x00000] in <c653b02de2b04aef933b0671d2b3e246>:0 
 
(Filename: <c055c80802d14a9db359fbdc91eb371c> Line: 0)

NullReferenceException: Object reference not set to an instance of an object
  at GameInput.HasFlag (GameInput+Button action, GameInput+InputStateFlags flag) [0x00009] in <c055c80802d14a9db359fbdc91eb371c>:0 
  at GameInput.GetButtonDown (GameInput+Button action) [0x00000] in <c055c80802d14a9db359fbdc91eb371c>:0 
  at ShoulderFlashlightMod.ShoulderFlashlightController.HandleToggleInput () [0x00005] in <c653b02de2b04aef933b0671d2b3e246>:0 
  at ShoulderFlashlightMod.ShoulderFlashlightController.Update () [0x00000] in <c653b02de2b04aef933b0671d2b3e246>:0 
 
(Filename: <c055c80802d14a9db359fbdc91eb371c> Line: 0)

NullReferenceException: Object reference not set to an instance of an object
  at GameInput.HasFlag (GameInput+Button action, GameInput+InputStateFlags flag) [0x00009] in <c055c80802d14a9db359fbdc91eb371c>:0 
  at GameInput.GetButtonDown (GameInput+Button action) [0x00000] in <c055c80802d14a9db359fbdc91eb371c>:0 
  at ShoulderFlashlightMod.ShoulderFlashlightController.HandleToggleInput () [0x00005] in <c653b02de2b04aef933b0671d2b3e246>:0 
  at ShoulderFlashlightMod.ShoulderFlashlightController.Update () [0x00000] in <c653b02de2b04aef933b0671d2b3e246>:0 
 
(Filename: <c055c80802d14a9db359fbdc91eb371c> Line: 0)

NullReferenceException: Object reference not set to an instance of an object
  at GameInput.HasFlag (GameInput+Button action, GameInput+InputStateFlags flag) [0x00009] in <c055c80802d14a9db359fbdc91eb371c>:0 
  at GameInput.GetButtonDown (GameInput+Button action) [0x00000] in <c055c80802d14a9db359fbdc91eb371c>:0 
  at ShoulderFlashlightMod.ShoulderFlashlightController.HandleToggleInput () [0x00005] in <c653b02de2b04aef933b0671d2b3e246>:0 
  at ShoulderFlashlightMod.ShoulderFlashlightController.Update () [0x00000] in <c653b02de2b04aef933b0671d2b3e246>:0 
 
(Filename: <c055c80802d14a9db359fbdc91eb371c> Line: 0)

NullReferenceException: Object reference not set to an instance of an object
  at GameInput.HasFlag (GameInput+Button action, GameInput+InputStateFlags flag) [0x00009] in <c055c80802d14a9db359fbdc91eb371c>:0 
  at GameInput.GetButtonDown (GameInput+Button action) [0x00000] in <c055c80802d14a9db359fbdc91eb371c>:0 
  at ShoulderFlashlightMod.ShoulderFlashlightController.HandleToggleInput () [0x00005] in <c653b02de2b04aef933b0671d2b3e246>:0 
  at ShoulderFlashlightMod.ShoulderFlashlightController.Update () [0x00000] in <c653b02de2b04aef933b0671d2b3e246>:0 
 
(Filename: <c055c80802d14a9db359fbdc91eb371c> Line: 0)

NullReferenceException: Object reference not set to an instance of an object
  at GameInput.HasFlag (GameInput+Button action, GameInput+InputStateFlags flag) [0x00009] in <c055c80802d14a9db359fbdc91eb371c>:0 
  at GameInput.GetButtonDown (GameInput+Button action) [0x00000] in <c055c80802d14a9db359fbdc91eb371c>:0 
  at ShoulderFlashlightMod.ShoulderFlashlightController.HandleToggleInput () [0x00005] in <c653b02de2b04aef933b0671d2b3e246>:0 
  at ShoulderFlashlightMod.ShoulderFlashlightController.Update () [0x00000] in <c653b02de2b04aef933b0671d2b3e246>:0 
 
(Filename: <c055c80802d14a9db359fbdc91eb371c> Line: 0)

NullReferenceException: Object reference not set to an instance of an object
  at GameInput.HasFlag (GameInput+Button action, GameInput+InputStateFlags flag) [0x00009] in <c055c80802d14a9db359fbdc91eb371c>:0 
  at GameInput.GetButtonDown (GameInput+Button action) [0x00000] in <c055c80802d14a9db359fbdc91eb371c>:0 
  at ShoulderFlashlightMod.ShoulderFlashlightController.HandleToggleInput () [0x00005] in <c653b02de2b04aef933b0671d2b3e246>:0 
  at ShoulderFlashlightMod.ShoulderFlashlightController.Update () [0x00000] in <c653b02de2b04aef933b0671d2b3e246>:0 
 
(Filename: <c055c80802d14a9db359fbdc91eb371c> Line: 0)

NullReferenceException: Object reference not set to an instance of an object
  at GameInput.HasFlag (GameInput+Button action, GameInput+InputStateFlags flag) [0x00009] in <c055c80802d14a9db359fbdc91eb371c>:0 
  at GameInput.GetButtonDown (GameInput+Button action) [0x00000] in <c055c80802d14a9db359fbdc91eb371c>:0 
  at ShoulderFlashlightMod.ShoulderFlashlightController.HandleToggleInput () [0x00005] in <c653b02de2b04aef933b0671d2b3e246>:0 
  at ShoulderFlashlightMod.ShoulderFlashlightController.Update () [0x00000] in <c653b02de2b04aef933b0671d2b3e246>:0 
 
(Filename: <c055c80802d14a9db359fbdc91eb371c> Line: 0)

[Info   :FindMyUpdates] EnableAchievements is up-to date. You are using 5.0.0 and the latest available version is 5.0.0
NullReferenceException: Object reference not set to an instance of an object
  at GameInput.HasFlag (GameInput+Button action, GameInput+InputStateFlags flag) [0x00009] in <c055c80802d14a9db359fbdc91eb371c>:0 
  at GameInput.GetButtonDown (GameInput+Button action) [0x00000] in <c055c80802d14a9db359fbdc91eb371c>:0 
  at ShoulderFlashlightMod.ShoulderFlashlightController.HandleToggleInput () [0x00005] in <c653b02de2b04aef933b0671d2b3e246>:0 
  at ShoulderFlashlightMod.ShoulderFlashlightController.Update () [0x00000] in <c653b02de2b04aef933b0671d2b3e246>:0 
 
(Filename: <c055c80802d14a9db359fbdc91eb371c> Line: 0)

NullReferenceException: Object reference not set to an instance of an object
  at GameInput.HasFlag (GameInput+Button action, GameInput+InputStateFlags flag) [0x00009] in <c055c80802d14a9db359fbdc91eb371c>:0 
  at GameInput.GetButtonDown (GameInput+Button action) [0x00000] in <c055c80802d14a9db359fbdc91eb371c>:0 
  at ShoulderFlashlightMod.ShoulderFlashlightController.HandleToggleInput () [0x00005] in <c653b02de2b04aef933b0671d2b3e246>:0 
  at ShoulderFlashlightMod.ShoulderFlashlightController.Update () [0x00000] in <c653b02de2b04aef933b0671d2b3e246>:0 
 
(Filename: <c055c80802d14a9db359fbdc91eb371c> Line: 0)

NullReferenceException: Object reference not set to an instance of an object
  at GameInput.HasFlag (GameInput+Button action, GameInput+InputStateFlags flag) [0x00009] in <c055c80802d14a9db359fbdc91eb371c>:0 
  at GameInput.GetButtonDown (GameInput+Button action) [0x00000] in <c055c80802d14a9db359fbdc91eb371c>:0 
  at ShoulderFlashlightMod.ShoulderFlashlightController.HandleToggleInput () [0x00005] in <c653b02de2b04aef933b0671d2b3e246>:0 
  at ShoulderFlashlightMod.ShoulderFlashlightController.Update () [0x00000] in <c653b02de2b04aef933b0671d2b3e246>:0 
 
(Filename: <c055c80802d14a9db359fbdc91eb371c> Line: 0)

NullReferenceException: Object reference not set to an instance of an object
  at GameInput.HasFlag (GameInput+Button action, GameInput+InputStateFlags flag) [0x00009] in <c055c80802d14a9db359fbdc91eb371c>:0 
  at GameInput.GetButtonDown (GameInput+Button action) [0x00000] in <c055c80802d14a9db359fbdc91eb371c>:0 
  at ShoulderFlashlightMod.ShoulderFlashlightController.HandleToggleInput () [0x00005] in <c653b02de2b04aef933b0671d2b3e246>:0 
  at ShoulderFlashlightMod.ShoulderFlashlightController.Update () [0x00000] in <c653b02de2b04aef933b0671d2b3e246>:0 
 
(Filename: <c055c80802d14a9db359fbdc91eb371c> Line: 0)

AddressablesUtility.LoadSceneAsync loading scene: StartScreen in mode Single 
(Filename: U:\unity1\Runtime/Export/Debug/Debug.bindings.h Line: 39)

NullReferenceException: Object reference not set to an instance of an object
  at GameInput.HasFlag (GameInput+Button action, GameInput+InputStateFlags flag) [0x00009] in <c055c80802d14a9db359fbdc91eb371c>:0 
  at GameInput.GetButtonDown (GameInput+Button action) [0x00000] in <c055c80802d14a9db359fbdc91eb371c>:0 
  at ShoulderFlashlightMod.ShoulderFlashlightController.HandleToggleInput () [0x00005] in <c653b02de2b04aef933b0671d2b3e246>:0 
  at ShoulderFlashlightMod.ShoulderFlashlightController.Update () [0x00000] in <c653b02de2b04aef933b0671d2b3e246>:0 
 
(Filename: <c055c80802d14a9db359fbdc91eb371c> Line: 0)

NullReferenceException: Object reference not set to an instance of an object
  at GameInput.HasFlag (GameInput+Button action, GameInput+InputStateFlags flag) [0x00009] in <c055c80802d14a9db359fbdc91eb371c>:0 
  at GameInput.GetButtonDown (GameInput+Button action) [0x00000] in <c055c80802d14a9db359fbdc91eb371c>:0 
  at ShoulderFlashlightMod.ShoulderFlashlightController.HandleToggleInput () [0x00005] in <c653b02de2b04aef933b0671d2b3e246>:0 
  at ShoulderFlashlightMod.ShoulderFlashlightController.Update () [0x00000] in <c653b02de2b04aef933b0671d2b3e246>:0 
 
(Filename: <c055c80802d14a9db359fbdc91eb371c> Line: 0)

NullReferenceException: Object reference not set to an instance of an object
  at GameInput.HasFlag (GameInput+Button action, GameInput+InputStateFlags flag) [0x00009] in <c055c80802d14a9db359fbdc91eb371c>:0 
  at GameInput.GetButtonDown (GameInput+Button action) [0x00000] in <c055c80802d14a9db359fbdc91eb371c>:0 
  at ShoulderFlashlightMod.ShoulderFlashlightController.HandleToggleInput () [0x00005] in <c653b02de2b04aef933b0671d2b3e246>:0 
  at ShoulderFlashlightMod.ShoulderFlashlightController.Update () [0x00000] in <c653b02de2b04aef933b0671d2b3e246>:0 
 
(Filename: <c055c80802d14a9db359fbdc91eb371c> Line: 0)

NullReferenceException: Object reference not set to an instance of an object
  at GameInput.HasFlag (GameInput+Button action, GameInput+InputStateFlags flag) [0x00009] in <c055c80802d14a9db359fbdc91eb371c>:0 
  at GameInput.GetButtonDown (GameInput+Button action) [0x00000] in <c055c80802d14a9db359fbdc91eb371c>:0 
  at ShoulderFlashlightMod.ShoulderFlashlightController.HandleToggleInput () [0x00005] in <c653b02de2b04aef933b0671d2b3e246>:0 
  at ShoulderFlashlightMod.ShoulderFlashlightController.Update () [0x00000] in <c653b02de2b04aef933b0671d2b3e246>:0 
 
(Filename: <c055c80802d14a9db359fbdc91eb371c> Line: 0)

NullReferenceException: Object reference not set to an instance of an object
  at GameInput.HasFlag (GameInput+Button action, GameInput+InputStateFlags flag) [0x00009] in <c055c80802d14a9db359fbdc91eb371c>:0 
  at GameInput.GetButtonDown (GameInput+Button action) [0x00000] in <c055c80802d14a9db359fbdc91eb371c>:0 
  at ShoulderFlashlightMod.ShoulderFlashlightController.HandleToggleInput () [0x00005] in <c653b02de2b04aef933b0671d2b3e246>:0 
  at ShoulderFlashlightMod.ShoulderFlashlightController.Update () [0x00000] in <c653b02de2b04aef933b0671d2b3e246>:0 
 
(Filename: <c055c80802d14a9db359fbdc91eb371c> Line: 0)

NullReferenceException: Object reference not set to an instance of an object
  at GameInput.HasFlag (GameInput+Button action, GameInput+InputStateFlags flag) [0x00009] in <c055c80802d14a9db359fbdc91eb371c>:0 
  at GameInput.GetButtonDown (GameInput+Button action) [0x00000] in <c055c80802d14a9db359fbdc91eb371c>:0 
  at ShoulderFlashlightMod.ShoulderFlashlightController.HandleToggleInput () [0x00005] in <c653b02de2b04aef933b0671d2b3e246>:0 
  at ShoulderFlashlightMod.ShoulderFlashlightController.Update () [0x00000] in <c653b02de2b04aef933b0671d2b3e246>:0 
 
(Filename: <c055c80802d14a9db359fbdc91eb371c> Line: 0)

NullReferenceException: Object reference not set to an instance of an object
  at GameInput.HasFlag (GameInput+Button action, GameInput+InputStateFlags flag) [0x00009] in <c055c80802d14a9db359fbdc91eb371c>:0 
  at GameInput.GetButtonDown (GameInput+Button action) [0x00000] in <c055c80802d14a9db359fbdc91eb371c>:0 
  at ShoulderFlashlightMod.ShoulderFlashlightController.HandleToggleInput () [0x00005] in <c653b02de2b04aef933b0671d2b3e246>:0 
  at ShoulderFlashlightMod.ShoulderFlashlightController.Update () [0x00000] in <c653b02de2b04aef933b0671d2b3e246>:0 
 
(Filename: <c055c80802d14a9db359fbdc91eb371c> Line: 0)

NullReferenceException: Object reference not set to an instance of an object
  at GameInput.HasFlag (GameInput+Button action, GameInput+InputStateFlags flag) [0x00009] in <c055c80802d14a9db359fbdc91eb371c>:0 
  at GameInput.GetButtonDown (GameInput+Button action) [0x00000] in <c055c80802d14a9db359fbdc91eb371c>:0 
  at ShoulderFlashlightMod.ShoulderFlashlightController.HandleToggleInput () [0x00005] in <c653b02de2b04aef933b0671d2b3e246>:0 
  at ShoulderFlashlightMod.ShoulderFlashlightController.Update () [0x00000] in <c653b02de2b04aef933b0671d2b3e246>:0 
 
(Filename: <c055c80802d14a9db359fbdc91eb371c> Line: 0)

NullReferenceException: Object reference not set to an instance of an object
  at GameInput.HasFlag (GameInput+Button action, GameInput+InputStateFlags flag) [0x00009] in <c055c80802d14a9db359fbdc91eb371c>:0 
  at GameInput.GetButtonDown (GameInput+Button action) [0x00000] in <c055c80802d14a9db359fbdc91eb371c>:0 
  at ShoulderFlashlightMod.ShoulderFlashlightController.HandleToggleInput () [0x00005] in <c653b02de2b04aef933b0671d2b3e246>:0 
  at ShoulderFlashlightMod.ShoulderFlashlightController.Update () [0x00000] in <c653b02de2b04aef933b0671d2b3e246>:0 
 
(Filename: <c055c80802d14a9db359fbdc91eb371c> Line: 0)

NullReferenceException: Object reference not set to an instance of an object
  at GameInput.HasFlag (GameInput+Button action, GameInput+InputStateFlags flag) [0x00009] in <c055c80802d14a9db359fbdc91eb371c>:0 
  at GameInput.GetButtonDown (GameInput+Button action) [0x00000] in <c055c80802d14a9db359fbdc91eb371c>:0 
  at ShoulderFlashlightMod.ShoulderFlashlightController.HandleToggleInput () [0x00005] in <c653b02de2b04aef933b0671d2b3e246>:0 
  at ShoulderFlashlightMod.ShoulderFlashlightController.Update () [0x00000] in <c653b02de2b04aef933b0671d2b3e246>:0 
 
(Filename: <c055c80802d14a9db359fbdc91eb371c> Line: 0)

NullReferenceException: Object reference not set to an instance of an object
  at GameInput.HasFlag (GameInput+Button action, GameInput+InputStateFlags flag) [0x00009] in <c055c80802d14a9db359fbdc91eb371c>:0 
  at GameInput.GetButtonDown (GameInput+Button action) [0x00000] in <c055c80802d14a9db359fbdc91eb371c>:0 
  at ShoulderFlashlightMod.ShoulderFlashlightController.HandleToggleInput () [0x00005] in <c653b02de2b04aef933b0671d2b3e246>:0 
  at ShoulderFlashlightMod.ShoulderFlashlightController.Update () [0x00000] in <c653b02de2b04aef933b0671d2b3e246>:0 
 
(Filename: <c055c80802d14a9db359fbdc91eb371c> Line: 0)

NullReferenceException: Object reference not set to an instance of an object
  at GameInput.HasFlag (GameInput+Button action, GameInput+InputStateFlags flag) [0x00009] in <c055c80802d14a9db359fbdc91eb371c>:0 
  at GameInput.GetButtonDown (GameInput+Button action) [0x00000] in <c055c80802d14a9db359fbdc91eb371c>:0 
  at ShoulderFlashlightMod.ShoulderFlashlightController.HandleToggleInput () [0x00005] in <c653b02de2b04aef933b0671d2b3e246>:0 
  at ShoulderFlashlightMod.ShoulderFlashlightController.Update () [0x00000] in <c653b02de2b04aef933b0671d2b3e246>:0 
 
(Filename: <c055c80802d14a9db359fbdc91eb371c> Line: 0)

NullReferenceException: Object reference not set to an instance of an object
  at GameInput.HasFlag (GameInput+Button action, GameInput+InputStateFlags flag) [0x00009] in <c055c80802d14a9db359fbdc91eb371c>:0 
  at GameInput.GetButtonDown (GameInput+Button action) [0x00000] in <c055c80802d14a9db359fbdc91eb371c>:0 
  at ShoulderFlashlightMod.ShoulderFlashlightController.HandleToggleInput () [0x00005] in <c653b02de2b04aef933b0671d2b3e246>:0 
  at ShoulderFlashlightMod.ShoulderFlashlightController.Update () [0x00000] in <c653b02de2b04aef933b0671d2b3e246>:0 
 
(Filename: <c055c80802d14a9db359fbdc91eb371c> Line: 0)

NullReferenceException: Object reference not set to an instance of an object
  at GameInput.HasFlag (GameInput+Button action, GameInput+InputStateFlags flag) [0x00009] in <c055c80802d14a9db359fbdc91eb371c>:0 
  at GameInput.GetButtonDown (GameInput+Button action) [0x00000] in <c055c80802d14a9db359fbdc91eb371c>:0 
  at ShoulderFlashlightMod.ShoulderFlashlightController.HandleToggleInput () [0x00005] in <c653b02de2b04aef933b0671d2b3e246>:0 
  at ShoulderFlashlightMod.ShoulderFlashlightController.Update () [0x00000] in <c653b02de2b04aef933b0671d2b3e246>:0 
 
(Filename: <c055c80802d14a9db359fbdc91eb371c> Line: 0)

NullReferenceException: Object reference not set to an instance of an object
  at GameInput.HasFlag (GameInput+Button action, GameInput+InputStateFlags flag) [0x00009] in <c055c80802d14a9db359fbdc91eb371c>:0 
  at GameInput.GetButtonDown (GameInput+Button action) [0x00000] in <c055c80802d14a9db359fbdc91eb371c>:0 
  at ShoulderFlashlightMod.ShoulderFlashlightController.HandleToggleInput () [0x00005] in <c653b02de2b04aef933b0671d2b3e246>:0 
  at ShoulderFlashlightMod.ShoulderFlashlightController.Update () [0x00000] in <c653b02de2b04aef933b0671d2b3e246>:0 
 
(Filename: <c055c80802d14a9db359fbdc91eb371c> Line: 0)

NullReferenceException: Object reference not set to an instance of an object
  at GameInput.HasFlag (GameInput+Button action, GameInput+InputStateFlags flag) [0x00009] in <c055c80802d14a9db359fbdc91eb371c>:0 
  at GameInput.GetButtonDown (GameInput+Button action) [0x00000] in <c055c80802d14a9db359fbdc91eb371c>:0 
  at ShoulderFlashlightMod.ShoulderFlashlightController.HandleToggleInput () [0x00005] in <c653b02de2b04aef933b0671d2b3e246>:0 
  at ShoulderFlashlightMod.ShoulderFlashlightController.Update () [0x00000] in <c653b02de2b04aef933b0671d2b3e246>:0 
 
(Filename: <c055c80802d14a9db359fbdc91eb371c> Line: 0)

NullReferenceException: Object reference not set to an instance of an object
  at GameInput.HasFlag (GameInput+Button action, GameInput+InputStateFlags flag) [0x00009] in <c055c80802d14a9db359fbdc91eb371c>:0 
  at GameInput.GetButtonDown (GameInput+Button action) [0x00000] in <c055c80802d14a9db359fbdc91eb371c>:0 
  at ShoulderFlashlightMod.ShoulderFlashlightController.HandleToggleInput () [0x00005] in <c653b02de2b04aef933b0671d2b3e246>:0 
  at ShoulderFlashlightMod.ShoulderFlashlightController.Update () [0x00000] in <c653b02de2b04aef933b0671d2b3e246>:0 
 
(Filename: <c055c80802d14a9db359fbdc91eb371c> Line: 0)

NullReferenceException: Object reference not set to an instance of an object
  at GameInput.HasFlag (GameInput+Button action, GameInput+InputStateFlags flag) [0x00009] in <c055c80802d14a9db359fbdc91eb371c>:0 
  at GameInput.GetButtonDown (GameInput+Button action) [0x00000] in <c055c80802d14a9db359fbdc91eb371c>:0 
  at ShoulderFlashlightMod.ShoulderFlashlightController.HandleToggleInput () [0x00005] in <c653b02de2b04aef933b0671d2b3e246>:0 
  at ShoulderFlashlightMod.ShoulderFlashlightController.Update () [0x00000] in <c653b02de2b04aef933b0671d2b3e246>:0 
 
(Filename: <c055c80802d14a9db359fbdc91eb371c> Line: 0)

NullReferenceException: Object reference not set to an instance of an object
  at GameInput.HasFlag (GameInput+Button action, GameInput+InputStateFlags flag) [0x00009] in <c055c80802d14a9db359fbdc91eb371c>:0 
  at GameInput.GetButtonDown (GameInput+Button action) [0x00000] in <c055c80802d14a9db359fbdc91eb371c>:0 
  at ShoulderFlashlightMod.ShoulderFlashlightController.HandleToggleInput () [0x00005] in <c653b02de2b04aef933b0671d2b3e246>:0 
  at ShoulderFlashlightMod.ShoulderFlashlightController.Update () [0x00000] in <c653b02de2b04aef933b0671d2b3e246>:0 
 
(Filename: <c055c80802d14a9db359fbdc91eb371c> Line: 0)

[Info   :FindMyUpdates] FindMyUpdates is up-to date. You are using 2.0.0 and the latest available version is 2.0.0
NullReferenceException: Object reference not set to an instance of an object
  at GameInput.HasFlag (GameInput+Button action, GameInput+InputStateFlags flag) [0x00009] in <c055c80802d14a9db359fbdc91eb371c>:0 
  at GameInput.GetButtonDown (GameInput+Button action) [0x00000] in <c055c80802d14a9db359fbdc91eb371c>:0 
  at ShoulderFlashlightMod.ShoulderFlashlightController.HandleToggleInput () [0x00005] in <c653b02de2b04aef933b0671d2b3e246>:0 
  at ShoulderFlashlightMod.ShoulderFlashlightController.Update () [0x00000] in <c653b02de2b04aef933b0671d2b3e246>:0 
 
(Filename: <c055c80802d14a9db359fbdc91eb371c> Line: 0)

NullReferenceException: Object reference not set to an instance of an object
  at GameInput.HasFlag (GameInput+Button action, GameInput+InputStateFlags flag) [0x00009] in <c055c80802d14a9db359fbdc91eb371c>:0 
  at GameInput.GetButtonDown (GameInput+Button action) [0x00000] in <c055c80802d14a9db359fbdc91eb371c>:0 
  at ShoulderFlashlightMod.ShoulderFlashlightController.HandleToggleInput () [0x00005] in <c653b02de2b04aef933b0671d2b3e246>:0 
  at ShoulderFlashlightMod.ShoulderFlashlightController.Update () [0x00000] in <c653b02de2b04aef933b0671d2b3e246>:0 
 
(Filename: <c055c80802d14a9db359fbdc91eb371c> Line: 0)

NullReferenceException: Object reference not set to an instance of an object
  at GameInput.HasFlag (GameInput+Button action, GameInput+InputStateFlags flag) [0x00009] in <c055c80802d14a9db359fbdc91eb371c>:0 
  at GameInput.GetButtonDown (GameInput+Button action) [0x00000] in <c055c80802d14a9db359fbdc91eb371c>:0 
  at ShoulderFlashlightMod.ShoulderFlashlightController.HandleToggleInput () [0x00005] in <c653b02de2b04aef933b0671d2b3e246>:0 
  at ShoulderFlashlightMod.ShoulderFlashlightController.Update () [0x00000] in <c653b02de2b04aef933b0671d2b3e246>:0 
 
(Filename: <c055c80802d14a9db359fbdc91eb371c> Line: 0)

NullReferenceException: Object reference not set to an instance of an object
  at GameInput.HasFlag (GameInput+Button action, GameInput+InputStateFlags flag) [0x00009] in <c055c80802d14a9db359fbdc91eb371c>:0 
  at GameInput.GetButtonDown (GameInput+Button action) [0x00000] in <c055c80802d14a9db359fbdc91eb371c>:0 
  at ShoulderFlashlightMod.ShoulderFlashlightController.HandleToggleInput () [0x00005] in <c653b02de2b04aef933b0671d2b3e246>:0 
  at ShoulderFlashlightMod.ShoulderFlashlightController.Update () [0x00000] in <c653b02de2b04aef933b0671d2b3e246>:0 
 
(Filename: <c055c80802d14a9db359fbdc91eb371c> Line: 0)

Unloading 5 Unused Serialized files (Serialized files now loaded: 58)
NullReferenceException: Object reference not set to an instance of an object
  at GameInput.HasFlag (GameInput+Button action, GameInput+InputStateFlags flag) [0x00009] in <c055c80802d14a9db359fbdc91eb371c>:0 
  at GameInput.GetButtonDown (GameInput+Button action) [0x00000] in <c055c80802d14a9db359fbdc91eb371c>:0 
  at ShoulderFlashlightMod.ShoulderFlashlightController.HandleToggleInput () [0x00005] in <c653b02de2b04aef933b0671d2b3e246>:0 
  at ShoulderFlashlightMod.ShoulderFlashlightController.Update () [0x00000] in <c653b02de2b04aef933b0671d2b3e246>:0 
 
(Filename: <c055c80802d14a9db359fbdc91eb371c> Line: 0)

UnloadTime: 0.141000 ms
Initializing Steam services 
(Filename: U:\unity1\Runtime/Export/Debug/Debug.bindings.h Line: 39)

DontDestroyOnLoad only works for root GameObjects or components on root GameObjects. 
(Filename:  Line: 606)

Missing platform services, returning default UI scale. 
(Filename: U:\unity1\Runtime/Export/Debug/Debug.bindings.h Line: 39)

Missing platform services, returning default UI scale. 
(Filename: U:\unity1\Runtime/Export/Debug/Debug.bindings.h Line: 39)

AddressablesUtility.LoadSceneAsync loading scene: MenuEnvironment in mode Additive 
(Filename: U:\unity1\Runtime/Export/Debug/Debug.bindings.h Line: 39)

NullReferenceException: Object reference not set to an instance of an object
  at GameInput.HasFlag (GameInput+Button action, GameInput+InputStateFlags flag) [0x00009] in <c055c80802d14a9db359fbdc91eb371c>:0 
  at GameInput.GetButtonDown (GameInput+Button action) [0x00000] in <c055c80802d14a9db359fbdc91eb371c>:0 
  at ShoulderFlashlightMod.ShoulderFlashlightController.HandleToggleInput () [0x00005] in <c653b02de2b04aef933b0671d2b3e246>:0 
  at ShoulderFlashlightMod.ShoulderFlashlightController.Update () [0x00000] in <c653b02de2b04aef933b0671d2b3e246>:0 
 
(Filename: <c055c80802d14a9db359fbdc91eb371c> Line: 0)

[Info   :FindMyUpdates] KeepInventoryRedux is up-to date. You are using 1.0.0 and the latest available version is 1.0.0

Unloading 543 unused Assets to reduce memory usage. Loaded Objects now: 5722.
Total: 48.656700 ms (FindLiveObjects: 0.451000 ms CreateObjectMapping: 0.241800 ms MarkObjects: 47.549600 ms  DeleteObjects: 0.413400 ms)

NullReferenceException: Object reference not set to an instance of an object
  at GameInput.HasFlag (GameInput+Button action, GameInput+InputStateFlags flag) [0x00009] in <c055c80802d14a9db359fbdc91eb371c>:0 
  at GameInput.GetButtonDown (GameInput+Button action) [0x00000] in <c055c80802d14a9db359fbdc91eb371c>:0 
  at ShoulderFlashlightMod.ShoulderFlashlightController.HandleToggleInput () [0x00005] in <c653b02de2b04aef933b0671d2b3e246>:0 
  at ShoulderFlashlightMod.ShoulderFlashlightController.Update () [0x00000] in <c653b02de2b04aef933b0671d2b3e246>:0 
 
(Filename: <c055c80802d14a9db359fbdc91eb371c> Line: 0)

[Debug  :  Nautilus] Added all custom buttons.
[Error  :FindMyUpdates] Received a mod message with invalid URL: 404 not found! (https://raw.githubusercontent.com/RamuneNeptune/SubnauticaMods/refs/heads/main/Source/RamunesFasterBuilding/Version.json)
[Error  :FindMyUpdates] HTTP/1.1 404 Not Found
[Error  :FindMyUpdates] Received a mod message with invalid URL: 404 not found! (https://raw.githubusercontent.com/RamuneNeptune/SubnauticaMods/refs/heads/main/Source/RamunesFasterCrafting/Version.json)
[Error  :FindMyUpdates] HTTP/1.1 404 Not Found
PrefabDatabase::LoadPrefabDatabase(count: 3336) 
(Filename: U:\unity1\Runtime/Export/Debug/Debug.bindings.h Line: 39)

Caching tech types for 3339 prefabs 
(Filename: U:\unity1\Runtime/Export/Debug/Debug.bindings.h Line: 39)

Waiting for options to load... 
(Filename: U:\unity1\Runtime/Export/Debug/Debug.bindings.h Line: 39)

RegisterSaveGame: load operation for options was not successful. 
(Filename: U:\unity1\Runtime/Export/Debug/Debug.bindings.h Line: 39)

Waiting for slot0000 to load... 
(Filename: U:\unity1\Runtime/Export/Debug/Debug.bindings.h Line: 39)

RegisterSaveGame: Loading GameInfo for slot0000 
(Filename: U:\unity1\Runtime/Export/Debug/Debug.bindings.h Line: 39)

Loading game settings 
(Filename: U:\unity1\Runtime/Export/Debug/Debug.bindings.h Line: 39)

AddressablesUtility.LoadSceneAsync loading scene: XMenu in mode Additive 
(Filename: U:\unity1\Runtime/Export/Debug/Debug.bindings.h Line: 39)

[Info   :FindMyUpdates] RamunesFasterGrowing is up-to date. You are using 1.0.0 and the latest available version is 1.0.0
[UtilitySlots/DEBUG] key: Slot_1, Value: <Keyboard>/1
[UtilitySlots/DEBUG] key: Slot_2, Value: <Keyboard>/2
[UtilitySlots/DEBUG] key: Slot_3, Value: <Keyboard>/3
[UtilitySlots/DEBUG] key: Slot_4, Value: <Keyboard>/4
[UtilitySlots/DEBUG] key: Slot_5, Value: <Keyboard>/5
[UtilitySlots/DEBUG] key: Slot_6, Value: 6
[UtilitySlots/DEBUG] key: Slot_7, Value: 7
[UtilitySlots/DEBUG] key: Slot_8, Value: 8
[UtilitySlots/DEBUG] key: Slot_9, Value: 9
[UtilitySlots/DEBUG] key: Slot_10, Value: 0
[UtilitySlots/DEBUG] key: Slot_11, Value: /
[UtilitySlots/DEBUG] key: Slot_12, Value: =
[UtilitySlots/DEBUG] key: SeamothArmLeft, Value: O
[UtilitySlots/DEBUG] key: SeamothArmRight, Value: P
[UtilitySlots/LOG] Configuration saved.
[UtilitySlots/LOG] Configuration initialized.
[UtilitySlots/DEBUG] Listing Dictionary: ALLSLOTS...
[UtilitySlots/DEBUG] SlotID: SeamothModule1, InternalSlotID: Slot_1, SlotPOS: (-220.0, 126.7), SlotType: OriginalNormal, KeyCodeName: <Keyboard>/1
[UtilitySlots/DEBUG] SlotID: SeamothModule2, InternalSlotID: Slot_2, SlotPOS: (-73.3, 200.0), SlotType: OriginalNormal, KeyCodeName: <Keyboard>/2
[UtilitySlots/DEBUG] SlotID: SeamothModule3, InternalSlotID: Slot_3, SlotPOS: (73.3, 200.0), SlotType: OriginalNormal, KeyCodeName: <Keyboard>/3
[UtilitySlots/DEBUG] SlotID: SeamothModule4, InternalSlotID: Slot_4, SlotPOS: (220.0, 126.7), SlotType: OriginalNormal, KeyCodeName: <Keyboard>/4
[UtilitySlots/DEBUG] SlotID: SeamothModule5, InternalSlotID: Slot_5, SlotPOS: (-220.0, -166.7), SlotType: CloneNormal, KeyCodeName: <Keyboard>/5
[UtilitySlots/DEBUG] SlotID: SeamothModule6, InternalSlotID: Slot_6, SlotPOS: (-73.3, -240.0), SlotType: CloneNormal, KeyCodeName: 6
[UtilitySlots/DEBUG] SlotID: SeamothModule7, InternalSlotID: Slot_7, SlotPOS: (73.3, -240.0), SlotType: CloneNormal, KeyCodeName: 7
[UtilitySlots/DEBUG] SlotID: SeamothModule8, InternalSlotID: Slot_8, SlotPOS: (220.0, -166.7), SlotType: CloneNormal, KeyCodeName: 8
[UtilitySlots/DEBUG] SlotID: SeamothModule9, InternalSlotID: Slot_9, SlotPOS: (-220.0, -382.3), SlotType: CloneNormal, KeyCodeName: 9
[UtilitySlots/DEBUG] SlotID: SeamothModule10, InternalSlotID: Slot_10, SlotPOS: (-73.3, -382.3), SlotType: CloneNormal, KeyCodeName: 0
[UtilitySlots/DEBUG] SlotID: SeamothModule11, InternalSlotID: Slot_11, SlotPOS: (73.3, -382.3), SlotType: CloneNormal, KeyCodeName: /
[UtilitySlots/DEBUG] SlotID: SeamothModule12, InternalSlotID: Slot_12, SlotPOS: (220.0, -382.3), SlotType: CloneNormal, KeyCodeName: =
[UtilitySlots/DEBUG] SlotID: SeamothArmLeft, InternalSlotID: SeamothArmLeft, SlotPOS: (-220.0, -20.0), SlotType: CloneArmLeft, KeyCodeName: O
[UtilitySlots/DEBUG] SlotID: SeamothArmRight, InternalSlotID: SeamothArmRight, SlotPOS: (220.0, -20.0), SlotType: CloneArmRight, KeyCodeName: P
[UtilitySlots/DEBUG] SlotID: ExosuitArmLeft, InternalSlotID: ExosuitArmLeft, SlotPOS: (-220.0, -20.0), SlotType: OriginalArmLeft, KeyCodeName: 
[UtilitySlots/DEBUG] SlotID: ExosuitArmRight, InternalSlotID: ExosuitArmRight, SlotPOS: (220.0, -20.0), SlotType: OriginalArmRight, KeyCodeName: 
[UtilitySlots/DEBUG] SlotID: ExosuitModule1, InternalSlotID: Slot_1, SlotPOS: (-220.0, 126.7), SlotType: OriginalNormal, KeyCodeName: <Keyboard>/1
[UtilitySlots/DEBUG] SlotID: ExosuitModule2, InternalSlotID: Slot_2, SlotPOS: (-73.3, 200.0), SlotType: OriginalNormal, KeyCodeName: <Keyboard>/2
[UtilitySlots/DEBUG] SlotID: ExosuitModule3, InternalSlotID: Slot_3, SlotPOS: (73.3, 200.0), SlotType: OriginalNormal, KeyCodeName: <Keyboard>/3
[UtilitySlots/DEBUG] SlotID: ExosuitModule4, InternalSlotID: Slot_4, SlotPOS: (220.0, 126.7), SlotType: OriginalNormal, KeyCodeName: <Keyboard>/4
[UtilitySlots/DEBUG] SlotID: ExosuitModule5, InternalSlotID: Slot_5, SlotPOS: (-220.0, -166.7), SlotType: CloneNormal, KeyCodeName: <Keyboard>/5
[UtilitySlots/DEBUG] SlotID: ExosuitModule6, InternalSlotID: Slot_6, SlotPOS: (-73.3, -240.0), SlotType: CloneNormal, KeyCodeName: 6
[UtilitySlots/DEBUG] SlotID: ExosuitModule7, InternalSlotID: Slot_7, SlotPOS: (73.3, -240.0), SlotType: CloneNormal, KeyCodeName: 7
[UtilitySlots/DEBUG] SlotID: ExosuitModule8, InternalSlotID: Slot_8, SlotPOS: (220.0, -166.7), SlotType: CloneNormal, KeyCodeName: 8
[UtilitySlots/DEBUG] SlotID: ExosuitModule9, InternalSlotID: Slot_9, SlotPOS: (-220.0, -382.3), SlotType: CloneNormal, KeyCodeName: 9
[UtilitySlots/DEBUG] SlotID: ExosuitModule10, InternalSlotID: Slot_10, SlotPOS: (-73.3, -382.3), SlotType: CloneNormal, KeyCodeName: 0
[UtilitySlots/DEBUG] SlotID: ExosuitModule11, InternalSlotID: Slot_11, SlotPOS: (73.3, -382.3), SlotType: CloneNormal, KeyCodeName: /
[UtilitySlots/DEBUG] SlotID: ExosuitModule12, InternalSlotID: Slot_12, SlotPOS: (220.0, -382.3), SlotType: CloneNormal, KeyCodeName: =
[UtilitySlots] DelayedInit complete. 
(Filename: U:\unity1\Runtime/Export/Debug/Debug.bindings.h Line: 39)

[UtilitySlots/DEBUG] key: Slot_1, Value: <Keyboard>/1
[UtilitySlots/DEBUG] key: Slot_2, Value: <Keyboard>/2
[UtilitySlots/DEBUG] key: Slot_3, Value: <Keyboard>/3
[UtilitySlots/DEBUG] key: Slot_4, Value: <Keyboard>/4
[UtilitySlots/DEBUG] key: Slot_5, Value: <Keyboard>/5
[UtilitySlots/DEBUG] key: Slot_6, Value: 6
[UtilitySlots/DEBUG] key: Slot_7, Value: 7
[UtilitySlots/DEBUG] key: Slot_8, Value: 8
[UtilitySlots/DEBUG] key: Slot_9, Value: 9
[UtilitySlots/DEBUG] key: Slot_10, Value: 0
[UtilitySlots/DEBUG] key: Slot_11, Value: /
[UtilitySlots/DEBUG] key: Slot_12, Value: =
[UtilitySlots/DEBUG] key: SeamothArmLeft, Value: O
[UtilitySlots/DEBUG] key: SeamothArmRight, Value: P
[UtilitySlots/LOG] Configuration saved.
[UtilitySlots/LOG] Configuration initialized.
[UtilitySlots/DEBUG] Listing Dictionary: ALLSLOTS...
[UtilitySlots/DEBUG] SlotID: SeamothModule1, InternalSlotID: Slot_1, SlotPOS: (-220.0, 126.7), SlotType: OriginalNormal, KeyCodeName: <Keyboard>/1
[UtilitySlots/DEBUG] SlotID: SeamothModule2, InternalSlotID: Slot_2, SlotPOS: (-73.3, 200.0), SlotType: OriginalNormal, KeyCodeName: <Keyboard>/2
[UtilitySlots/DEBUG] SlotID: SeamothModule3, InternalSlotID: Slot_3, SlotPOS: (73.3, 200.0), SlotType: OriginalNormal, KeyCodeName: <Keyboard>/3
[UtilitySlots/DEBUG] SlotID: SeamothModule4, InternalSlotID: Slot_4, SlotPOS: (220.0, 126.7), SlotType: OriginalNormal, KeyCodeName: <Keyboard>/4
[UtilitySlots/DEBUG] SlotID: SeamothModule5, InternalSlotID: Slot_5, SlotPOS: (-220.0, -166.7), SlotType: CloneNormal, KeyCodeName: <Keyboard>/5
[UtilitySlots/DEBUG] SlotID: SeamothModule6, InternalSlotID: Slot_6, SlotPOS: (-73.3, -240.0), SlotType: CloneNormal, KeyCodeName: 6
[UtilitySlots/DEBUG] SlotID: SeamothModule7, InternalSlotID: Slot_7, SlotPOS: (73.3, -240.0), SlotType: CloneNormal, KeyCodeName: 7
[UtilitySlots/DEBUG] SlotID: SeamothModule8, InternalSlotID: Slot_8, SlotPOS: (220.0, -166.7), SlotType: CloneNormal, KeyCodeName: 8
[UtilitySlots/DEBUG] SlotID: SeamothModule9, InternalSlotID: Slot_9, SlotPOS: (-220.0, -382.3), SlotType: CloneNormal, KeyCodeName: 9
[UtilitySlots/DEBUG] SlotID: SeamothModule10, InternalSlotID: Slot_10, SlotPOS: (-73.3, -382.3), SlotType: CloneNormal, KeyCodeName: 0
[UtilitySlots/DEBUG] SlotID: SeamothModule11, InternalSlotID: Slot_11, SlotPOS: (73.3, -382.3), SlotType: CloneNormal, KeyCodeName: /
[UtilitySlots/DEBUG] SlotID: SeamothModule12, InternalSlotID: Slot_12, SlotPOS: (220.0, -382.3), SlotType: CloneNormal, KeyCodeName: =
[UtilitySlots/DEBUG] SlotID: SeamothArmLeft, InternalSlotID: SeamothArmLeft, SlotPOS: (-220.0, -20.0), SlotType: CloneArmLeft, KeyCodeName: O
[UtilitySlots/DEBUG] SlotID: SeamothArmRight, InternalSlotID: SeamothArmRight, SlotPOS: (220.0, -20.0), SlotType: CloneArmRight, KeyCodeName: P
[UtilitySlots/DEBUG] SlotID: ExosuitArmLeft, InternalSlotID: ExosuitArmLeft, SlotPOS: (-220.0, -20.0), SlotType: OriginalArmLeft, KeyCodeName: 
[UtilitySlots/DEBUG] SlotID: ExosuitArmRight, InternalSlotID: ExosuitArmRight, SlotPOS: (220.0, -20.0), SlotType: OriginalArmRight, KeyCodeName: 
[UtilitySlots/DEBUG] SlotID: ExosuitModule1, InternalSlotID: Slot_1, SlotPOS: (-220.0, 126.7), SlotType: OriginalNormal, KeyCodeName: <Keyboard>/1
[UtilitySlots/DEBUG] SlotID: ExosuitModule2, InternalSlotID: Slot_2, SlotPOS: (-73.3, 200.0), SlotType: OriginalNormal, KeyCodeName: <Keyboard>/2
[UtilitySlots/DEBUG] SlotID: ExosuitModule3, InternalSlotID: Slot_3, SlotPOS: (73.3, 200.0), SlotType: OriginalNormal, KeyCodeName: <Keyboard>/3
[UtilitySlots/DEBUG] SlotID: ExosuitModule4, InternalSlotID: Slot_4, SlotPOS: (220.0, 126.7), SlotType: OriginalNormal, KeyCodeName: <Keyboard>/4
[UtilitySlots/DEBUG] SlotID: ExosuitModule5, InternalSlotID: Slot_5, SlotPOS: (-220.0, -166.7), SlotType: CloneNormal, KeyCodeName: <Keyboard>/5
[UtilitySlots/DEBUG] SlotID: ExosuitModule6, InternalSlotID: Slot_6, SlotPOS: (-73.3, -240.0), SlotType: CloneNormal, KeyCodeName: 6
[UtilitySlots/DEBUG] SlotID: ExosuitModule7, InternalSlotID: Slot_7, SlotPOS: (73.3, -240.0), SlotType: CloneNormal, KeyCodeName: 7
[UtilitySlots/DEBUG] SlotID: ExosuitModule8, InternalSlotID: Slot_8, SlotPOS: (220.0, -166.7), SlotType: CloneNormal, KeyCodeName: 8
[UtilitySlots/DEBUG] SlotID: ExosuitModule9, InternalSlotID: Slot_9, SlotPOS: (-220.0, -382.3), SlotType: CloneNormal, KeyCodeName: 9
[UtilitySlots/DEBUG] SlotID: ExosuitModule10, InternalSlotID: Slot_10, SlotPOS: (-73.3, -382.3), SlotType: CloneNormal, KeyCodeName: 0
[UtilitySlots/DEBUG] SlotID: ExosuitModule11, InternalSlotID: Slot_11, SlotPOS: (73.3, -382.3), SlotType: CloneNormal, KeyCodeName: /
[UtilitySlots/DEBUG] SlotID: ExosuitModule12, InternalSlotID: Slot_12, SlotPOS: (220.0, -382.3), SlotType: CloneNormal, KeyCodeName: =
[UtilitySlots] DelayedInit complete. 
(Filename: U:\unity1\Runtime/Export/Debug/Debug.bindings.h Line: 39)

changeset 83031, QualityLevel = 2 
(Filename: U:\unity1\Runtime/Export/Debug/Debug.bindings.h Line: 39)

OK Running Win64 
(Filename: U:\unity1\Runtime/Export/Debug/Debug.bindings.h Line: 39)

Application version: 1.22.83031 
(Filename: U:\unity1\Runtime/Export/Debug/Debug.bindings.h Line: 39)

SystemInfo: 
 deviceModel = B550M DS3H (Gigabyte Technology Co., Ltd.)
 deviceName = NEW-PC-AMD-2020
 deviceType = Desktop
 deviceUniqueIdentifier = 315eb632f815140dbd22bf845822eb3d0ee16cab
 graphicsDeviceID = 9476
 graphicsDeviceName = NVIDIA GeForce RTX 3060
 graphicsDeviceType = Direct3D11
 graphicsDeviceVendor = NVIDIA
 graphicsDeviceVendorID = 4318
 graphicsDeviceVersion = Direct3D 11.0 [level 11.1]
 graphicsMemorySize = 12113
 graphicsShaderLevel = 50
 npotSupport = Full
 maxTextureSize = 16384
 operatingSystem = Windows 10  (10.0.19045) 64bit
 processorCount = 12
 processorFrequency = 3593
 processorType = AMD Ryzen 5 5500 
 supportedRenderTargetCount = 8
 supports3DTextures = True
 supportsAccelerometer = False
 supportsComputeShaders = True
 supportsGyroscope = False
 supportsImageEffects = True
 supportsInstancing = True
 supportsLocationService = False
 supportsRawShadowDepthSampling = True
 supportsRenderTextures = True
 supportsRenderToCubemap = True
 supportsShadows = True
 supportsSparseTextures = True
 supportsStencil = 1
 supportsVibration = False
 systemMemorySize = 49001
 
(Filename: U:\unity1\Runtime/Export/Debug/Debug.bindings.h Line: 39)

[Error  :FindMyUpdates] Received a mod message with invalid URL: 404 not found! (https://raw.githubusercontent.com/RamuneNeptune/SubnauticaMods/refs/heads/main/Source/RamunesFasterScanning/Version.json)
[Error  :FindMyUpdates] HTTP/1.1 404 Not Found
[Warning:FindMyUpdates] AutoHarvest is outdated. You are using 0.4.4 and the latest available version is 0.6.0
[Warning:FindMyUpdates] Craft From Containers is outdated. You are using 0.3.3 and the latest available version is 0.3.4
[Info   :FindMyUpdates] Inventory Size is up-to date. You are using 0.2.2 and the latest available version is 0.2.2
[Info   :FindMyUpdates] UtilitySlots is up-to date. You are using 1.0.0 and the latest available version is 1.0.0.0
[Info   :FindMyUpdates] Quick Slots Plus is up-to date. You are using 3.0.0 and the latest available version is 3.0.0
[Info   :FindMyUpdates] SubnauticaModManager for BepInEx is up-to date. You are using 1.2.4 and the latest available version is 1.2.4
[Info   :FindMyUpdates] Nautilus is up-to date. You are using 1.0.0.50 and the latest available version is 1.0.0-pre.50
[Info   :FindMyUpdates] Resources from Scanning is up-to date. You are using 1.4 and the latest available version is 1.4
[Info   :FindMyUpdates] MoreChipSlots is up-to date. You are using 1.0.0.0 and the latest available version is 1.0.0.0d
[Info   :FindMyUpdates] Tweaks and Fixes is up-to date. You are using 4.17.1 and the latest available version is 4.17.1
[Info   :FindMyUpdates] EasyCraft is up-to date. You are using 1.1.6 and the latest available version is 1.1.6
Fallback handler could not load library D:/SteamLibrary/steamapps/common/Subnautica/Subnautica_Data/Mono/data-000002AB52A65040.dll
Setting up 6 worker threads for Enlighten.
  Thread -> id: 1d544 -> priority: 1 
  Thread -> id: 1fd20 -> priority: 1 
  Thread -> id: 1fb20 -> priority: 1 
  Thread -> id: 4510 -> priority: 1 
  Thread -> id: 1c7c4 -> priority: 1 
  Thread -> id: 1e188 -> priority: 1 
 
(Filename:  Line: -1)

